time,lat,lon,depth_km,mag,FI_S,label
2015-08-03 14:56:47.810000+00:00,56.051729,160.607292,30.49,1.42,-100.0,1
2015-08-05 02:33:26.280000+00:00,56.027136,160.655599,31.35,2.01,-100.0,2
2015-08-06 02:11:34.860000+00:00,56.03822,160.563005,29.36,1.97,-0.481,1
2015-08-06 08:01:51.920000+00:00,56.051261,160.605957,29.73,1.96,-0.559,1
2015-08-06 10:07:05.340000+00:00,56.067623,160.550732,43.55,1.86,-0.666,1
2015-08-06 13:44:12.140000+00:00,56.072233,160.510596,42.27,1.89,-0.735,1
2015-08-06 21:33:44.900000+00:00,56.045638,160.593685,28.34,2.02,-100.0,1
2015-08-07 00:31:16.420000+00:00,56.00096,160.676432,58.46,1.94,-0.54,1
2015-08-07 02:25:25.950000+00:00,56.055448,160.616016,31.54,1.86,-0.613,1
2015-08-07 03:15:33.960000+00:00,56.043144,160.615137,-1.25,1.74,-0.608,1
2015-08-07 05:29:12.220000+00:00,56.051546,160.606104,30.13,1.92,-0.301,1
2015-08-07 06:16:06.680000+00:00,56.008097,160.681852,34.14,1.55,-100.0,1
2015-08-07 06:58:02.740000+00:00,56.057397,160.609033,31.82,1.8,-0.469,1
2015-08-07 08:20:15.360000+00:00,56.039372,160.592074,27.23,1.58,-0.437,1
2015-08-07 09:30:47.830000+00:00,56.008525,160.67679,33.69,1.35,-100.0,1
2015-08-07 09:41:38.750000+00:00,56.051278,160.601351,30.35,1.64,-0.616,1
2015-08-07 11:37:17.990000+00:00,56.046973,160.600944,29.54,1.54,-0.526,1
2015-08-07 12:48:50.880000+00:00,56.042167,160.560173,27.73,1.14,-100.0,1
2015-08-07 14:15:02.500000+00:00,56.080033,160.576221,44.28,1.35,-0.473,1
2015-08-07 15:33:38.080000+00:00,56.048905,160.602002,28.58,1.7,-0.668,1
2015-08-07 15:51:03.170000+00:00,56.065686,160.543538,42.04,1.07,-100.0,1
2015-08-07 16:54:13.210000+00:00,56.051099,160.615316,-1.35,1.5,-0.346,1
2015-08-07 18:26:59.800000+00:00,56.052295,160.606755,28.92,1.75,-0.621,1
2015-08-07 19:38:18.880000+00:00,56.057621,160.609115,32.43,1.41,-0.192,1
2015-08-07 19:39:57.320000+00:00,55.820544,160.5375,4.97,1.41,-0.063,1
2015-08-07 20:54:46.240000+00:00,56.010836,160.526156,31.63,1.47,-0.415,1
2015-08-07 22:16:51.860000+00:00,56.046139,160.591862,26.74,1.0,-100.0,1
2015-08-07 23:09:57.180000+00:00,56.055876,160.627734,4.57,1.67,-0.569,1
2015-08-08 02:10:56.770000+00:00,56.073718,160.632845,35.89,1.87,-0.56,1
2015-08-08 02:40:43.600000+00:00,56.046155,160.590658,26.94,1.6,-0.604,1
2015-08-08 03:13:39.580000+00:00,56.052987,160.6007,32.74,1.29,-0.631,1
2015-08-08 04:07:11.830000+00:00,56.060612,160.618034,37.82,1.68,-0.63,1
2015-08-08 04:43:03.040000+00:00,56.048193,160.533594,34.94,1.26,-0.715,1
2015-08-08 05:14:42.990000+00:00,55.676762,160.436719,6.06,1.16,-0.022,1
2015-08-08 05:25:09.970000+00:00,56.055184,160.583366,35.78,1.59,-0.437,1
2015-08-08 06:13:23.670000+00:00,56.040666,160.589404,26.03,1.39,-0.815,1
2015-08-08 07:17:30.270000+00:00,56.04578,160.600293,27.78,1.87,-0.714,1
2015-08-08 08:28:34.340000+00:00,56.017607,160.686589,59.62,1.43,-0.475,1
2015-08-08 08:58:51.900000+00:00,56.046623,160.627865,-1.12,1.06,-100.0,1
2015-08-08 09:30:22.710000+00:00,56.060958,160.614893,33.45,1.26,-100.0,1
2015-08-08 09:55:30.660000+00:00,56.04954,160.611247,28.06,1.48,-0.624,1
2015-08-08 10:18:24.440000+00:00,56.052189,160.620671,-0.04,1.27,-0.594,1
2015-08-08 11:13:04.500000+00:00,56.060844,160.609082,35.88,1.69,-0.441,1
2015-08-08 12:12:49.590000+00:00,56.032235,160.569564,25.74,1.36,-0.662,1
2015-08-08 12:26:20.170000+00:00,55.711369,160.43999,12.97,1.11,-0.033,1
2015-08-08 12:27:11.840000+00:00,56.028369,160.577246,24.91,0.99,-100.0,1
2015-08-08 13:29:08.440000+00:00,56.070915,160.770736,17.6,1.44,-1.046,1
2015-08-08 13:43:36.750000+00:00,56.061983,160.609359,35.11,1.46,-0.63,1
2015-08-08 13:52:35.150000+00:00,56.154097,160.884277,23.14,2.09,-0.101,1
2015-08-08 14:18:23.940000+00:00,56.049117,160.596191,29.93,1.19,-0.695,1
2015-08-08 14:36:15.510000+00:00,56.049166,160.608398,33.0,0.74,-100.0,1
2015-08-08 15:00:14.560000+00:00,56.048283,160.599154,29.42,1.29,-100.0,1
2015-08-08 15:05:27.460000+00:00,55.699805,160.392253,16.08,0.48,-0.091,1
2015-08-08 15:18:47.870000+00:00,55.931714,160.695882,7.1,0.41,-0.002,1
2015-08-08 16:29:37.350000+00:00,56.051164,160.599609,30.5,1.4,-0.596,1
2015-08-08 16:38:51.880000+00:00,56.048466,160.598958,29.12,1.23,-0.671,1
2015-08-08 16:58:42.490000+00:00,56.050208,160.493441,1.35,1.02,-0.562,1
2015-08-08 17:28:30.500000+00:00,56.049361,160.597005,28.62,1.38,-0.917,1
2015-08-08 17:56:59.860000+00:00,56.042061,160.583789,26.91,1.18,-0.692,1
2015-08-08 18:35:07.340000+00:00,55.981673,160.494466,22.13,0.81,-100.0,1
2015-08-08 18:38:53.560000+00:00,56.051746,160.543978,43.92,0.78,-0.623,1
2015-08-08 18:56:36.440000+00:00,56.047921,160.59541,27.5,1.14,-0.517,1
2015-08-08 19:35:58.120000+00:00,56.046257,160.592236,27.76,1.33,-0.612,1
2015-08-08 19:42:02.840000+00:00,56.048433,160.582536,30.45,0.71,-100.0,1
2015-08-08 20:19:34.940000+00:00,56.053723,160.60612,30.87,1.41,-0.868,1
2015-08-08 20:26:46.160000+00:00,56.054232,160.607389,31.22,1.16,-0.638,1
2015-08-08 21:22:29.240000+00:00,56.065788,160.639079,32.34,1.14,-0.621,1
2015-08-08 21:54:39.520000+00:00,56.053349,160.611377,30.51,1.76,-0.578,1
2015-08-08 22:23:44+00:00,56.053174,160.597038,30.49,1.21,-0.634,1
2015-08-08 22:41:13.540000+00:00,56.05037,160.60153,30.4,1.23,-0.888,1
2015-08-08 23:22:58.320000+00:00,56.052124,160.618327,-0.13,1.22,-0.59,1
2015-08-08 23:46:22.820000+00:00,56.052625,160.605843,30.05,0.83,-100.0,1
2015-08-08 23:50:54.320000+00:00,56.009473,160.544906,11.36,1.11,-0.534,1
2015-08-09 00:20:29.470000+00:00,56.057735,160.60944,34.47,0.89,-0.654,1
2015-08-09 00:36:14.200000+00:00,55.705334,160.44847,11.91,1.13,-0.098,1
2015-08-09 00:43:26+00:00,55.719609,160.47111,11.19,0.86,-0.036,1
2015-08-09 01:19:47.600000+00:00,56.05142,160.620378,-1.36,1.89,-0.891,1
2015-08-09 01:21:41.310000+00:00,56.050724,160.603223,30.69,1.66,-0.531,1
2015-08-09 01:30:01.630000+00:00,56.031327,160.584131,25.46,0.75,-0.736,1
2015-08-09 01:43:02.600000+00:00,56.058036,160.611882,32.11,1.28,-0.703,1
2015-08-09 01:55:28.420000+00:00,56.060787,160.629395,34.35,0.93,-0.764,1
2015-08-09 02:33:13.480000+00:00,56.053898,160.606738,31.77,1.21,-0.673,1
2015-08-09 02:59:22.970000+00:00,55.68995,160.405355,14.62,1.33,-0.002,1
2015-08-09 03:13:49.730000+00:00,56.039258,160.601383,27.5,1.39,-0.545,1
2015-08-09 03:21:27.260000+00:00,56.150659,160.566455,19.31,1.06,-0.434,1
2015-08-09 03:37:06.280000+00:00,56.069039,160.625879,36.04,0.9,-0.801,1
2015-08-09 03:50:00.120000+00:00,56.062158,160.617122,34.27,1.02,-0.81,1
2015-08-09 04:19:45.480000+00:00,55.660299,160.420052,12.94,0.56,-100.0,1
2015-08-09 04:49:00.710000+00:00,56.050948,160.607357,31.12,1.4,-0.542,1
2015-08-09 05:57:08.070000+00:00,56.059908,160.612826,31.46,1.06,-0.582,1
2015-08-09 07:29:06.450000+00:00,56.058875,160.605452,35.15,1.53,-0.592,1
2015-08-09 07:40:40.110000+00:00,56.054838,160.613949,34.34,1.26,-0.61,1
2015-08-09 08:09:49.310000+00:00,55.722274,160.456348,9.94,0.72,-0.087,1
2015-08-09 08:28:44.680000+00:00,56.047974,160.606673,29.93,1.4,-0.657,1
2015-08-09 09:01:09.320000+00:00,56.05693,160.615576,31.33,1.03,-0.736,1
2015-08-09 09:06:00.580000+00:00,56.043815,160.61984,37.17,1.12,-100.0,1
2015-08-09 09:52:37.920000+00:00,56.050773,160.606689,30.9,1.5,-0.625,1
2015-08-09 10:06:14.250000+00:00,55.697335,160.452262,12.06,0.75,-0.098,1
2015-08-09 10:31:55.520000+00:00,56.049455,160.607682,28.08,0.82,-0.649,1
2015-08-09 11:19:25.830000+00:00,56.041992,160.58999,27.16,1.27,-0.666,1
2015-08-09 11:39:24.520000+00:00,56.070524,160.614941,38.82,0.86,-0.661,1
2015-08-09 12:03:55.240000+00:00,56.044291,160.602165,29.7,1.14,-0.774,1
2015-08-09 13:22:17.350000+00:00,56.052584,160.606283,30.53,1.62,-0.655,1
2015-08-09 13:42:04.080000+00:00,56.056002,160.620231,32.23,1.15,-0.633,1
2015-08-09 14:19:30.020000+00:00,56.047953,160.59554,28.79,1.27,-0.685,1
2015-08-09 14:29:16.770000+00:00,56.062533,160.625879,35.06,1.25,-0.687,1
2015-08-09 14:33:21.320000+00:00,56.048283,160.619043,-0.45,1.05,-0.652,1
2015-08-09 14:38:10.990000+00:00,56.032088,160.50848,27.28,1.16,-0.838,1
2015-08-09 15:08:01.260000+00:00,56.061292,160.624561,33.91,1.23,-0.804,1
2015-08-09 15:48:19.320000+00:00,56.054476,160.604167,31.76,1.59,-0.719,1
2015-08-09 16:22:16.310000+00:00,56.049361,160.602767,29.8,1.25,-0.663,1
2015-08-09 16:34:59.710000+00:00,56.166211,160.40599,8.39,0.63,-100.0,1
2015-08-09 16:52:20.150000+00:00,56.052775,160.611865,31.25,1.16,-0.775,1
2015-08-09 17:08:09.280000+00:00,55.83892,160.3736,5.54,1.68,-0.955,1
2015-08-09 17:29:07.440000+00:00,56.048869,160.607048,30.6,1.15,-0.769,1
2015-08-09 17:46:46.700000+00:00,55.888359,160.408447,7.23,0.52,-100.0,1
2015-08-09 18:05:22.800000+00:00,56.061051,160.624056,33.03,1.64,-0.558,1
2015-08-09 18:36:12.480000+00:00,56.048368,160.613704,31.28,0.99,-0.485,1
2015-08-09 18:39:56.700000+00:00,56.131051,160.449219,5.09,0.38,-0.304,1
2015-08-09 18:57:49.620000+00:00,56.048869,160.594271,28.03,1.04,-0.673,1
2015-08-09 19:38:32.060000+00:00,56.051322,160.607308,30.03,1.48,-0.714,1
2015-08-09 20:28:38.440000+00:00,55.675521,160.414518,12.33,0.61,-100.0,1
2015-08-09 20:32:06.040000+00:00,56.056482,160.613298,34.04,1.44,-0.558,1
2015-08-09 20:41:38.680000+00:00,56.112138,160.439307,8.01,0.24,-0.535,1
2015-08-09 20:50:24.580000+00:00,56.15837,160.882015,22.99,1.47,0.018,1
2015-08-09 21:40:27.520000+00:00,56.060266,160.614616,33.41,1.35,-0.739,1
2015-08-09 23:21:38.300000+00:00,55.79266,160.450293,0.02,0.61,-0.223,1
2015-08-09 23:24:57.360000+00:00,56.051493,160.601042,30.75,1.48,-0.534,1
2015-08-10 00:34:26.300000+00:00,56.047587,160.607275,31.61,1.1,-0.531,1
2015-08-10 01:44:24.290000+00:00,55.8644,160.419352,8.57,0.73,-0.493,1
2015-08-10 02:17:29.320000+00:00,56.047982,160.589714,30.19,1.56,-0.586,1
2015-08-10 02:34:04.480000+00:00,56.192204,160.404346,9.32,0.46,-100.0,1
2015-08-10 02:43:03.850000+00:00,56.061511,160.601676,30.7,1.43,-0.612,1
2015-08-10 03:40:57.090000+00:00,56.13689,160.879329,25.17,1.64,-100.0,1
2015-08-10 04:06:25.020000+00:00,56.055168,160.61958,35.27,1.41,-0.408,1
2015-08-10 04:22:43.810000+00:00,55.523258,160.291683,32.89,2.16,-100.0,1
2015-08-10 04:34:02.950000+00:00,56.136308,160.880615,24.12,1.52,-0.207,1
2015-08-10 05:04:36.560000+00:00,56.038672,160.531038,32.44,1.04,-0.622,1
2015-08-10 06:14:15.530000+00:00,56.04952,160.597607,32.07,1.29,-0.53,1
2015-08-10 07:27:19.880000+00:00,56.06051,160.556104,14.01,0.83,-0.377,1
2015-08-10 07:53:22.930000+00:00,55.674585,160.139925,24.17,1.66,-0.015,1
2015-08-10 07:55:20.320000+00:00,55.577222,160.626807,42.14,1.47,-100.0,1
2015-08-10 09:01:14.260000+00:00,56.058419,160.5861,35.69,1.55,-0.519,1
2015-08-10 09:12:07.410000+00:00,56.044495,160.599072,28.21,1.48,-0.579,1
2015-08-10 09:30:41.550000+00:00,56.048853,160.601969,28.96,1.49,-0.737,1
2015-08-10 10:39:00.520000+00:00,56.045264,160.60778,29.21,1.13,-0.652,1
2015-08-10 10:59:06.500000+00:00,56.049178,160.603451,29.72,1.41,-0.644,1
2015-08-10 11:07:32.680000+00:00,56.213383,160.803206,-1.23,1.32,-100.0,1
2015-08-10 11:08:45.650000+00:00,56.229614,160.839762,23.9,1.44,0.062,1
2015-08-10 11:11:27.040000+00:00,56.173356,160.899447,22.87,2.05,0.042,1
2015-08-10 12:03:24.960000+00:00,56.053349,160.616357,30.55,1.58,-0.498,1
2015-08-10 12:32:52.960000+00:00,55.507088,160.297965,44.33,1.24,-100.0,1
2015-08-10 12:56:07.080000+00:00,56.129834,160.454427,0.54,0.66,-100.0,1
2015-08-10 13:43:12.570000+00:00,56.046281,160.600016,29.93,1.35,-0.636,1
2015-08-10 15:26:13.830000+00:00,56.051607,160.59598,29.47,1.43,-0.542,1
2015-08-10 16:03:59.230000+00:00,56.048303,160.588265,28.89,1.22,-100.0,1
2015-08-10 16:40:50.090000+00:00,55.739848,160.45166,12.93,0.67,-0.105,1
2015-08-10 16:45:24.260000+00:00,56.051404,160.604297,31.0,1.39,-0.786,1
2015-08-10 17:42:46.840000+00:00,55.852421,160.350439,2.93,0.17,-100.0,1
2015-08-10 18:21:45.560000+00:00,56.055688,160.601123,32.07,1.63,-0.642,1
2015-08-10 18:21:48.640000+00:00,56.050366,160.596468,35.68,1.8,-0.642,1
2015-08-10 18:39:57.080000+00:00,55.841036,160.39082,17.27,0.46,-100.0,1
2015-08-10 18:58:40.680000+00:00,56.061833,160.643164,9.56,1.26,-0.747,1
2015-08-10 19:56:01.720000+00:00,56.02089,160.600049,23.55,0.87,-0.716,1
2015-08-10 21:31:25.580000+00:00,56.045846,160.598828,29.49,1.3,-0.646,1
2015-08-10 21:49:38.040000+00:00,55.907987,160.674658,1.03,1.11,-100.0,1
2015-08-10 23:38:11.560000+00:00,56.053333,160.604183,30.71,1.48,-0.892,1
2015-08-10 23:48:07.440000+00:00,55.905123,160.667025,1.51,1.03,-100.0,1
2015-08-11 02:30:03.900000+00:00,55.82915,160.37111,0.6,0.52,-100.0,1
2015-08-11 03:55:19.890000+00:00,56.04268,160.591455,27.09,0.94,-0.702,1
2015-08-11 03:59:14.350000+00:00,55.699451,160.416471,8.81,0.92,-0.291,1
2015-08-11 06:41:44.320000+00:00,56.050464,160.607829,29.75,1.97,-0.811,1
2015-08-11 07:34:50.140000+00:00,56.156771,160.844661,21.79,1.56,0.017,1
2015-08-11 09:42:04.820000+00:00,55.816471,160.361995,-1.1,0.94,-0.765,1
2015-08-11 09:52:08.320000+00:00,56.049459,160.596322,29.54,1.55,-0.699,1
2015-08-11 11:19:35.520000+00:00,56.059379,160.610286,32.63,1.91,-0.827,1
2015-08-11 11:48:35.280000+00:00,56.1191,160.466618,6.15,1.12,-100.0,1
2015-08-11 12:41:12.340000+00:00,55.529146,160.326237,16.39,0.64,-100.0,1
2015-08-11 13:36:49.040000+00:00,56.047839,160.606266,30.01,1.45,-0.768,1
2015-08-11 15:29:44.310000+00:00,56.03232,160.421061,29.7,1.37,-100.0,1
2015-08-11 16:05:14.850000+00:00,56.091866,160.571419,38.02,1.55,-0.689,1
2015-08-11 17:39:46.860000+00:00,55.548397,160.28042,16.06,0.73,-100.0,1
2015-08-11 17:59:34.760000+00:00,55.661096,160.422396,8.62,0.45,-100.0,1
2015-08-11 18:00:16.040000+00:00,56.051086,160.600537,30.59,1.42,-0.708,1
2015-08-11 18:00:24.200000+00:00,56.053878,160.610221,32.2,1.88,-0.734,1
2015-08-11 18:25:08.600000+00:00,56.154688,160.860856,23.57,1.2,-100.0,1
2015-08-11 19:00:39.960000+00:00,56.030383,160.461426,36.87,1.33,-0.501,1
2015-08-11 20:10:56.360000+00:00,56.056881,160.607959,33.28,1.34,-0.749,1
2015-08-11 20:46:04.760000+00:00,55.713127,160.451139,12.39,0.42,-100.0,1
2015-08-11 22:08:35.240000+00:00,56.049048,160.61027,29.8,1.74,-0.713,1
2015-08-11 22:54:22.600000+00:00,56.121309,160.457454,0.13,0.83,-0.848,1
2015-08-11 23:18:45.920000+00:00,56.127572,160.438509,7.16,0.78,-0.703,1
2015-08-11 23:24:14.340000+00:00,55.982092,160.513997,28.04,1.39,-0.671,1
2015-08-12 00:28:38.850000+00:00,55.790055,160.348014,0.66,0.1,-100.0,1
2015-08-12 01:30:41.340000+00:00,56.051103,160.60555,28.09,1.59,-0.656,1
2015-08-12 02:50:44.030000+00:00,56.062288,160.605973,34.72,1.31,-100.0,1
2015-08-12 04:44:38.590000+00:00,55.832597,160.367432,0.38,0.42,-100.0,1
2015-08-12 05:27:11.310000+00:00,55.721318,160.460286,13.09,1.08,-0.061,1
2015-08-12 06:18:55.590000+00:00,56.056982,160.609342,31.87,1.8,-0.751,1
2015-08-12 07:23:03.250000+00:00,56.117863,160.443197,-0.69,0.69,-100.0,1
2015-08-12 09:18:11.680000+00:00,55.702161,160.437728,11.86,0.88,-0.003,1
2015-08-12 10:11:46.600000+00:00,56.010213,160.559717,23.19,1.55,-0.488,1
2015-08-12 11:51:34.890000+00:00,56.118998,160.450928,0.03,0.77,-0.719,1
2015-08-12 11:59:18.540000+00:00,56.060331,160.615316,34.12,1.88,-0.771,1
2015-08-12 12:56:52.260000+00:00,56.054704,160.605892,29.93,1.24,-0.671,1
2015-08-12 14:05:57.400000+00:00,56.053072,160.601237,31.11,1.47,-0.669,1
2015-08-12 15:43:28.140000+00:00,56.049247,160.609326,30.16,1.76,-0.693,1
2015-08-12 16:23:21.970000+00:00,56.116121,160.462044,0.39,0.93,-0.868,1
2015-08-12 16:48:39.870000+00:00,56.058195,160.605452,31.73,1.43,-0.759,1
2015-08-12 17:52:50.220000+00:00,56.209591,160.880745,27.4,1.9,-0.108,1
2015-08-12 17:59:26.560000+00:00,56.024947,160.597949,0.16,1.32,-0.634,1
2015-08-12 18:59:55.560000+00:00,55.576855,160.476921,30.07,1.62,-100.0,1
2015-08-12 19:10:16.540000+00:00,56.035738,160.687061,-2.97,1.24,-0.699,1
2015-08-12 20:05:09.100000+00:00,56.048653,160.603255,28.3,1.72,-0.706,1
2015-08-12 20:38:17.740000+00:00,56.063261,160.623682,-1.12,0.95,-0.761,1
2015-08-12 20:47:52.280000+00:00,56.050968,160.599951,30.04,1.55,-0.723,1
2015-08-12 22:06:22.800000+00:00,56.062272,160.619596,33.4,1.21,-0.664,1
2015-08-12 23:23:20.720000+00:00,56.057076,160.609326,31.97,1.46,-0.686,1
2015-08-12 23:56:05.760000+00:00,56.091056,160.575716,15.79,1.12,-0.228,1
2015-08-13 01:06:22.510000+00:00,56.050496,160.605322,30.12,1.75,-0.783,1
2015-08-13 01:06:44.060000+00:00,56.054199,160.650033,30.92,1.43,-100.0,1
2015-08-13 02:34:13.350000+00:00,56.060815,160.613086,35.05,1.39,-0.678,1
2015-08-13 03:57:04.560000+00:00,56.057601,160.619157,-1.25,1.41,-0.545,1
2015-08-13 04:42:26.150000+00:00,56.064392,160.64847,3.93,1.36,-0.705,1
2015-08-13 06:16:26.720000+00:00,56.052901,160.60957,31.08,1.81,-0.814,1
2015-08-13 07:14:09.740000+00:00,56.046623,160.600879,30.23,1.34,-0.72,1
2015-08-13 07:34:06.450000+00:00,56.130762,160.446777,4.35,0.6,-100.0,1
2015-08-13 08:18:21.290000+00:00,55.695732,160.495931,10.82,0.33,-100.0,1
2015-08-13 08:21:58.150000+00:00,55.710555,160.455404,6.92,0.9,0.111,1
2015-08-13 08:27:59.150000+00:00,55.789258,160.309587,22.86,0.61,-100.0,1
2015-08-13 09:01:43.260000+00:00,56.055969,160.606217,31.43,1.5,-0.669,1
2015-08-13 11:17:38.280000+00:00,56.05321,160.600602,31.36,1.63,-0.719,1
2015-08-13 11:35:35.250000+00:00,56.125297,160.451676,0.35,0.89,-0.874,1
2015-08-13 11:59:41.110000+00:00,56.116215,160.727799,21.61,0.95,-100.0,1
2015-08-13 12:47:00.630000+00:00,56.059904,160.616585,31.42,1.39,-0.649,1
2015-08-13 14:09:24.050000+00:00,56.060213,160.617741,33.42,1.55,-0.728,1
2015-08-13 14:14:38.820000+00:00,55.523226,160.282796,32.47,1.86,-100.0,1
2015-08-13 15:09:35.720000+00:00,56.05094,160.599235,30.18,1.41,-0.89,1
2015-08-13 15:33:26.890000+00:00,56.12618,160.526758,0.45,0.79,-0.637,1
2015-08-13 16:11:22.860000+00:00,55.575789,160.360238,37.62,1.15,-100.0,1
2015-08-13 17:24:46.360000+00:00,56.050903,160.618392,-1.8,1.67,-0.765,1
2015-08-13 18:02:57.480000+00:00,56.056763,160.604134,31.2,1.53,-0.609,1
2015-08-13 18:13:59.720000+00:00,55.709355,160.43846,14.6,1.55,-0.067,1
2015-08-13 19:35:52.040000+00:00,56.117086,160.758317,25.88,1.64,-100.0,1
2015-08-13 19:41:01.420000+00:00,56.043628,160.606999,27.33,1.36,-0.656,1
2015-08-13 23:10:59.160000+00:00,56.050806,160.614958,31.1,1.84,-0.758,1
2015-08-14 02:44:48.150000+00:00,55.704065,160.442074,9.73,1.42,-0.103,1
2015-08-14 03:07:20.840000+00:00,56.077372,160.61346,38.33,1.76,-0.808,1
2015-08-14 03:56:34.540000+00:00,55.90026,160.664616,0.88,1.54,0.002,1
2015-08-14 04:07:01.370000+00:00,56.048189,160.60389,29.9,1.34,-0.66,1
2015-08-14 05:14:09.430000+00:00,56.07561,160.651563,29.43,1.39,-100.0,1
2015-08-14 05:15:37.990000+00:00,55.530778,160.46084,10.88,0.61,-100.0,1
2015-08-14 06:33:21.020000+00:00,56.048136,160.604134,30.15,1.79,-0.695,1
2015-08-14 07:46:58.370000+00:00,56.045264,160.595329,27.1,1.53,-100.0,1
2015-08-14 09:14:30.690000+00:00,56.048299,160.60083,29.67,1.6,-0.616,1
2015-08-14 10:34:53.300000+00:00,56.048926,160.608626,30.53,1.59,-0.648,1
2015-08-14 10:39:03.280000+00:00,56.170475,160.908138,23.42,1.58,0.077,1
2015-08-14 12:26:38.830000+00:00,56.059924,160.605062,32.47,1.75,-0.799,1
2015-08-14 12:51:01.340000+00:00,56.171525,160.836995,18.51,1.46,0.197,1
2015-08-14 13:57:31.150000+00:00,55.707955,160.473047,9.71,0.97,-100.0,1
2015-08-14 14:12:01.860000+00:00,56.055204,160.6104,31.5,1.58,-0.604,1
2015-08-14 14:59:53.600000+00:00,55.543201,160.41014,45.35,1.48,-100.0,1
2015-08-14 16:40:14.090000+00:00,55.619523,160.664779,4.95,1.2,0.179,1
2015-08-14 16:42:12.830000+00:00,55.619275,160.664909,4.96,0.87,-100.0,1
2015-08-14 16:54:39.350000+00:00,56.01359,160.547559,25.79,1.28,-100.0,1
2015-08-14 20:20:44.560000+00:00,56.055859,160.606331,32.4,1.77,-0.689,1
2015-08-14 21:58:35+00:00,56.051229,160.606543,31.12,1.63,-0.646,1
2015-08-14 22:14:15.680000+00:00,55.678479,160.306738,32.67,1.05,-100.0,1
2015-08-14 22:16:25.760000+00:00,55.572005,160.374447,34.72,1.67,-100.0,1
2015-08-14 23:05:41.240000+00:00,56.073543,160.591829,38.95,1.17,-0.849,1
2015-08-15 00:16:38.550000+00:00,55.825387,160.365251,0.81,0.83,-100.0,1
2015-08-15 00:41:02.420000+00:00,56.052173,160.594792,31.31,1.47,-0.718,1
2015-08-15 03:45:09.400000+00:00,56.046195,160.609456,29.8,1.9,-0.622,1
2015-08-15 07:45:32.620000+00:00,56.052022,160.615625,31.25,1.93,-0.71,1
2015-08-15 09:16:02.840000+00:00,56.049272,160.596533,29.73,1.48,-0.602,1
2015-08-15 09:19:52.080000+00:00,56.156433,160.923861,23.43,1.38,0.051,1
2015-08-15 10:40:36.970000+00:00,56.053129,160.599398,30.28,1.72,-0.734,1
2015-08-15 11:10:53.600000+00:00,56.053914,160.597607,30.25,1.27,-0.663,1
2015-08-15 11:34:38.940000+00:00,56.068294,160.613607,-1.35,0.72,-100.0,1
2015-08-15 12:12:29.230000+00:00,56.04644,160.603499,29.47,1.44,-0.776,1
2015-08-15 12:42:59.410000+00:00,56.067806,160.599577,-1.77,1.12,-100.0,1
2015-08-15 13:10:21.540000+00:00,56.044849,160.596924,27.58,1.68,-0.786,1
2015-08-15 14:25:53.090000+00:00,56.052006,160.605924,30.92,1.75,-0.754,1
2015-08-15 14:58:35.650000+00:00,55.709916,160.485742,0.39,0.8,-0.073,1
2015-08-15 15:07:53.390000+00:00,56.051888,160.61154,-0.69,1.27,-0.784,1
2015-08-15 15:38:21.830000+00:00,56.066317,160.619727,-1.32,0.64,-100.0,1
2015-08-15 15:46:57.360000+00:00,56.039095,160.670361,10.22,1.01,-100.0,1
2015-08-15 15:49:10.600000+00:00,56.041642,160.575488,26.21,1.28,-0.711,1
2015-08-15 16:30:59.570000+00:00,56.06641,160.628548,-0.85,1.07,-100.0,1
2015-08-15 16:44:38.050000+00:00,56.060913,160.620817,2.79,1.02,-100.0,1
2015-08-15 16:49:47.530000+00:00,56.04943,160.603044,30.79,1.57,-0.817,1
2015-08-15 17:56:38.120000+00:00,55.789962,160.325928,-0.39,0.42,-100.0,1
2015-08-15 18:34:06.660000+00:00,56.060046,160.614844,33.26,1.95,-0.833,1
2015-08-15 18:58:43.420000+00:00,56.054541,160.609652,31.04,1.7,-0.736,1
2015-08-15 19:20:08.540000+00:00,56.118925,160.467334,0.02,0.51,-0.499,1
2015-08-15 19:41:09.640000+00:00,56.052983,160.613265,31.12,1.55,-0.711,1
2015-08-15 19:53:29.220000+00:00,56.059013,160.618994,-1.51,0.76,-100.0,1
2015-08-15 20:08:45.300000+00:00,56.211617,160.804443,-2.1,0.99,-100.0,1
2015-08-15 20:38:07.100000+00:00,56.05588,160.611849,32.83,1.54,-0.649,1
2015-08-15 22:11:53.820000+00:00,56.137569,160.427913,1.84,1.14,-0.86,1
2015-08-15 22:36:31.640000+00:00,56.048612,160.612663,30.83,1.91,-0.75,1
2015-08-15 23:16:38.040000+00:00,56.066809,160.615576,-0.42,0.7,-100.0,1
2015-08-15 23:32:58.960000+00:00,56.049512,160.605355,29.61,1.9,-1.061,1
2015-08-16 00:02:21.840000+00:00,56.056934,160.60682,32.0,1.36,-0.829,1
2015-08-16 01:04:08.940000+00:00,56.054167,160.60874,30.92,1.72,-0.673,1
2015-08-16 02:06:36.050000+00:00,56.050948,160.604525,30.55,1.74,-0.777,1
2015-08-16 02:13:57.570000+00:00,55.67998,160.683008,18.15,0.98,-0.105,1
2015-08-16 03:20:53.470000+00:00,56.058134,160.610156,32.27,1.58,-0.746,1
2015-08-16 03:49:50.760000+00:00,56.06086,160.619515,-1.31,1.16,-100.0,1
2015-08-16 03:51:00.020000+00:00,55.827515,160.377588,0.65,0.52,-100.0,1
2015-08-16 04:17:45.850000+00:00,56.057869,160.475651,27.72,1.36,-0.737,1
2015-08-16 04:22:09.210000+00:00,55.695919,160.393506,10.98,0.69,-0.181,1
2015-08-16 05:23:20.810000+00:00,56.06604,160.627018,-1.47,0.59,-100.0,1
2015-08-16 05:26:33.110000+00:00,56.043575,160.596322,27.2,1.36,-0.778,1
2015-08-16 06:24:58.090000+00:00,56.054928,160.612533,31.08,1.8,-0.774,1
2015-08-16 06:28:03.270000+00:00,55.693441,160.414404,12.08,0.78,-0.137,1
2015-08-16 06:31:22.650000+00:00,56.133333,160.454362,3.72,0.73,-0.971,1
2015-08-16 07:29:18.130000+00:00,56.053894,160.618001,31.96,1.66,-0.686,1
2015-08-16 07:45:03.720000+00:00,56.121216,160.450651,-0.98,0.85,-100.0,1
2015-08-16 07:50:23.370000+00:00,56.06449,160.627458,-0.89,0.55,-100.0,1
2015-08-16 08:16:47.430000+00:00,56.062687,160.62111,-1.35,0.57,-100.0,1
2015-08-16 08:40:55.880000+00:00,56.045475,160.604248,29.71,1.66,-0.716,1
2015-08-16 08:53:30.550000+00:00,55.706449,160.419352,16.05,1.0,-0.194,1
2015-08-16 10:00:12.250000+00:00,56.05096,160.602816,29.72,1.58,-0.689,1
2015-08-16 10:08:34.700000+00:00,55.826664,160.381543,-0.7,0.85,-0.26,1
2015-08-16 10:59:44.810000+00:00,56.063094,160.620443,-1.36,0.73,-100.0,1
2015-08-16 11:27:37.490000+00:00,56.051957,160.60166,30.23,1.79,-0.725,1
2015-08-16 12:14:57.350000+00:00,56.056925,160.593978,29.35,1.31,-0.665,1
2015-08-16 12:26:03.770000+00:00,56.052559,160.518424,26.45,0.95,-0.518,1
2015-08-16 12:38:59.280000+00:00,55.85518,160.354541,14.31,0.05,-100.0,1
2015-08-16 12:44:49.750000+00:00,55.820858,160.41377,12.17,0.57,-0.459,1
2015-08-16 13:31:52.790000+00:00,56.050208,160.604411,30.49,1.68,-0.656,1
2015-08-16 13:35:58.180000+00:00,55.705619,160.439746,9.45,0.93,-0.196,1
2015-08-16 14:42:38.860000+00:00,56.057552,160.612451,32.2,1.71,-0.732,1
2015-08-16 15:57:07.420000+00:00,56.050326,160.604818,30.64,1.47,-0.6,1
2015-08-16 16:20:44.590000+00:00,56.067513,160.772021,20.58,0.57,-100.0,1
2015-08-16 17:29:23.280000+00:00,56.04893,160.600391,30.16,1.9,-0.844,1
2015-08-16 18:13:36.760000+00:00,56.143009,160.480257,7.07,0.67,-0.702,1
2015-08-16 18:38:08.560000+00:00,56.05564,160.611019,31.64,1.74,-0.82,1
2015-08-16 19:56:45.800000+00:00,56.043876,160.601839,28.4,1.38,-0.617,1
2015-08-16 20:34:17.360000+00:00,56.123743,160.45083,0.28,0.68,-0.736,1
2015-08-16 20:58:34.620000+00:00,56.070117,160.618392,4.85,1.31,-0.558,1
2015-08-16 21:01:45.200000+00:00,56.144014,160.353646,-1.13,0.92,-0.456,1
2015-08-16 21:34:15.360000+00:00,56.058431,160.617122,31.32,1.07,-100.0,1
2015-08-16 22:25:00.400000+00:00,56.059094,160.62207,32.54,1.72,-0.631,1
2015-08-16 23:36:43.080000+00:00,56.048962,160.603646,30.3,1.28,-0.547,1
2015-08-17 00:46:02.740000+00:00,55.674833,160.55918,8.62,1.15,-0.002,1
2015-08-17 00:59:20.940000+00:00,56.048568,160.599137,30.29,1.83,-0.589,1
2015-08-17 02:18:42.650000+00:00,56.064506,160.594531,34.27,1.44,-0.671,1
2015-08-17 04:10:22.980000+00:00,56.077816,160.611882,34.08,1.07,-100.0,1
2015-08-17 04:31:51.130000+00:00,56.049141,160.610026,30.72,1.84,-0.685,1
2015-08-17 05:42:28.120000+00:00,56.04856,160.602051,30.59,1.42,-0.562,1
2015-08-17 07:00:38.810000+00:00,56.047384,160.606576,29.2,1.41,-0.691,1
2015-08-17 07:05:50.580000+00:00,56.145288,160.875423,25.46,1.27,-0.108,1
2015-08-17 07:53:45.640000+00:00,55.536137,160.074626,33.6,0.99,-100.0,1
2015-08-17 08:23:21.940000+00:00,56.055941,160.604818,33.27,1.12,-0.578,1
2015-08-17 08:38:21.410000+00:00,55.64506,160.411751,10.67,0.69,0.005,1
2015-08-17 09:14:06.470000+00:00,56.090686,160.587305,28.63,1.01,-100.0,1
2015-08-17 09:32:47.020000+00:00,56.060763,160.614827,34.45,1.86,-0.758,1
2015-08-17 10:44:07.560000+00:00,56.061605,160.617301,35.3,1.79,-0.764,1
2015-08-17 11:10:30.850000+00:00,56.16261,160.570524,-2.69,0.5,-100.0,1
2015-08-17 11:47:02.200000+00:00,56.050033,160.610482,31.08,1.42,-0.632,1
2015-08-17 12:56:38.340000+00:00,56.053308,160.600846,29.76,1.03,-0.843,1
2015-08-17 12:57:41.470000+00:00,56.129159,160.968652,-1.26,1.54,-0.034,1
2015-08-17 13:23:51.020000+00:00,56.054708,160.614209,31.5,1.43,-0.665,1
2015-08-17 14:24:26.350000+00:00,55.534033,160.281266,15.51,1.19,-0.359,1
2015-08-17 14:51:43.470000+00:00,56.051335,160.610026,31.42,1.92,-0.761,1
2015-08-17 16:13:41.310000+00:00,56.06276,160.632161,-1.62,0.13,-100.0,1
2015-08-17 16:35:26.140000+00:00,56.057503,160.61416,33.23,1.7,-0.809,1
2015-08-17 17:05:52.760000+00:00,55.821338,160.527539,14.09,0.51,-0.33,1
2015-08-17 17:54:41.360000+00:00,56.042883,160.590413,27.9,1.38,-0.667,1
2015-08-17 17:57:02.240000+00:00,56.145947,160.351693,-0.27,0.38,-0.502,1
2015-08-17 18:56:55.480000+00:00,55.7915,160.331396,1.21,0.16,-0.663,1
2015-08-17 19:09:40.060000+00:00,56.048678,160.605452,30.16,1.18,-0.778,1
2015-08-17 20:31:24.600000+00:00,56.045292,160.607796,29.13,1.73,-0.779,1
2015-08-17 20:31:28.800000+00:00,56.142171,160.47264,13.7,1.61,-0.779,1
2015-08-17 20:51:52.140000+00:00,56.226514,160.842969,24.23,1.22,0.107,1
2015-08-17 21:26:32.200000+00:00,56.052865,160.604818,30.54,0.89,-0.776,1
2015-08-17 22:07:59.480000+00:00,56.135335,160.446126,8.86,0.56,-100.0,1
2015-08-17 22:15:43.080000+00:00,56.063403,160.605452,33.5,1.71,-0.636,1
2015-08-17 22:19:47.560000+00:00,55.689172,160.40625,14.2,0.83,-0.1,1
2015-08-17 23:24:44.840000+00:00,55.977344,160.053841,22.18,1.18,-100.0,1
2015-08-17 23:49:30.240000+00:00,55.71901,160.452995,15.4,0.59,-0.384,1
2015-08-17 23:50:40.680000+00:00,55.611515,160.475081,22.09,0.81,-100.0,1
2015-08-18 00:11:26.030000+00:00,56.059253,160.60498,32.66,1.3,-0.681,2
2015-08-18 02:10:03.320000+00:00,56.054374,160.58807,27.5,1.75,-0.602,2
2015-08-18 02:46:09.160000+00:00,56.123092,160.716878,24.45,1.8,-0.037,2
2015-08-18 04:06:45+00:00,56.055237,160.604867,30.88,1.45,-0.678,2
2015-08-18 05:19:27.500000+00:00,56.060624,160.607227,31.9,0.97,-100.0,2
2015-08-18 05:40:55.180000+00:00,56.05649,160.617008,34.13,1.43,-0.748,2
2015-08-18 06:04:21.690000+00:00,56.12793,160.437712,0.79,0.67,-0.686,2
2015-08-18 06:46:14.650000+00:00,56.063452,160.611035,36.16,1.1,-0.667,2
2015-08-18 07:43:08.650000+00:00,56.049772,160.598503,30.2,1.85,-0.756,2
2015-08-18 07:54:06.620000+00:00,56.144897,160.412451,9.44,0.68,-100.0,2
2015-08-18 08:35:23.970000+00:00,56.128589,160.458301,8.06,0.53,-100.0,2
2015-08-18 08:56:15.700000+00:00,56.055107,160.609977,31.37,1.4,-0.561,2
2015-08-18 10:56:23.300000+00:00,56.145964,160.422412,4.86,0.74,-100.0,2
2015-08-18 11:03:06.570000+00:00,56.051314,160.603613,29.89,1.23,-100.0,2
2015-08-18 11:18:03.960000+00:00,56.053422,160.602002,31.73,1.61,-0.71,2
2015-08-18 11:42:01.830000+00:00,56.089046,160.61901,38.37,1.28,-100.0,2
2015-08-18 12:46:35.800000+00:00,56.058895,160.498096,9.7,0.73,-100.0,2
2015-08-18 12:50:09.820000+00:00,56.063074,160.543717,28.14,1.01,-100.0,2
2015-08-18 13:34:57.090000+00:00,56.050899,160.602035,30.4,1.84,-0.761,2
2015-08-18 14:08:52.200000+00:00,56.07924,160.585628,24.1,0.79,-100.0,2
2015-08-18 14:56:45.180000+00:00,56.051005,160.602913,30.44,1.46,-0.79,2
2015-08-18 16:27:39.690000+00:00,56.054049,160.60459,31.32,1.48,-0.83,2
2015-08-18 17:17:40.040000+00:00,55.728861,160.268783,16.94,0.45,-0.76,2
2015-08-18 17:43:53.720000+00:00,56.043856,160.603402,28.67,1.81,-0.774,2
2015-08-18 18:55:05.380000+00:00,56.111483,160.477523,9.23,1.44,-0.481,2
2015-08-18 20:17:57.920000+00:00,56.055363,160.602604,31.73,1.71,-0.757,2
2015-08-18 20:50:59.680000+00:00,55.82277,160.378825,-0.25,0.98,-0.407,2
2015-08-18 20:58:56.840000+00:00,55.564319,160.072949,35.63,1.14,-100.0,2
2015-08-18 21:29:08.480000+00:00,56.05238,160.598145,28.98,1.36,-0.732,2
2015-08-18 22:28:37.920000+00:00,56.052458,160.603923,29.63,1.6,-0.555,2
2015-08-18 23:14:02.920000+00:00,56.227413,160.837744,24.14,1.28,-0.103,2
2015-08-19 00:15:15.980000+00:00,56.121908,160.449642,6.27,0.91,-0.574,2
2015-08-19 00:26:06.650000+00:00,56.051111,160.608285,31.04,1.72,-0.779,2
2015-08-19 00:27:27.050000+00:00,56.107109,160.455924,-0.28,0.94,-0.428,2
2015-08-19 02:06:56.580000+00:00,56.060164,160.607292,32.19,1.67,-0.692,2
2015-08-19 03:12:23.730000+00:00,56.06241,160.608138,33.16,1.5,-0.605,2
2015-08-19 04:39:26.170000+00:00,55.835767,160.489535,0.6,0.97,-0.161,2
2015-08-19 04:46:53.770000+00:00,56.050102,160.607292,30.31,1.96,-0.826,2
2015-08-19 06:06:16.310000+00:00,55.709554,160.408626,15.25,1.35,-0.171,2
2015-08-19 06:37:17.880000+00:00,56.049609,160.607161,30.74,1.64,-0.867,2
2015-08-19 08:12:44.660000+00:00,56.051444,160.60835,30.51,1.77,-0.709,2
2015-08-19 09:30:06.350000+00:00,56.055457,160.623893,32.21,1.11,-100.0,2
2015-08-19 10:02:53.750000+00:00,56.051933,160.609831,31.35,1.85,-0.747,2
2015-08-19 11:19:48.890000+00:00,56.056868,160.606348,32.21,1.58,-0.775,2
2015-08-19 11:57:23.950000+00:00,55.832422,160.369303,9.31,0.28,-0.121,2
2015-08-19 12:20:40.320000+00:00,56.046175,160.599023,28.24,1.09,-0.661,2
2015-08-19 13:05:37.210000+00:00,56.04788,160.602881,29.61,1.84,-0.86,2
2015-08-19 13:13:34.270000+00:00,56.113363,160.457487,10.62,0.48,-100.0,2
2015-08-19 13:44:13.430000+00:00,56.055762,160.600179,31.34,0.98,-0.791,2
2015-08-19 13:48:25.060000+00:00,55.827014,160.375195,-0.69,0.53,-0.288,2
2015-08-19 14:09:14.820000+00:00,55.738806,160.440283,15.79,0.81,-100.0,2
2015-08-19 14:13:54.660000+00:00,56.121989,160.459408,4.97,0.37,-0.732,2
2015-08-19 14:16:17.940000+00:00,56.048796,160.606055,29.96,1.77,-0.791,2
2015-08-19 14:19:28.750000+00:00,56.137528,160.441634,5.47,0.36,-100.0,2
2015-08-19 14:36:35.070000+00:00,56.064478,160.621842,17.09,0.83,-0.671,2
2015-08-19 15:10:06.160000+00:00,56.049967,160.604248,29.17,0.96,-0.62,2
2015-08-19 15:35:07.690000+00:00,56.048633,160.607145,30.38,1.66,-0.819,2
2015-08-19 15:52:04.200000+00:00,56.12618,160.441406,0.95,0.86,-0.86,2
2015-08-19 16:28:23.200000+00:00,55.887362,160.359408,10.1,0.26,-100.0,2
2015-08-19 16:33:59.880000+00:00,56.195626,160.957666,25.71,1.15,-0.009,2
2015-08-19 16:36:05.820000+00:00,55.743461,160.48265,11.77,0.36,-100.0,2
2015-08-19 16:43:35.510000+00:00,56.053703,160.613102,31.73,1.67,-0.791,2
2015-08-19 17:21:22.560000+00:00,56.052515,160.604834,30.95,0.82,-0.697,2
2015-08-19 17:48:38.680000+00:00,56.047762,160.608626,29.15,1.58,-0.793,2
2015-08-19 17:57:10.360000+00:00,56.127051,160.450033,7.69,0.44,-0.69,2
2015-08-19 18:02:34.960000+00:00,55.725102,160.511914,10.48,0.43,-100.0,2
2015-08-19 18:17:40.480000+00:00,55.816138,160.503304,5.01,0.37,-0.168,2
2015-08-19 18:39:43.080000+00:00,56.050264,160.599821,30.52,1.47,-0.722,2
2015-08-19 18:39:48.040000+00:00,56.11908,160.462305,8.82,1.1,-0.722,2
2015-08-19 19:02:01+00:00,55.721847,160.477832,10.9,0.57,-0.303,2
2015-08-19 19:08:46.740000+00:00,56.053967,160.607161,32.92,0.76,-100.0,2
2015-08-19 19:13:14.900000+00:00,55.841581,160.49987,5.37,0.75,-0.175,2
2015-08-19 19:38:49.060000+00:00,55.851538,160.470557,2.01,0.08,-100.0,2
2015-08-19 19:40:46.380000+00:00,56.04965,160.603369,29.49,1.64,-0.722,2
2015-08-19 20:42:17.460000+00:00,55.748568,160.33584,39.14,1.82,-0.798,2
2015-08-19 21:43:08.920000+00:00,56.123816,160.453304,0.14,1.01,-100.0,2
2015-08-19 22:12:23+00:00,56.056506,160.60874,31.91,1.73,-0.841,2
2015-08-19 22:54:23.200000+00:00,56.134115,160.45293,5.57,0.47,-100.0,2
2015-08-19 23:38:29.720000+00:00,56.055497,160.599023,32.38,1.69,-0.605,2
2015-08-20 00:42:48.630000+00:00,56.048267,160.599382,29.25,1.28,-0.74,2
2015-08-20 01:25:35.410000+00:00,56.055754,160.610498,32.16,1.12,-100.0,2
2015-08-20 01:48:34.380000+00:00,56.054924,160.61416,32.37,1.75,-0.753,2
2015-08-20 02:48:08.600000+00:00,56.051904,160.608317,31.18,1.76,-0.819,2
2015-08-20 03:14:38.980000+00:00,55.825061,160.37762,0.3,0.48,-0.429,2
2015-08-20 04:05:24.920000+00:00,56.0533,160.609945,30.78,1.76,-0.85,2
2015-08-20 04:08:46.250000+00:00,55.518347,160.287093,14.28,1.54,-0.032,2
2015-08-20 05:38:57.620000+00:00,56.052344,160.603467,32.75,1.52,-0.727,2
2015-08-20 06:19:09.060000+00:00,56.0481,160.601481,28.79,0.84,-0.639,2
2015-08-20 06:30:45.840000+00:00,55.903784,160.838493,13.11,1.45,-0.106,2
2015-08-20 06:43:26.620000+00:00,56.048405,160.60485,30.67,1.45,-0.605,2
2015-08-20 07:40:33.280000+00:00,56.05507,160.608138,31.4,1.47,-0.733,2
2015-08-20 08:53:27.250000+00:00,56.050509,160.621436,-1.85,1.67,-0.677,2
2015-08-20 09:47:02.290000+00:00,56.048425,160.602783,28.78,1.16,-100.0,2
2015-08-20 10:09:57.710000+00:00,56.05343,160.603841,30.88,1.76,-0.889,2
2015-08-20 10:55:27.950000+00:00,56.174605,160.458089,5.95,0.59,-100.0,2
2015-08-20 11:00:12.410000+00:00,55.728446,160.481071,0.72,1.27,-0.096,2
2015-08-20 11:10:11.410000+00:00,55.522868,160.078353,37.4,1.68,-100.0,2
2015-08-20 11:13:29.070000+00:00,56.045695,160.600944,28.7,1.6,-0.749,2
2015-08-20 11:13:46.900000+00:00,56.050781,160.60153,28.48,1.73,-0.8,2
2015-08-20 11:28:51.530000+00:00,56.127592,160.44821,6.46,1.05,-0.701,2
2015-08-20 12:03:46+00:00,56.06698,160.639225,-0.09,0.74,-100.0,2
2015-08-20 12:23:54.350000+00:00,56.048576,160.603825,29.94,1.7,-0.767,2
2015-08-20 13:16:32.030000+00:00,56.126143,160.692432,5.68,1.0,-100.0,2
2015-08-20 13:22:17.690000+00:00,56.05529,160.605794,31.64,1.33,-0.62,2
2015-08-20 13:46:22.060000+00:00,56.148844,160.872119,25.41,1.15,-0.137,2
2015-08-20 14:24:31.330000+00:00,56.051408,160.601807,31.17,1.71,-0.855,2
2015-08-20 14:54:03.230000+00:00,56.047139,160.605339,29.85,1.13,-0.767,2
2015-08-20 15:29:53.100000+00:00,56.054374,160.621533,3.88,1.79,-0.944,2
2015-08-20 16:04:34.200000+00:00,56.068656,160.617643,-1.13,0.71,-100.0,2
2015-08-20 16:16:29.780000+00:00,56.172445,160.576742,-0.04,0.63,-100.0,2
2015-08-20 16:24:42.990000+00:00,56.046838,160.606136,30.29,1.12,-0.786,2
2015-08-20 16:48:37.750000+00:00,56.051701,160.591764,30.15,0.85,-100.0,2
2015-08-20 16:50:06.610000+00:00,56.052738,160.605225,30.85,1.78,-0.922,2
2015-08-20 17:05:18.460000+00:00,56.139343,160.459701,7.15,0.63,-100.0,2
2015-08-20 17:38:07.480000+00:00,56.048071,160.601514,29.66,1.37,-0.687,2
2015-08-20 17:55:06.060000+00:00,56.128357,160.459619,8.38,0.37,-0.531,2
2015-08-20 18:36:29.520000+00:00,56.050301,160.601921,30.57,1.67,-0.775,2
2015-08-20 18:36:48.680000+00:00,56.043921,160.596582,26.81,1.79,-0.747,2
2015-08-20 19:39:30.960000+00:00,55.838741,160.386654,12.02,0.22,-0.343,2
2015-08-20 19:51:59.400000+00:00,55.835921,160.384001,15.88,0.42,-100.0,2
2015-08-20 19:54:17.140000+00:00,55.855636,160.366113,-1.37,0.45,-100.0,2
2015-08-20 20:02:16.460000+00:00,56.057194,160.612093,33.51,1.76,-0.741,2
2015-08-20 21:13:11.120000+00:00,56.047127,160.602539,29.24,1.61,-0.845,2
2015-08-20 21:20:01.080000+00:00,55.827344,160.382324,-0.31,0.76,-0.324,2
2015-08-20 21:26:54.240000+00:00,56.092928,160.517334,10.77,0.24,-100.0,2
2015-08-20 21:34:03.400000+00:00,56.042546,160.597624,27.31,0.87,-0.803,2
2015-08-20 22:17:25.560000+00:00,56.051819,160.607113,30.07,1.65,-0.886,2
2015-08-20 23:18:36.040000+00:00,56.053861,160.611556,31.23,1.81,-0.95,2
2015-08-20 23:49:41.760000+00:00,56.051998,160.607096,30.73,1.69,-0.887,2
2015-08-20 23:55:31.740000+00:00,56.127824,160.44707,5.73,0.59,-0.796,2
2015-08-21 00:39:08.290000+00:00,56.045809,160.605957,29.57,1.77,-0.916,1
2015-08-21 00:39:23.800000+00:00,56.057027,160.610856,32.47,1.89,-0.873,1
2015-08-21 01:00:46.730000+00:00,56.04659,160.600456,27.97,1.8,-0.958,1
2015-08-21 01:11:36.650000+00:00,55.725684,160.442139,11.42,1.01,-0.163,1
2015-08-21 01:38:44.050000+00:00,55.739693,160.443831,10.93,1.04,-0.233,1
2015-08-21 01:50:59.120000+00:00,56.051794,160.605387,30.81,1.78,-0.904,1
2015-08-21 02:01:02.570000+00:00,56.161381,160.882845,24.67,1.46,-100.0,1
2015-08-21 02:36:28.770000+00:00,56.055046,160.609961,32.26,1.88,-1.014,1
2015-08-21 02:42:27.440000+00:00,56.064119,160.610628,34.86,1.23,-0.772,1
2015-08-21 02:46:56.470000+00:00,55.835095,160.396859,14.09,0.18,-100.0,1
2015-08-21 02:47:40.130000+00:00,56.080204,160.349463,5.75,0.29,-100.0,1
2015-08-21 03:04:11.410000+00:00,56.052738,160.605892,31.29,1.75,-0.884,1
2015-08-21 03:06:05.190000+00:00,56.054985,160.6021,30.14,0.88,-100.0,1
2015-08-21 03:17:25.550000+00:00,55.829496,160.383105,-0.19,0.69,-0.134,1
2015-08-21 03:23:02.390000+00:00,56.053678,160.532064,29.91,1.29,-100.0,1
2015-08-21 03:45:47.160000+00:00,56.056563,160.618473,3.91,1.8,-0.874,1
2015-08-21 04:06:11.020000+00:00,56.052686,160.607959,30.83,1.74,-0.852,1
2015-08-21 04:14:56.760000+00:00,56.048706,160.604215,29.23,1.24,-0.744,1
2015-08-21 04:18:42.820000+00:00,56.114494,160.441781,1.27,0.42,-100.0,1
2015-08-21 04:31:02.090000+00:00,56.052091,160.614469,31.43,1.71,-0.688,1
2015-08-21 04:58:55.800000+00:00,56.053918,160.609017,31.45,1.73,-0.815,1
2015-08-21 05:12:43.790000+00:00,56.023771,160.703792,13.47,1.25,-0.321,1
2015-08-21 05:20:53.020000+00:00,56.051839,160.60835,30.69,1.71,-0.869,1
2015-08-21 05:43:22.750000+00:00,56.051664,160.607943,30.43,1.75,-0.914,1
2015-08-21 05:43:29.310000+00:00,56.126123,160.591895,4.86,1.59,-100.0,1
2015-08-21 06:06:54.870000+00:00,56.051554,160.606022,30.11,1.61,-0.757,1
2015-08-21 06:18:50.920000+00:00,56.05092,160.600505,29.44,1.1,-100.0,1
2015-08-21 06:30:12.870000+00:00,56.096558,160.518766,31.05,0.79,-100.0,1
2015-08-21 06:35:46.940000+00:00,56.050659,160.60835,30.48,1.79,-0.864,1
2015-08-21 06:46:57.930000+00:00,56.052226,160.617985,29.97,1.36,-100.0,1
2015-08-21 07:08:12.390000+00:00,56.092289,160.569434,20.05,1.37,-100.0,1
2015-08-21 07:11:41.170000+00:00,55.964111,160.578467,2.99,0.96,-100.0,1
2015-08-21 07:20:11.580000+00:00,56.056502,160.612386,32.01,1.78,-0.857,1
2015-08-21 07:21:14.600000+00:00,55.708362,160.457259,11.26,0.8,-100.0,1
2015-08-21 08:02:25.570000+00:00,55.679891,160.377067,15.46,0.9,-0.224,1
2015-08-21 08:03:19.150000+00:00,56.119816,160.452262,-0.16,1.1,-0.675,1
2015-08-21 08:04:06.240000+00:00,55.822095,160.544515,10.18,1.02,-0.098,1
2015-08-21 08:14:27.420000+00:00,56.050631,160.60651,30.42,1.7,-0.755,1
2015-08-21 08:21:24.830000+00:00,55.880986,160.37054,6.73,0.56,-0.665,1
2015-08-21 08:39:24.910000+00:00,56.051506,160.605013,30.66,1.46,-0.652,1
2015-08-21 08:46:14.050000+00:00,56.141142,160.874154,27.83,1.1,-100.0,1
2015-08-21 08:57:57.720000+00:00,56.056551,160.607454,33.5,1.67,-0.815,1
2015-08-21 09:26:43.280000+00:00,56.044324,160.602995,28.18,1.74,-0.969,1
2015-08-21 09:51:11.030000+00:00,56.051286,160.619727,39.01,1.14,-100.0,1
2015-08-21 09:59:59.180000+00:00,56.050614,160.602799,30.14,1.67,-0.895,1
2015-08-21 10:17:10.630000+00:00,56.051855,160.607015,30.73,1.71,-0.865,1
2015-08-21 10:24:22+00:00,56.066353,160.631478,-0.0,0.36,-100.0,1
2015-08-21 10:31:43.530000+00:00,56.05109,160.606722,32.45,1.52,-0.874,1
2015-08-21 10:46:17.180000+00:00,56.052352,160.600846,30.45,1.13,-100.0,1
2015-08-21 10:53:53.760000+00:00,56.054757,160.616911,32.53,1.49,-0.684,1
2015-08-21 10:56:36.190000+00:00,56.127913,160.45223,7.85,0.85,-100.0,1
2015-08-21 11:11:44.220000+00:00,56.052649,160.606689,30.47,1.56,-0.913,1
2015-08-21 11:31:36.110000+00:00,56.052165,160.60695,30.49,1.69,-0.86,1
2015-08-21 11:49:04.570000+00:00,56.052376,160.609521,31.28,1.58,-0.826,1
2015-08-21 11:59:28.900000+00:00,56.141085,160.444873,-0.27,0.9,-100.0,1
2015-08-21 12:11:25.710000+00:00,56.047355,160.58693,29.52,0.97,-100.0,1
2015-08-21 12:20:19.580000+00:00,56.052091,160.605648,30.68,1.71,-0.881,1
2015-08-21 12:25:09.410000+00:00,56.068107,160.630078,-1.16,0.66,-100.0,1
2015-08-21 12:26:37.890000+00:00,56.057349,160.601742,33.69,1.24,-100.0,1
2015-08-21 12:27:44.380000+00:00,56.051066,160.601172,30.0,1.23,-0.771,1
2015-08-21 12:29:38.880000+00:00,56.051575,160.598519,30.18,1.3,-0.774,1
2015-08-21 12:35:59.170000+00:00,56.046558,160.599821,29.71,1.38,-0.749,1
2015-08-21 12:37:43.700000+00:00,56.048853,160.605176,29.76,1.12,-0.723,1
2015-08-21 12:46:26.530000+00:00,56.148238,160.352165,3.6,0.53,-100.0,1
2015-08-21 12:47:35.440000+00:00,56.052458,160.615479,34.36,1.56,-0.742,1
2015-08-21 13:02:30.420000+00:00,56.048877,160.60599,30.66,1.38,-0.792,1
2015-08-21 13:12:54.230000+00:00,56.052437,160.611572,31.16,1.39,-0.702,1
2015-08-21 13:27:45.650000+00:00,56.050081,160.607243,30.16,1.41,-0.798,1
2015-08-21 13:47:21.560000+00:00,56.047693,160.605924,29.61,1.47,-0.797,1
2015-08-21 14:04:35.290000+00:00,56.057052,160.606022,32.84,1.39,-0.758,1
2015-08-21 14:11:43.100000+00:00,56.055245,160.610596,30.61,1.46,-0.777,1
2015-08-21 14:21:11.380000+00:00,56.042969,160.600716,28.18,1.25,-0.786,1
2015-08-21 14:30:13.450000+00:00,56.047457,160.597982,30.83,1.54,-0.682,1
2015-08-21 14:39:18.190000+00:00,56.055823,160.604753,32.1,1.59,-0.844,1
2015-08-21 14:52:18.430000+00:00,56.050968,160.607568,30.73,1.51,-0.755,1
2015-08-21 14:53:42.950000+00:00,56.051705,160.603548,30.6,1.22,-100.0,1
2015-08-21 15:02:35.290000+00:00,55.54325,160.340837,8.48,0.3,-100.0,1
2015-08-21 15:04:05.530000+00:00,56.038359,160.587451,24.47,1.5,-0.92,1
2015-08-21 15:07:27.480000+00:00,56.065706,160.627848,-1.3,0.54,-100.0,1
2015-08-21 15:11:54.980000+00:00,56.048079,160.60957,30.22,1.36,-0.839,1
2015-08-21 15:12:00.310000+00:00,56.05186,160.598568,26.57,1.29,-100.0,1
2015-08-21 15:15:36.140000+00:00,56.054651,160.619759,35.07,0.89,-100.0,1
2015-08-21 15:19:57.270000+00:00,56.048063,160.609326,30.48,1.45,-0.839,1
2015-08-21 15:23:54.550000+00:00,56.052193,160.600212,30.11,1.35,-0.896,1
2015-08-21 15:26:26.700000+00:00,56.246855,160.341976,-1.8,0.49,-100.0,1
2015-08-21 15:28:22.500000+00:00,56.052047,160.602441,29.42,1.42,-0.758,1
2015-08-21 15:30:05.220000+00:00,56.056779,160.605794,34.53,0.84,-100.0,1
2015-08-21 15:32:13.620000+00:00,56.134578,160.415267,5.54,0.45,-100.0,1
2015-08-21 15:34:53.460000+00:00,56.053255,160.604997,31.23,1.24,-100.0,1
2015-08-21 15:40:03.710000+00:00,56.057389,160.621517,4.37,1.45,-0.817,1
2015-08-21 15:41:42.080000+00:00,56.050928,160.612191,-1.73,1.04,-0.719,1
2015-08-21 15:53:18.500000+00:00,56.056555,160.62863,33.99,1.13,-0.564,1
2015-08-21 15:55:31.520000+00:00,56.045589,160.619303,30.28,1.52,-0.939,1
2015-08-21 15:55:34.890000+00:00,56.027181,160.564551,24.48,1.25,-0.939,1
2015-08-21 15:57:57.740000+00:00,56.050911,160.599902,29.62,1.12,-100.0,1
2015-08-21 16:01:28.980000+00:00,56.053056,160.595964,30.05,1.14,-0.675,1
2015-08-21 16:07:06.010000+00:00,56.053719,160.600391,29.12,0.96,-100.0,1
2015-08-21 16:09:57.300000+00:00,56.047209,160.600602,27.92,1.19,-0.789,1
2015-08-21 16:14:35.630000+00:00,55.71158,160.440999,10.67,1.27,-0.214,1
2015-08-21 16:21:16.430000+00:00,56.04578,160.595215,28.99,1.12,-0.728,1
2015-08-21 16:21:45.370000+00:00,56.045955,160.59484,26.04,1.1,-100.0,1
2015-08-21 16:28:38.550000+00:00,56.055082,160.609977,32.8,1.1,-0.776,1
2015-08-21 16:35:47.310000+00:00,56.053796,160.603044,30.83,1.27,-0.91,1
2015-08-21 16:37:31.770000+00:00,56.046118,160.604281,28.14,1.0,-100.0,1
2015-08-21 16:44:32.120000+00:00,56.051245,160.599902,29.37,1.22,-0.891,1
2015-08-21 16:50:33.300000+00:00,56.048128,160.597738,29.13,1.18,-0.775,1
2015-08-21 16:55:38.760000+00:00,56.050069,160.59554,28.28,1.16,-1.067,1
2015-08-21 17:01:14.220000+00:00,56.050553,160.615641,32.52,1.0,-100.0,1
2015-08-21 17:07:13.800000+00:00,56.04858,160.597201,29.33,1.29,-0.759,1
2015-08-21 17:17:59.400000+00:00,56.052393,160.62002,0.73,1.15,-0.743,1
2015-08-21 17:22:20.040000+00:00,56.058105,160.611751,33.59,0.99,-100.0,1
2015-08-21 17:24:59.040000+00:00,56.047217,160.594434,26.89,1.2,-100.0,1
2015-08-21 17:28:32.600000+00:00,56.054179,160.595394,29.6,0.87,-100.0,1
2015-08-21 17:32:12.500000+00:00,56.053556,160.606071,30.93,1.16,-100.0,1
2015-08-21 17:37:19.220000+00:00,56.051188,160.601823,29.7,1.39,-0.782,1
2015-08-21 17:39:37.600000+00:00,56.055273,160.600879,31.33,0.96,-100.0,1
2015-08-21 17:43:26.920000+00:00,56.051709,160.604395,29.51,1.19,-100.0,1
2015-08-21 17:45:49.480000+00:00,56.048934,160.603499,28.7,1.1,-0.488,1
2015-08-21 17:48:04.280000+00:00,56.052531,160.601449,30.22,1.07,-100.0,1
2015-08-21 17:53:58.840000+00:00,56.050256,160.609001,31.52,1.06,-0.718,1
2015-08-21 17:56:50.520000+00:00,56.052938,160.604395,30.85,1.33,-0.783,1
2015-08-21 17:59:34.640000+00:00,56.052067,160.602376,33.49,0.7,-100.0,1
2015-08-21 18:10:15.420000+00:00,56.054411,160.603581,31.39,0.94,-100.0,1
2015-08-21 18:13:12.480000+00:00,56.056047,160.606592,32.94,1.13,-0.635,1
2015-08-21 18:15:02.760000+00:00,55.683142,160.402279,14.07,0.76,-0.045,1
2015-08-21 18:17:58.440000+00:00,56.052791,160.609684,30.22,1.25,-100.0,1
2015-08-21 18:20:09.880000+00:00,56.054045,160.60472,32.96,1.14,-0.79,1
2015-08-21 18:25:37.620000+00:00,56.051188,160.604671,30.48,1.03,-0.497,1
2015-08-21 18:27:38.920000+00:00,56.063497,160.609945,35.5,1.11,-100.0,1
2015-08-21 18:31:05.080000+00:00,55.768571,160.845817,5.51,1.12,-100.0,1
2015-08-21 18:33:54.520000+00:00,56.05599,160.605306,32.53,1.25,-100.0,1
2015-08-21 18:38:20.740000+00:00,56.058134,160.606494,32.21,1.2,-0.754,1
2015-08-21 18:40:21.560000+00:00,56.05284,160.604476,30.49,1.15,-100.0,1
2015-08-21 18:49:21+00:00,56.053414,160.613688,32.08,0.81,-100.0,1
2015-08-21 18:52:11.760000+00:00,56.05439,160.604736,30.98,1.06,-100.0,1
2015-08-21 18:53:28.520000+00:00,56.066589,160.632926,-0.72,0.69,-100.0,1
2015-08-21 18:54:41.520000+00:00,56.053711,160.6021,30.44,1.14,-0.737,1
2015-08-21 18:56:58.880000+00:00,55.588582,160.546729,33.83,1.35,-100.0,1
2015-08-21 18:58:51.320000+00:00,56.059782,160.635026,35.84,1.25,-0.84,1
2015-08-21 19:01:32.760000+00:00,56.052645,160.603288,30.45,1.18,-100.0,1
2015-08-21 19:13:30.160000+00:00,56.033691,160.599365,33.25,1.33,-1.076,1
2015-08-21 19:15:53.160000+00:00,56.05116,160.601383,29.37,1.29,-0.988,1
2015-08-21 19:22:57.840000+00:00,56.051847,160.612451,31.49,0.9,-0.636,1
2015-08-21 19:28:02.760000+00:00,56.018188,160.542578,24.1,1.26,-0.487,1
2015-08-21 19:32:49.960000+00:00,56.056921,160.615918,32.67,1.05,-100.0,1
2015-08-21 19:36:08.640000+00:00,56.052144,160.603727,30.86,1.11,-100.0,1
2015-08-21 19:45:58.140000+00:00,56.053471,160.611784,31.22,1.22,-0.713,1
2015-08-21 19:48:40.440000+00:00,56.053918,160.614372,30.56,1.08,-100.0,1
2015-08-21 19:52:07.520000+00:00,56.051876,160.606266,30.39,1.07,-0.715,1
2015-08-21 19:58:05+00:00,56.05953,160.611849,32.98,1.38,-0.741,1
2015-08-21 20:00:44.160000+00:00,56.046977,160.602865,28.28,1.06,-100.0,1
2015-08-21 20:06:27.960000+00:00,56.051237,160.599967,29.6,1.07,-0.907,1
2015-08-21 20:10:28.480000+00:00,56.045406,160.608594,29.1,1.22,-100.0,1
2015-08-21 20:12:32+00:00,56.069808,160.561833,26.73,1.09,-100.0,1
2015-08-21 20:25:22.860000+00:00,56.054781,160.613786,32.18,1.15,-100.0,1
2015-08-21 20:29:44.960000+00:00,56.053052,160.619401,0.52,1.11,-100.0,1
2015-08-21 20:34:18.040000+00:00,56.052291,160.612256,30.41,1.07,-0.779,1
2015-08-21 20:36:22.300000+00:00,56.044287,160.60415,27.71,1.02,-100.0,1
2015-08-21 20:40:11.280000+00:00,56.05376,160.601546,31.29,0.96,-100.0,1
2015-08-21 20:43:11.160000+00:00,56.065625,160.612793,32.71,1.2,-0.591,1
2015-08-21 20:46:20.400000+00:00,56.05273,160.601855,31.73,1.13,-100.0,1
2015-08-21 20:58:18.640000+00:00,55.820723,160.5271,14.22,0.81,-0.206,1
2015-08-21 21:02:45+00:00,56.053463,160.611182,31.87,1.36,-0.738,1
2015-08-21 21:13:32.840000+00:00,56.045695,160.636133,34.3,0.89,-100.0,1
2015-08-21 21:19:12.040000+00:00,56.056844,160.621191,33.65,1.04,-100.0,1
2015-08-21 21:21:54.360000+00:00,56.088391,160.586263,25.82,1.06,-0.875,1
2015-08-21 21:25:55.520000+00:00,56.054118,160.608594,32.23,1.08,-100.0,1
2015-08-21 21:44:17.080000+00:00,56.047294,160.601481,29.05,0.62,-100.0,1
2015-08-21 21:46:58.440000+00:00,55.913456,160.838835,13.48,1.38,-0.385,1
2015-08-21 22:15:06.960000+00:00,56.050574,160.598324,29.78,0.99,-100.0,1
2015-08-21 22:38:22.140000+00:00,56.06178,160.626872,38.1,1.34,-0.695,1
2015-08-21 23:00:14.920000+00:00,55.789067,160.351742,4.09,0.49,-100.0,1
2015-08-21 23:27:39.080000+00:00,56.05343,160.611182,30.52,1.37,-0.721,1
2015-08-21 23:46:50.040000+00:00,56.072066,160.523307,19.83,0.73,-100.0,1
2015-08-22 00:10:19.150000+00:00,56.060319,160.5854,30.24,1.01,-0.81,1
2015-08-22 00:46:00.150000+00:00,55.685754,160.408219,-0.63,0.25,-100.0,1
2015-08-22 01:50:27.770000+00:00,56.121033,160.455143,4.46,0.89,-100.0,1
2015-08-22 02:13:45.780000+00:00,56.039315,160.597428,26.93,1.25,-0.835,1
2015-08-22 02:43:26.540000+00:00,55.670129,160.404297,11.98,0.33,-100.0,1
2015-08-22 02:56:54.250000+00:00,56.082515,160.512842,31.12,1.68,-0.346,1
2015-08-22 03:20:10.910000+00:00,56.059786,160.608415,32.69,1.31,-100.0,1
2015-08-22 03:37:10.310000+00:00,56.069556,160.594661,33.11,1.35,-100.0,1
2015-08-22 04:40:44.690000+00:00,56.057023,160.608268,32.58,1.27,-100.0,1
2015-08-22 04:45:31.540000+00:00,56.051949,160.606917,30.17,1.26,-0.752,1
2015-08-22 05:07:19.700000+00:00,55.714229,160.448649,11.94,0.78,-0.29,1
2015-08-22 05:25:45.480000+00:00,55.832841,160.387858,-0.0,0.46,-100.0,1
2015-08-22 05:26:08.820000+00:00,56.051192,160.601693,46.24,1.47,-100.0,1
2015-08-22 05:40:57.630000+00:00,55.829301,160.38737,4.8,0.9,-0.914,1
2015-08-22 05:44:55.410000+00:00,55.831462,160.377767,5.44,1.18,-0.582,1
2015-08-22 05:46:42.980000+00:00,55.832983,160.378353,6.47,1.22,-0.852,1
2015-08-22 05:47:36.840000+00:00,55.831925,160.38597,6.33,0.76,-0.697,1
2015-08-22 05:48:52.670000+00:00,55.8271,160.377327,6.41,0.59,-100.0,1
2015-08-22 05:49:22.150000+00:00,55.838969,160.366764,0.61,0.43,-0.633,1
2015-08-22 05:50:26.150000+00:00,55.834493,160.378385,7.32,1.13,-0.717,1
2015-08-22 05:51:27.010000+00:00,55.834635,160.38929,8.4,0.99,-0.869,1
2015-08-22 05:52:06.940000+00:00,55.82417,160.410758,15.72,0.85,-0.739,1
2015-08-22 05:52:54.030000+00:00,55.834664,160.371826,6.19,1.28,-1.047,1
2015-08-22 05:54:23.560000+00:00,55.83374,160.375244,7.28,0.92,-0.746,1
2015-08-22 05:58:27.030000+00:00,55.838802,160.39987,10.96,0.74,-0.879,1
2015-08-22 06:01:33.100000+00:00,56.058643,160.6146,36.25,1.38,-0.791,1
2015-08-22 06:02:18.630000+00:00,55.83901,160.37902,11.49,0.6,-0.733,1
2015-08-22 06:02:36.640000+00:00,55.842249,160.389535,14.22,0.87,-0.64,1
2015-08-22 06:04:31.540000+00:00,55.83562,160.391781,11.42,1.48,-0.493,1
2015-08-22 06:05:35.290000+00:00,55.841557,160.377311,12.48,1.03,-0.61,1
2015-08-22 06:06:39.590000+00:00,55.83564,160.391781,12.65,0.66,-100.0,1
2015-08-22 06:08:23.870000+00:00,55.848157,160.414811,10.88,0.93,-100.0,1
2015-08-22 06:08:56.250000+00:00,55.838029,160.393685,14.5,1.0,-0.366,1
2015-08-22 06:10:22.760000+00:00,55.840877,160.386051,0.58,0.61,-0.774,1
2015-08-22 06:10:42.660000+00:00,55.843014,160.421566,16.36,1.38,-100.0,1
2015-08-22 06:12:04.630000+00:00,55.720341,160.516569,5.94,0.87,-0.461,1
2015-08-22 06:12:52.020000+00:00,55.837691,160.4104,0.53,0.72,-0.739,1
2015-08-22 06:15:29.670000+00:00,55.841309,160.384977,16.11,1.1,-0.742,1
2015-08-22 06:17:05.800000+00:00,55.540535,160.31512,16.03,1.36,-0.138,1
2015-08-22 06:38:58.890000+00:00,55.852193,160.477458,7.12,0.99,-0.529,1
2015-08-22 07:15:48.270000+00:00,56.058533,160.615479,35.5,1.31,-0.699,1
2015-08-22 07:46:03.080000+00:00,55.823543,160.382585,-1.32,0.44,-100.0,1
2015-08-22 07:53:17.110000+00:00,56.046973,160.58501,27.28,1.31,-0.694,1
2015-08-22 08:37:57.750000+00:00,56.054517,160.597607,30.52,1.13,-100.0,1
2015-08-22 09:04:38.810000+00:00,56.043734,160.594059,26.55,1.36,-100.0,1
2015-08-22 09:39:53.640000+00:00,56.130538,160.560352,39.08,1.21,-0.777,1
2015-08-22 10:09:21.450000+00:00,56.049162,160.606429,30.32,1.44,-0.553,1
2015-08-22 10:20:05.980000+00:00,56.057052,160.613395,33.09,1.09,-100.0,1
2015-08-22 10:35:51.710000+00:00,56.050956,160.611686,30.16,1.02,-100.0,1
2015-08-22 10:49:49.690000+00:00,55.545687,160.322949,16.27,0.48,-100.0,1
2015-08-22 10:50:39.240000+00:00,55.798169,160.372689,2.13,0.12,-0.535,1
2015-08-22 10:57:14.350000+00:00,56.067159,160.327816,34.82,1.12,-0.424,1
2015-08-22 11:52:21.590000+00:00,56.050399,160.602865,29.53,1.1,-0.887,1
2015-08-22 11:57:16.570000+00:00,56.050505,160.610824,30.43,1.55,-0.715,1
2015-08-22 12:08:11.570000+00:00,56.050757,160.594222,30.84,1.26,-100.0,1
2015-08-22 12:17:01.070000+00:00,56.045744,160.603939,28.77,0.96,-100.0,1
2015-08-22 12:24:21.460000+00:00,56.049646,160.602897,29.64,0.86,-100.0,1
2015-08-22 12:28:59.390000+00:00,56.045805,160.595703,28.18,0.99,-100.0,1
2015-08-22 12:57:29.630000+00:00,56.051457,160.600114,30.41,1.1,-0.813,1
2015-08-22 13:15:42.570000+00:00,56.048173,160.59585,28.32,1.03,-0.795,1
2015-08-22 13:27:49.920000+00:00,55.733427,160.473828,0.18,0.34,-100.0,1
2015-08-22 13:48:25.710000+00:00,56.051636,160.604883,29.97,1.26,-0.712,1
2015-08-22 14:03:07.600000+00:00,56.049255,160.596273,30.18,1.14,-0.843,1
2015-08-22 14:34:17.890000+00:00,56.048332,160.609017,29.13,1.11,-100.0,1
2015-08-22 14:37:50.640000+00:00,56.044674,160.585905,26.45,1.15,-0.7,1
2015-08-22 14:50:59.660000+00:00,55.545732,160.323242,15.49,0.63,-100.0,1
2015-08-22 15:05:22.010000+00:00,56.047876,160.600553,29.23,1.18,-100.0,1
2015-08-22 15:20:57.400000+00:00,56.046029,160.598454,28.16,1.45,-0.798,1
2015-08-22 15:42:08.200000+00:00,56.048254,160.598161,27.93,1.04,-0.955,1
2015-08-22 15:58:44.440000+00:00,56.043009,160.593148,24.27,1.12,-100.0,1
2015-08-22 16:14:53.880000+00:00,56.052063,160.591895,28.16,1.11,-0.81,1
2015-08-22 16:36:21.870000+00:00,56.044071,160.593424,27.95,1.14,-100.0,1
2015-08-22 16:50:36.240000+00:00,56.052767,160.62443,33.18,1.31,-0.588,1
2015-08-22 17:19:14.660000+00:00,56.048865,160.597445,29.11,1.3,-0.784,1
2015-08-22 17:19:18.680000+00:00,56.137423,160.455811,15.63,1.31,-0.784,1
2015-08-22 17:49:12.740000+00:00,56.000053,160.583317,31.24,0.99,-100.0,1
2015-08-22 17:58:21.240000+00:00,56.042908,160.610482,28.24,1.17,-100.0,1
2015-08-22 18:05:34.180000+00:00,56.049862,160.613346,29.0,1.32,-0.665,1
2015-08-22 18:15:48.820000+00:00,55.542334,160.31875,14.55,1.63,-0.15,1
2015-08-22 18:20:49.760000+00:00,55.53831,160.320475,14.35,0.14,-100.0,1
2015-08-22 18:27:59.640000+00:00,56.04316,160.641667,22.48,1.07,-100.0,1
2015-08-22 18:30:56.620000+00:00,55.538871,160.324447,14.06,0.86,-100.0,1
2015-08-22 18:32:44.780000+00:00,55.541215,160.32137,14.26,0.98,-0.003,1
2015-08-22 18:44:18.360000+00:00,56.067859,160.434977,23.6,1.0,-100.0,1
2015-08-22 18:57:35.560000+00:00,55.666577,160.400895,11.48,1.0,-0.172,1
2015-08-22 19:18:21.680000+00:00,56.045353,160.600586,30.5,1.26,-0.527,1
2015-08-22 19:36:10.780000+00:00,56.048409,160.603451,27.71,1.07,-0.545,1
2015-08-22 19:49:32.420000+00:00,56.05448,160.58514,28.38,0.98,-100.0,1
2015-08-22 20:04:03.520000+00:00,56.051184,160.611654,27.44,1.23,-100.0,1
2015-08-22 20:26:49.420000+00:00,56.06519,160.616455,-0.91,0.76,-100.0,1
2015-08-22 20:33:50.360000+00:00,56.052136,160.608643,30.49,1.26,-0.936,1
2015-08-22 20:47:08.840000+00:00,56.041032,160.588867,26.28,1.29,-100.0,1
2015-08-22 21:06:43.320000+00:00,56.044722,160.597852,27.33,1.41,-100.0,1
2015-08-22 21:19:41.680000+00:00,56.051563,160.607975,30.44,0.98,-100.0,1
2015-08-22 21:45:10.280000+00:00,56.050313,160.601709,28.8,1.33,-100.0,1
2015-08-22 22:05:13.400000+00:00,56.05363,160.606104,28.97,1.29,-0.619,1
2015-08-22 22:31:49.320000+00:00,55.590352,160.33221,16.6,0.9,-0.037,1
2015-08-22 22:34:19.240000+00:00,55.986678,160.652425,31.12,1.27,-100.0,1
2015-08-22 22:53:17.040000+00:00,56.045841,160.594206,-0.14,1.11,-100.0,1
2015-08-22 23:20:31.680000+00:00,56.123177,160.388298,33.11,1.31,-100.0,1
2015-08-23 00:08:06.900000+00:00,56.051469,160.609717,29.97,1.39,-100.0,1
2015-08-23 00:21:18.430000+00:00,56.064445,160.596012,37.35,1.38,-0.504,1
2015-08-23 00:25:58.600000+00:00,56.142236,160.442448,13.06,1.29,-0.839,1
2015-08-23 00:45:51.760000+00:00,56.058813,160.615316,34.17,1.23,-100.0,1
2015-08-23 00:54:01.760000+00:00,56.050256,160.629232,4.19,1.09,-100.0,1
2015-08-23 01:01:18.440000+00:00,56.052515,160.608968,34.53,1.15,-100.0,1
2015-08-23 01:23:27.630000+00:00,56.05151,160.60568,30.44,1.19,-0.345,1
2015-08-23 01:52:01.150000+00:00,56.053764,160.606771,31.65,1.32,-0.685,1
2015-08-23 02:11:58.170000+00:00,56.080904,160.55026,33.53,1.05,-100.0,1
2015-08-23 04:02:57.320000+00:00,56.051009,160.59943,29.89,0.92,-0.691,1
2015-08-23 04:04:34.810000+00:00,55.691801,160.428499,12.25,0.97,0.047,1
2015-08-23 04:17:37.120000+00:00,56.052327,160.588525,26.5,1.0,-100.0,1
2015-08-23 04:54:53.370000+00:00,56.047758,160.60568,29.58,1.2,-100.0,1
2015-08-23 06:41:05.400000+00:00,56.048197,160.609603,29.36,1.3,-100.0,1
2015-08-23 07:30:41.050000+00:00,56.045194,160.598128,28.03,1.55,-0.774,1
2015-08-23 07:59:07.470000+00:00,56.053296,160.603939,30.01,1.25,-100.0,1
2015-08-23 08:20:40.390000+00:00,56.033793,160.57404,24.89,1.09,-100.0,1
2015-08-23 09:46:47.460000+00:00,56.126603,160.628662,17.62,0.86,-100.0,1
2015-08-23 09:49:25.840000+00:00,56.049679,160.603906,31.97,1.18,-100.0,1
2015-08-23 10:05:16.110000+00:00,55.718998,160.438721,8.56,0.86,-0.186,1
2015-08-23 11:37:39.820000+00:00,56.04456,160.608301,30.02,1.27,-100.0,1
2015-08-23 13:06:48.540000+00:00,55.547176,160.322038,15.48,0.83,-0.128,1
2015-08-23 13:41:32.220000+00:00,56.053312,160.604053,29.98,1.49,-0.578,1
2015-08-23 14:10:37.190000+00:00,56.055151,160.609147,32.64,1.29,-100.0,1
2015-08-23 14:40:13.240000+00:00,56.04858,160.60542,29.61,1.25,-100.0,1
2015-08-23 15:28:04.730000+00:00,56.051754,160.61875,32.26,1.26,-0.819,1
2015-08-23 15:43:11.290000+00:00,56.056791,160.594303,31.9,0.99,-100.0,1
2015-08-23 15:59:06.680000+00:00,56.05415,160.610368,32.35,0.85,-100.0,1
2015-08-23 16:24:32.470000+00:00,56.047371,160.604492,29.73,1.35,-0.567,1
2015-08-23 18:37:57.080000+00:00,56.046545,160.5771,25.9,1.25,-100.0,1
2015-08-23 19:30:30.240000+00:00,55.54421,160.320199,15.17,1.24,-0.176,1
2015-08-23 20:03:32.140000+00:00,55.96368,160.869189,7.39,1.61,0.312,1
2015-08-23 20:04:17+00:00,56.053642,160.613102,31.74,1.46,-0.789,1
2015-08-23 23:21:25.400000+00:00,56.053097,160.600114,31.61,1.15,-100.0,1
2015-08-24 00:21:22.340000+00:00,56.054785,160.615902,32.63,1.45,-0.834,1
2015-08-24 01:34:22.500000+00:00,56.002539,160.802262,19.99,0.99,-100.0,1
2015-08-24 02:15:48.750000+00:00,56.046342,160.60542,28.8,1.22,-0.68,1
2015-08-24 02:43:52.730000+00:00,56.051066,160.597363,29.77,1.15,-0.699,1
2015-08-24 03:00:27.220000+00:00,56.057987,160.624919,33.08,1.21,-0.805,1
2015-08-24 03:23:13.470000+00:00,56.058866,160.617253,33.65,1.42,-0.758,1
2015-08-24 03:45:14.670000+00:00,56.055208,160.610042,31.72,1.46,-0.977,1
2015-08-24 03:47:31.980000+00:00,56.105009,160.488428,6.88,0.73,-0.708,1
2015-08-24 04:24:38.240000+00:00,56.058378,160.604753,30.98,1.52,-0.829,1
2015-08-24 04:34:27.710000+00:00,55.721452,160.635693,10.84,1.17,-0.146,1
2015-08-24 04:42:45.740000+00:00,56.058175,160.60415,33.42,1.22,-0.654,1
2015-08-24 05:12:31.150000+00:00,56.055212,160.608203,32.23,1.51,-0.782,1
2015-08-24 05:54:08.380000+00:00,56.050476,160.603402,30.03,1.46,-0.684,1
2015-08-24 06:19:42.480000+00:00,56.0401,160.600716,26.73,1.06,-0.761,1
2015-08-24 07:07:44.330000+00:00,56.051204,160.607796,30.63,1.6,-0.708,1
2015-08-24 07:34:57.070000+00:00,56.053149,160.609961,31.05,1.65,-0.801,1
2015-08-24 07:52:31.980000+00:00,56.050582,160.606087,29.41,1.48,-0.794,1
2015-08-24 08:12:04.190000+00:00,55.53835,160.325244,13.04,1.14,0.12,1
2015-08-24 08:14:33.840000+00:00,56.053292,160.595605,31.1,1.38,-0.686,1
2015-08-24 08:54:03.510000+00:00,56.052433,160.604492,30.62,1.69,-0.666,1
2015-08-24 09:35:49.100000+00:00,56.054993,160.605062,31.47,1.6,-0.709,1
2015-08-24 09:53:39.430000+00:00,55.60946,160.554411,33.03,1.77,-100.0,1
2015-08-24 10:15:45.310000+00:00,56.099357,160.483105,31.47,1.51,-0.686,1
2015-08-24 11:07:51.310000+00:00,56.0479,160.60153,29.3,1.6,-0.667,1
2015-08-24 11:37:33.890000+00:00,56.054195,160.607048,31.19,1.37,-0.619,1
2015-08-24 12:06:09.640000+00:00,56.123617,160.465299,31.77,1.39,-0.73,1
2015-08-24 12:40:08.450000+00:00,56.056425,160.608285,33.22,1.4,-0.728,1
2015-08-24 14:06:36.680000+00:00,56.047412,160.6014,28.34,1.39,-0.739,1
2015-08-24 15:11:15.360000+00:00,56.050138,160.597542,29.67,1.03,-0.623,1
2015-08-24 15:59:23+00:00,56.052474,160.613525,30.8,1.45,-0.666,1
2015-08-24 17:06:27.080000+00:00,56.054561,160.621257,32.11,1.4,-0.67,1
2015-08-24 17:57:08.180000+00:00,55.675765,160.414616,-2.04,0.36,-100.0,1
2015-08-24 18:06:49.360000+00:00,56.050244,160.607178,30.16,1.58,-0.731,1
2015-08-24 18:40:24.280000+00:00,55.685836,160.434066,10.61,0.88,-100.0,1
2015-08-24 19:28:12.100000+00:00,56.048714,160.597347,29.12,1.47,-0.745,1
2015-08-24 21:01:41.640000+00:00,56.054716,160.622917,1.69,1.42,-0.818,1
2015-08-24 21:43:50.920000+00:00,55.704948,160.427555,13.77,1.58,-0.199,1
2015-08-24 21:50:52.420000+00:00,56.044641,160.602344,27.73,1.29,-0.813,1
2015-08-24 22:57:10.980000+00:00,56.050753,160.605192,30.53,1.27,-0.683,1
2015-08-25 00:06:32.070000+00:00,56.05127,160.602295,30.44,1.63,-0.895,1
2015-08-25 01:03:14.310000+00:00,56.045003,160.595394,29.64,1.42,-0.762,1
2015-08-25 02:50:32.570000+00:00,56.055745,160.608105,32.35,0.88,-100.0,1
2015-08-25 04:48:47.470000+00:00,56.045487,160.606608,28.81,1.78,-0.723,1
2015-08-25 05:31:53.490000+00:00,56.056698,160.61141,32.32,1.68,-0.561,1
2015-08-25 05:45:11.370000+00:00,55.553084,160.510905,10.37,1.32,-0.031,1
2015-08-25 05:47:00.360000+00:00,55.557731,160.510693,9.56,1.1,-0.034,1
2015-08-25 06:20:42.310000+00:00,56.048751,160.599902,28.09,1.55,-0.681,1
2015-08-25 07:05:13.450000+00:00,56.048796,160.605697,29.85,1.37,-0.755,1
2015-08-25 07:58:38.220000+00:00,56.074784,160.64471,7.94,1.17,-0.909,1
2015-08-25 10:36:28.450000+00:00,56.057064,160.612777,4.75,1.53,-0.724,1
2015-08-25 13:18:29.560000+00:00,56.046806,160.603857,28.41,1.4,-0.889,1
2015-08-25 14:49:14.190000+00:00,56.057117,160.622607,32.23,1.61,-0.651,1
2015-08-25 16:26:09.180000+00:00,56.046724,160.594808,30.32,1.31,-0.528,1
2015-08-25 16:47:15.020000+00:00,55.700684,160.452555,12.25,0.86,-0.12,1
2015-08-25 17:11:52.160000+00:00,56.050081,160.597998,29.29,1.28,-100.0,1
2015-08-25 17:55:55.960000+00:00,55.689596,160.44318,14.12,0.65,-100.0,1
2015-08-25 18:24:06.040000+00:00,56.049398,160.603076,29.4,1.25,-100.0,1
2015-08-25 18:47:33.280000+00:00,56.037134,160.599235,21.0,1.32,-100.0,1
2015-08-25 18:57:44.080000+00:00,56.258285,160.634326,4.84,1.35,-100.0,1
2015-08-25 19:43:38.440000+00:00,56.051526,160.600944,30.02,1.62,-0.731,1
2015-08-25 21:33:46.320000+00:00,55.539945,160.325391,13.8,1.09,-100.0,1
2015-08-25 21:48:01.780000+00:00,56.045736,160.595313,28.15,1.43,-0.582,1
2015-08-25 22:49:19.020000+00:00,56.048861,160.594287,29.35,1.15,-0.689,1
2015-08-26 01:11:30.640000+00:00,56.057617,160.613639,32.72,1.8,-0.72,1
2015-08-26 02:12:43.700000+00:00,56.204517,160.883512,22.47,1.07,-100.0,1
2015-08-26 02:26:30.870000+00:00,56.074365,160.668571,44.1,0.88,-100.0,1
2015-08-26 04:26:19.650000+00:00,56.066646,160.625586,40.03,1.52,-100.0,1
2015-08-26 05:49:33.530000+00:00,56.075053,160.616211,40.98,1.24,-0.744,1
2015-08-26 06:36:38.490000+00:00,56.219641,160.840674,15.41,1.25,-100.0,1
2015-08-26 07:19:31.470000+00:00,56.048653,160.599219,29.85,1.46,-0.691,1
2015-08-26 08:07:15.230000+00:00,56.036646,160.564567,33.4,1.05,-0.822,1
2015-08-26 08:36:57.860000+00:00,56.05426,160.623437,36.38,1.27,-100.0,1
2015-08-26 09:06:50.880000+00:00,56.095841,160.548324,10.98,1.36,-0.199,1
2015-08-26 09:08:11.880000+00:00,56.047164,160.602946,29.8,1.57,-0.67,1
2015-08-26 09:21:15.570000+00:00,55.724951,160.358057,13.46,1.07,-0.311,1
2015-08-26 10:54:55.810000+00:00,56.033842,160.560107,35.95,1.35,-0.895,1
2015-08-26 11:37:08.570000+00:00,56.044246,160.580078,26.82,1.05,-0.751,1
2015-08-26 12:05:48.320000+00:00,56.049569,160.604069,30.17,1.18,-0.746,1
2015-08-26 12:55:09.500000+00:00,56.046004,160.596647,27.22,1.12,-0.65,1
2015-08-26 12:57:40.930000+00:00,56.161271,160.910107,24.71,1.47,-0.112,1
2015-08-26 13:32:03.190000+00:00,56.05686,160.610059,34.59,1.49,-0.676,1
2015-08-26 14:25:41.050000+00:00,56.047432,160.602637,28.86,1.26,-0.822,1
2015-08-26 14:27:43.360000+00:00,56.107601,160.468962,1.42,0.44,-100.0,1
2015-08-26 14:57:00.890000+00:00,55.800313,160.30542,-1.78,0.17,-100.0,1
2015-08-26 15:47:53.910000+00:00,56.049898,160.589762,30.48,1.21,-0.594,1
2015-08-26 16:01:40.640000+00:00,55.804956,160.026058,15.75,1.64,-0.079,1
2015-08-26 16:34:07.910000+00:00,56.058752,160.619287,33.91,1.17,-0.805,1
2015-08-26 16:50:22.560000+00:00,55.727205,160.479622,0.45,0.98,-0.121,1
2015-08-26 17:26:22.500000+00:00,56.045463,160.598389,28.0,1.32,-0.718,1
2015-08-26 18:28:16.780000+00:00,56.022644,160.543783,25.44,1.17,-0.795,1
2015-08-26 19:52:28.480000+00:00,56.050688,160.606445,30.05,1.57,-0.699,1
2015-08-26 20:46:32.580000+00:00,55.832414,160.378402,6.0,0.85,-0.757,1
2015-08-26 21:01:24.980000+00:00,56.056132,160.60931,32.96,1.36,-100.0,1
2015-08-26 21:23:11+00:00,55.701058,160.648975,8.53,1.72,-0.178,1
2015-08-26 21:54:10.600000+00:00,56.054732,160.623405,28.82,1.14,-0.858,1
2015-08-26 22:42:57.440000+00:00,56.047766,160.607926,30.32,1.38,-0.687,1
2015-08-26 23:31:26.640000+00:00,56.276046,160.444336,20.95,1.11,0.03,1
2015-08-27 01:09:43.590000+00:00,56.108927,160.55262,12.45,0.37,-100.0,1
2015-08-27 01:18:54.140000+00:00,56.101929,160.547721,9.85,1.65,-0.093,1
2015-08-27 01:59:53.830000+00:00,56.130143,160.445622,12.45,0.94,-0.429,1
2015-08-27 02:19:38.710000+00:00,55.828589,160.378874,6.17,0.78,-0.607,1
2015-08-27 02:20:49.400000+00:00,55.835929,160.387598,6.56,0.39,-100.0,1
2015-08-27 02:21:15.900000+00:00,55.831209,160.382747,7.27,0.83,-100.0,1
2015-08-27 02:22:59.470000+00:00,55.836239,160.378076,7.83,0.68,-0.346,1
2015-08-27 02:24:51.370000+00:00,55.861015,160.433268,29.07,0.74,-0.529,1
2015-08-27 02:30:49.990000+00:00,55.836995,160.380143,8.77,0.75,-100.0,1
2015-08-27 02:34:41.700000+00:00,55.834208,160.386702,10.06,0.58,-0.057,1
2015-08-27 02:35:22.410000+00:00,55.838888,160.381201,10.73,1.06,-0.092,1
2015-08-27 02:35:32.310000+00:00,56.04823,160.609847,28.82,1.51,-0.484,1
2015-08-27 02:37:56.960000+00:00,55.836568,160.402214,11.66,0.83,-100.0,1
2015-08-27 02:39:14.620000+00:00,55.83468,160.381689,10.03,0.73,-100.0,1
2015-08-27 02:40:06.880000+00:00,55.8337,160.383219,10.37,0.8,-0.386,1
2015-08-27 02:41:29.040000+00:00,55.835453,160.382861,11.04,0.86,-0.868,1
2015-08-27 02:45:01.250000+00:00,55.840096,160.385661,0.3,0.8,-0.614,1
2015-08-27 02:45:28.660000+00:00,55.84305,160.408285,14.19,0.58,-100.0,1
2015-08-27 02:46:03.530000+00:00,55.840039,160.389616,14.11,0.62,-100.0,1
2015-08-27 02:46:31.250000+00:00,55.83678,160.392415,11.53,1.13,-0.886,1
2015-08-27 02:48:21.250000+00:00,55.834595,160.402637,15.59,0.61,-100.0,1
2015-08-27 02:50:09.500000+00:00,55.842924,160.403776,15.65,0.76,-0.69,1
2015-08-27 02:50:45.490000+00:00,55.836739,160.396403,13.39,0.8,-100.0,1
2015-08-27 02:52:03.630000+00:00,55.839445,160.3861,7.22,0.57,-100.0,1
2015-08-27 02:53:19.410000+00:00,55.804777,160.413265,21.54,0.76,-100.0,1
2015-08-27 02:53:54.360000+00:00,55.841703,160.419124,15.84,0.84,-0.043,1
2015-08-27 02:54:28.860000+00:00,55.836296,160.389176,11.59,0.94,-0.567,1
2015-08-27 02:55:38.950000+00:00,55.83938,160.384766,14.32,0.66,-0.473,1
2015-08-27 02:56:22.650000+00:00,55.837935,160.385042,13.75,0.72,-0.266,1
2015-08-27 02:57:04.850000+00:00,55.842342,160.402018,15.03,0.63,-0.653,1
2015-08-27 03:04:20+00:00,55.848319,160.39069,17.08,0.7,-0.529,1
2015-08-27 03:27:03.920000+00:00,55.57701,160.304492,10.48,1.56,-0.866,1
2015-08-27 04:53:05.790000+00:00,56.107975,160.55516,13.73,0.59,-100.0,1
2015-08-27 04:54:13.400000+00:00,56.101921,160.547965,9.77,2.07,-0.002,1
2015-08-27 05:11:55.830000+00:00,56.101929,160.547607,9.8,1.32,-0.249,1
2015-08-27 05:25:15.570000+00:00,56.106909,160.551953,12.18,0.47,-100.0,1
2015-08-27 05:28:52.900000+00:00,56.108712,160.529036,10.46,0.43,-100.0,1
2015-08-27 06:12:44.340000+00:00,56.104867,160.549512,10.55,0.6,-100.0,1
2015-08-27 06:25:54.630000+00:00,56.048157,160.608838,30.27,1.2,-0.752,1
2015-08-27 07:40:33.100000+00:00,55.534558,160.286393,13.5,0.15,-100.0,1
2015-08-27 08:31:44.810000+00:00,56.050545,160.604167,30.37,1.47,-0.746,1
2015-08-27 09:56:50.200000+00:00,55.724666,160.028711,7.21,0.53,-100.0,1
2015-08-27 10:43:37.160000+00:00,56.046244,160.600863,29.25,1.26,-0.554,1
2015-08-27 11:44:43.200000+00:00,56.054598,160.61097,32.42,1.34,-100.0,1
2015-08-27 12:44:14.300000+00:00,56.051396,160.601742,29.51,1.72,-0.795,1
2015-08-27 12:44:16.560000+00:00,56.062089,160.623324,33.42,1.77,-0.795,1
2015-08-27 12:45:16.960000+00:00,56.096175,160.548128,6.74,0.37,-100.0,1
2015-08-27 13:30:22.650000+00:00,56.051322,160.606999,30.13,1.14,-0.811,1
2015-08-27 14:09:57.030000+00:00,56.051681,160.608171,31.48,0.85,-1.02,1
2015-08-27 15:00:47.170000+00:00,56.057898,160.609049,32.37,1.45,-0.656,1
2015-08-27 15:53:26.640000+00:00,55.866044,160.198779,19.91,1.18,-0.067,1
2015-08-27 15:59:01.650000+00:00,56.062594,160.642969,32.37,1.1,-0.694,1
2015-08-27 17:18:57+00:00,56.047485,160.612305,32.06,1.49,-0.63,1
2015-08-27 17:26:43.520000+00:00,55.704333,160.473665,-1.15,0.61,-100.0,1
2015-08-27 17:37:12.480000+00:00,56.101709,160.547754,9.61,1.24,-0.178,1
2015-08-27 18:09:23.280000+00:00,56.05887,160.609717,32.41,1.46,-0.733,1
2015-08-27 19:04:31.560000+00:00,55.713334,160.446663,8.1,0.78,-0.201,1
2015-08-27 19:08:28.560000+00:00,56.052022,160.615902,30.24,1.2,-0.592,1
2015-08-27 19:47:39.280000+00:00,56.115914,160.875456,25.93,1.46,-100.0,1
2015-08-27 19:49:49.700000+00:00,56.055892,160.663965,33.02,1.13,-0.916,1
2015-08-27 19:51:04.460000+00:00,56.11958,160.877344,25.22,1.36,-100.0,1
2015-08-27 20:58:12.420000+00:00,56.056637,160.615527,34.32,1.7,-0.708,1
2015-08-27 22:17:55.660000+00:00,56.050761,160.60988,34.06,1.43,-0.75,1
2015-08-27 22:59:25.980000+00:00,56.021155,160.656624,36.74,1.19,-100.0,1
2015-08-27 23:42:10.080000+00:00,56.046436,160.617334,35.7,1.57,-0.681,1
2015-08-28 00:49:03.750000+00:00,55.715275,160.987712,22.08,1.08,0.03,1
2015-08-28 01:02:45.450000+00:00,56.064396,160.607812,36.28,1.29,-0.494,1
2015-08-28 01:05:07.380000+00:00,56.10129,160.548307,9.67,1.85,-0.066,1
2015-08-28 01:24:10.850000+00:00,55.692965,160.489046,-0.23,1.02,-0.05,1
2015-08-28 02:05:47.540000+00:00,56.048975,160.605469,29.69,1.83,-0.866,1
2015-08-28 03:11:37.790000+00:00,56.052991,160.608968,32.53,1.24,-0.736,1
2015-08-28 03:18:01.630000+00:00,55.730436,160.697233,17.57,1.92,-0.169,1
2015-08-28 04:03:48.990000+00:00,56.054386,160.608854,32.92,1.32,-0.801,1
2015-08-28 04:51:08.220000+00:00,55.987024,160.935726,16.74,1.29,-0.017,1
2015-08-28 05:14:38.300000+00:00,56.058598,160.611279,34.83,1.71,-0.783,1
2015-08-28 06:38:07.140000+00:00,56.053271,160.606445,33.07,1.21,-0.775,1
2015-08-28 07:47:42.880000+00:00,56.053223,160.599333,31.55,1.06,-0.734,1
2015-08-28 09:08:49.040000+00:00,56.054089,160.606315,31.49,1.65,-0.787,1
2015-08-28 09:53:45.970000+00:00,56.16652,160.86779,26.13,1.56,-0.098,1
2015-08-28 10:02:38.610000+00:00,55.997697,160.636475,25.11,1.1,-0.76,1
2015-08-28 11:30:13.130000+00:00,56.053385,160.60096,30.35,1.64,-0.875,1
2015-08-28 12:58:22.120000+00:00,56.121798,160.893717,27.22,1.26,-100.0,1
2015-08-28 13:12:37.870000+00:00,56.06182,160.612581,36.24,1.27,-0.634,1
2015-08-28 13:44:04.730000+00:00,55.829114,160.376497,-1.41,0.85,-0.442,1
2015-08-28 14:09:07.960000+00:00,56.066248,160.597591,32.03,1.42,-100.0,1
2015-08-28 14:36:46.430000+00:00,55.691964,160.475407,-0.39,1.33,-0.103,1
2015-08-28 14:48:41.690000+00:00,56.046667,160.600407,29.33,1.53,-0.678,1
2015-08-28 14:58:23.290000+00:00,55.78348,160.344352,6.98,0.99,-0.684,1
2015-08-28 16:47:32.050000+00:00,55.685177,160.431868,9.61,1.43,-0.074,1
2015-08-28 16:56:17.750000+00:00,56.050952,160.607357,29.91,1.63,-0.733,1
2015-08-28 18:42:05.560000+00:00,56.054789,160.6111,32.53,1.7,-0.858,1
2015-08-28 20:15:13.080000+00:00,56.0552,160.615023,31.66,1.55,-0.816,1
2015-08-28 22:34:53.120000+00:00,56.057581,160.611719,32.76,1.85,-0.798,1
2015-08-28 23:26:13.760000+00:00,56.055033,160.610856,32.06,1.7,-0.851,1
2015-08-29 00:30:52.680000+00:00,56.056217,160.60861,31.57,1.53,-0.77,1
2015-08-29 01:41:58.900000+00:00,55.720898,160.411198,13.36,0.8,-100.0,1
2015-08-29 01:48:15.670000+00:00,55.552983,160.51154,10.2,0.51,-100.0,1
2015-08-29 01:55:17.130000+00:00,56.048865,160.606543,30.28,1.56,-0.699,1
2015-08-29 03:11:00+00:00,55.995976,160.631608,24.33,1.46,-0.619,1
2015-08-29 03:32:38.480000+00:00,56.05695,160.621517,31.5,1.56,-0.716,1
2015-08-29 04:55:50.700000+00:00,56.046155,160.607422,29.68,1.44,-0.68,1
2015-08-29 05:15:44.220000+00:00,56.064262,160.623942,-0.88,1.03,-100.0,1
2015-08-29 05:50:33.380000+00:00,55.971549,160.943066,14.31,1.75,-0.23,1
2015-08-29 06:14:01.950000+00:00,55.979557,160.881706,19.44,2.49,-0.591,1
2015-08-29 06:56:06.670000+00:00,56.056396,160.610579,33.1,1.72,-0.757,1
2015-08-29 09:30:34.570000+00:00,56.04613,160.601367,28.48,1.67,-0.942,1
2015-08-29 10:18:01.700000+00:00,56.049178,160.68623,47.17,1.62,-0.86,1
2015-08-29 11:03:05.430000+00:00,56.189758,160.835563,24.36,1.54,-0.212,1
2015-08-29 11:53:02.460000+00:00,56.050452,160.603662,29.3,1.78,-0.863,1
2015-08-29 12:58:27.720000+00:00,56.052104,160.607145,31.88,1.43,-0.631,1
2015-08-29 14:32:40.470000+00:00,56.049866,160.601937,29.84,1.65,-0.798,1
2015-08-29 16:08:52.290000+00:00,56.096745,160.361003,6.41,1.58,0.121,1
2015-08-29 16:17:59.310000+00:00,56.052629,160.607503,31.51,1.9,-0.948,1
2015-08-29 18:06:09.840000+00:00,56.050094,160.603353,30.85,1.64,-0.914,1
2015-08-29 18:52:46.280000+00:00,56.055322,160.610612,31.6,1.61,-0.813,1
2015-08-29 18:58:44.040000+00:00,55.691195,160.460205,0.05,1.05,0.026,1
2015-08-29 20:08:50.520000+00:00,56.051994,160.606429,30.84,1.58,-0.743,1
2015-08-29 21:54:22.720000+00:00,56.113513,160.450456,14.65,1.35,-100.0,1
2015-08-29 21:59:04.200000+00:00,56.056038,160.604378,32.0,1.82,-0.847,1
2015-08-30 00:12:58.210000+00:00,56.056156,160.603857,32.05,1.62,-0.85,1
2015-08-30 01:33:11.250000+00:00,56.051363,160.602327,30.05,1.64,-0.815,1
2015-08-30 02:14:57.810000+00:00,56.112366,160.871419,25.1,2.12,0.08,1
2015-08-30 02:49:04.290000+00:00,55.685539,160.443994,10.0,1.42,-0.077,1
2015-08-30 03:15:31.770000+00:00,56.052612,160.604688,32.22,1.56,-0.661,1
2015-08-30 06:13:18.790000+00:00,55.927507,160.707975,11.1,2.27,-0.584,1
2015-08-30 06:43:24.900000+00:00,56.049113,160.607617,30.61,1.85,-0.82,1
2015-08-30 07:48:35.120000+00:00,56.059224,160.603027,32.67,1.7,-0.805,1
2015-08-30 08:59:03.900000+00:00,56.057389,160.614486,33.81,1.63,-0.727,1
2015-08-30 11:07:24.110000+00:00,55.71982,160.434798,10.06,1.59,-0.168,1
2015-08-30 11:46:02.200000+00:00,55.705542,160.470264,-0.58,0.92,-100.0,1
2015-08-30 12:15:22.450000+00:00,56.054305,160.596826,30.86,1.89,-0.76,1
2015-08-30 13:22:45.430000+00:00,56.067607,160.536605,29.62,1.54,-0.715,1
2015-08-30 14:36:30.820000+00:00,56.052775,160.600618,31.7,1.68,-0.754,1
2015-08-30 15:14:23.100000+00:00,55.721956,160.43265,8.81,1.48,-0.071,1
2015-08-30 15:51:52.440000+00:00,56.043595,160.588721,26.09,1.57,-0.73,1
2015-08-30 16:33:21.810000+00:00,55.701127,160.641569,6.96,1.16,-100.0,1
2015-08-30 17:04:58.820000+00:00,56.050191,160.607682,31.83,1.69,-0.67,1
2015-08-30 18:40:07.040000+00:00,55.792733,160.283285,16.13,0.49,-100.0,1
2015-08-30 19:26:59.400000+00:00,56.053276,160.605485,32.4,1.43,-0.731,1
2015-08-30 19:34:50.980000+00:00,56.09762,160.682015,4.41,1.12,-0.309,1
2015-08-30 22:06:43.400000+00:00,56.054399,160.610726,32.67,1.79,-0.736,1
2015-08-31 00:19:06.970000+00:00,56.050228,160.6007,29.76,1.69,-0.739,1
2015-08-31 01:48:14.430000+00:00,56.063745,160.613281,35.48,1.68,-0.666,1
2015-08-31 04:18:35.650000+00:00,55.504089,160.130273,22.88,1.35,-100.0,1
2015-08-31 04:22:22.230000+00:00,56.048844,160.608203,30.17,1.72,-0.822,1
2015-08-31 04:51:50.380000+00:00,55.837931,160.390983,3.24,0.08,-100.0,1
2015-08-31 05:18:13.970000+00:00,55.782849,160.366243,18.91,1.12,-0.491,1
2015-08-31 05:33:21.210000+00:00,56.049976,160.496338,51.1,1.13,-0.69,1
2015-08-31 05:57:45.230000+00:00,55.720605,160.503206,24.68,1.32,-100.0,1
2015-08-31 07:03:42.770000+00:00,56.063806,160.611833,34.06,1.49,-0.827,1
2015-08-31 08:04:26.260000+00:00,56.162077,160.899723,27.09,1.46,-100.0,1
2015-08-31 08:34:25.130000+00:00,56.055583,160.599821,31.82,1.51,-0.662,1
2015-08-31 09:35:26.610000+00:00,56.260002,160.642887,4.61,1.32,-100.0,1
2015-08-31 10:05:44.560000+00:00,56.074207,160.59375,28.22,1.35,-0.713,1
2015-08-31 11:24:51.470000+00:00,56.049239,160.603711,29.78,1.65,-0.777,1
2015-08-31 12:51:53.270000+00:00,56.046887,160.597689,28.18,1.33,-0.571,1
2015-08-31 13:01:47.820000+00:00,56.22076,160.852539,17.62,1.41,-100.0,1
2015-08-31 14:16:36.680000+00:00,56.051115,160.606527,31.13,1.74,-0.754,1
2015-08-31 16:01:41.570000+00:00,56.048189,160.603695,29.71,1.62,-0.701,1
2015-08-31 16:26:33.490000+00:00,55.712179,160.417985,13.51,1.1,-0.148,1
2015-08-31 17:19:16.080000+00:00,55.718132,160.439567,8.1,1.27,-0.127,1
2015-08-31 17:36:41.580000+00:00,56.053467,160.603613,30.83,1.27,-0.565,1
2015-08-31 17:40:43.880000+00:00,55.707739,160.457601,10.24,0.75,-0.001,1
2015-08-31 18:20:20.240000+00:00,56.111772,160.463818,0.17,0.97,-100.0,1
2015-08-31 18:49:49.900000+00:00,55.698271,160.639355,6.81,0.85,-0.202,1
2015-08-31 18:56:49.960000+00:00,56.049162,160.603613,29.9,1.61,-0.726,1
2015-08-31 19:24:29.760000+00:00,55.691439,160.434066,7.0,0.68,-0.081,1
2015-08-31 19:38:21.120000+00:00,55.845544,160.385091,10.29,0.58,-100.0,1
2015-08-31 20:34:07.040000+00:00,55.687056,160.663167,17.44,2.26,-0.386,1
2015-08-31 21:26:22.880000+00:00,56.048641,160.599707,29.49,1.56,-0.816,1
2015-08-31 21:34:57.540000+00:00,55.706331,160.418799,16.13,1.58,-0.123,1
2015-08-31 21:50:02.440000+00:00,55.704936,160.413444,16.88,0.69,-0.112,1
2015-08-31 23:13:00.080000+00:00,56.050146,160.602669,28.39,1.51,-0.726,1
2015-08-31 23:29:28.400000+00:00,55.718225,160.437891,8.19,1.73,-0.123,1
2015-08-31 23:52:36.280000+00:00,55.720577,160.457064,15.02,0.7,-100.0,1
2015-09-01 00:01:27.600000+00:00,55.725444,160.476449,-0.75,0.68,-100.0,1
2015-09-01 00:13:25.790000+00:00,55.831392,160.357633,8.94,0.26,-100.0,1
2015-09-01 00:21:00.770000+00:00,55.836617,160.382552,-2.56,0.24,-100.0,1
2015-09-01 00:22:29.660000+00:00,56.040649,160.595101,26.82,1.3,-0.774,1
2015-09-01 01:32:29.630000+00:00,56.050106,160.599788,30.45,1.2,-0.653,1
2015-09-01 01:39:51.930000+00:00,56.139535,160.866439,28.29,1.23,-100.0,1
2015-09-01 02:48:29.340000+00:00,56.029891,160.614307,36.58,0.93,-100.0,1
2015-09-01 03:47:38.430000+00:00,56.052246,160.614795,31.66,1.48,-0.778,1
2015-09-01 05:06:45.130000+00:00,56.054134,160.616683,31.48,1.55,-0.722,1
2015-09-01 07:25:03.600000+00:00,55.553003,160.270524,15.59,0.74,0.078,1
2015-09-01 07:49:00.980000+00:00,55.70885,160.426351,9.05,0.54,-100.0,1
2015-09-01 08:07:41.200000+00:00,56.047384,160.596094,28.98,1.41,-0.733,1
2015-09-01 09:42:00.330000+00:00,56.052673,160.602751,32.48,1.71,-0.735,1
2015-09-01 10:49:30.710000+00:00,56.049272,160.599333,31.6,1.31,-0.975,1
2015-09-01 11:42:02.710000+00:00,56.049809,160.595345,29.34,1.37,-0.675,1
2015-09-01 13:15:17.470000+00:00,56.043205,160.591927,27.47,1.45,-0.6,1
2015-09-01 14:46:10.850000+00:00,56.041467,160.592904,27.22,1.6,-0.682,1
2015-09-01 14:51:10.900000+00:00,56.079122,160.355111,4.29,0.58,-100.0,1
2015-09-01 15:36:59.360000+00:00,56.041016,160.599756,27.43,1.09,-100.0,1
2015-09-01 16:11:10.080000+00:00,56.05789,160.613704,32.48,1.26,-0.911,1
2015-09-01 16:20:01.040000+00:00,55.579797,160.446012,30.16,1.32,-100.0,1
2015-09-01 16:50:53.740000+00:00,56.051249,160.605762,31.02,1.65,-0.7,1
2015-09-01 18:03:10.180000+00:00,55.669592,160.390511,13.18,0.57,0.134,1
2015-09-01 18:09:34.840000+00:00,56.051786,160.610107,31.78,1.12,-0.861,1
2015-09-01 18:53:55.520000+00:00,56.18658,160.835547,27.0,1.31,-100.0,1
2015-09-01 18:54:58.920000+00:00,56.047754,160.601644,29.7,1.37,-0.592,1
2015-09-01 19:18:20.100000+00:00,55.694336,160.448763,6.83,0.91,0.097,1
2015-09-01 19:26:43.900000+00:00,55.643449,160.25778,34.23,0.83,-100.0,1
2015-09-01 21:10:55.440000+00:00,56.045898,160.594613,27.89,1.59,-0.496,1
2015-09-01 22:28:24.800000+00:00,56.05009,160.597607,26.03,1.48,-0.692,1
2015-09-01 22:58:37.680000+00:00,55.677726,160.450391,6.27,0.31,-100.0,1
2015-09-02 00:03:00.790000+00:00,56.052006,160.609098,31.3,1.51,-0.785,1
2015-09-02 02:09:31.390000+00:00,56.052458,160.618913,31.59,1.53,-0.673,1
2015-09-02 04:48:18.910000+00:00,56.049805,160.611279,30.06,1.58,-0.675,1
2015-09-02 07:24:04.690000+00:00,56.047762,160.603304,29.31,1.58,-0.753,1
2015-09-02 11:08:34.770000+00:00,56.048779,160.60599,30.27,1.73,-0.862,1
2015-09-02 15:03:31.360000+00:00,55.685889,160.397038,14.32,0.61,-0.09,1
2015-09-02 15:29:45.180000+00:00,56.060266,160.606494,31.58,1.48,-0.896,1
2015-09-02 16:12:08.790000+00:00,55.84196,160.37417,10.97,0.59,-0.081,1
2015-09-02 17:34:20.860000+00:00,55.712378,160.443213,8.86,0.83,-0.143,1
2015-09-02 18:17:44.360000+00:00,56.144511,160.865267,27.79,1.29,-100.0,1
2015-09-02 18:57:21.120000+00:00,56.056995,160.615853,32.23,1.71,-0.88,1
2015-09-02 19:22:07.400000+00:00,55.685437,160.43973,11.67,1.13,-0.099,1
2015-09-02 19:41:47.240000+00:00,56.128418,160.731445,23.31,1.36,-0.002,1
2015-09-02 19:55:13.520000+00:00,56.125879,160.724967,23.2,1.22,-100.0,1
2015-09-02 20:11:05.500000+00:00,56.053833,160.609505,30.8,1.15,-0.736,1
2015-09-02 22:47:28.560000+00:00,56.047668,160.60013,28.2,1.61,-0.842,1
2015-09-03 00:34:12.440000+00:00,56.046387,160.600374,29.68,1.29,-0.887,1
2015-09-03 01:58:36.280000+00:00,56.056038,160.606413,32.85,1.42,-0.738,1
2015-09-03 03:19:53.730000+00:00,56.046342,160.593213,30.99,1.33,-0.782,1
2015-09-03 04:21:18.090000+00:00,56.048271,160.600732,29.52,1.62,-0.777,1
2015-09-03 04:21:22.060000+00:00,56.137134,160.456543,15.86,1.65,-0.777,1
2015-09-03 05:05:14.460000+00:00,55.847567,160.399186,-1.24,0.4,-100.0,1
2015-09-03 05:08:55.900000+00:00,56.047542,160.594971,28.62,1.37,-0.701,1
2015-09-03 05:23:03.880000+00:00,55.779264,160.094906,13.14,2.26,-0.085,1
2015-09-03 05:26:43.610000+00:00,55.777942,160.096566,13.01,0.71,0.162,1
2015-09-03 06:15:44.530000+00:00,56.047677,160.594271,28.21,1.24,-0.672,1
2015-09-03 06:26:13.970000+00:00,55.718913,160.027393,6.61,0.32,-100.0,1
2015-09-03 07:09:42.410000+00:00,56.150981,160.349495,4.22,0.82,-100.0,1
2015-09-03 07:24:08.920000+00:00,56.051204,160.604232,30.21,1.43,-0.723,1
2015-09-03 07:43:48.650000+00:00,55.604749,160.534961,27.71,1.14,-100.0,1
2015-09-03 08:09:27.890000+00:00,56.050948,160.605176,29.4,1.23,-0.81,1
2015-09-03 08:54:59.490000+00:00,56.046525,160.593799,27.32,1.14,-0.501,1
2015-09-03 08:57:42.470000+00:00,55.835775,160.33763,1.09,0.14,-100.0,1
2015-09-03 09:52:02.550000+00:00,56.053292,160.598014,31.29,1.54,-0.654,1
2015-09-03 10:05:13.160000+00:00,55.778723,160.097347,11.32,0.45,0.189,1
2015-09-03 10:30:11.710000+00:00,56.051062,160.595996,34.01,0.96,-100.0,1
2015-09-03 11:11:04.720000+00:00,56.048515,160.600895,29.33,1.44,-0.757,1
2015-09-03 11:42:06.700000+00:00,55.691935,160.425911,11.59,0.35,-100.0,1
2015-09-03 12:04:12.730000+00:00,56.051111,160.601514,30.12,1.27,-0.817,1
2015-09-03 13:21:17.100000+00:00,56.05376,160.603027,31.01,1.73,-0.799,1
2015-09-03 13:49:04.060000+00:00,56.147913,160.35363,3.41,0.72,-100.0,1
2015-09-03 14:11:45.240000+00:00,56.051957,160.605404,30.85,1.31,-0.505,1
2015-09-03 14:12:37.530000+00:00,55.659635,160.429036,11.61,0.27,-100.0,1
2015-09-03 15:03:44.060000+00:00,55.692102,160.419531,13.84,0.36,0.201,1
2015-09-03 15:17:15.710000+00:00,56.045752,160.599089,28.1,1.32,-0.672,1
2015-09-03 15:53:31.080000+00:00,55.914795,160.83807,11.64,1.75,-0.497,1
2015-09-03 16:13:02.840000+00:00,56.11401,160.463444,-0.01,0.95,-0.802,1
2015-09-03 16:17:49.790000+00:00,56.068774,160.350065,3.7,0.5,-100.0,1
2015-09-03 16:37:52.750000+00:00,56.048376,160.596859,29.05,1.43,-0.767,1
2015-09-03 17:37:19.400000+00:00,55.67345,160.406364,14.11,1.03,-0.023,1
2015-09-03 18:27:35.160000+00:00,56.048535,160.605729,28.96,1.41,-0.69,1
2015-09-03 20:25:09.900000+00:00,56.048507,160.602555,29.24,1.4,-0.727,1
2015-09-03 20:26:11.680000+00:00,55.693835,160.41722,12.07,0.76,-0.049,1
2015-09-04 00:00:53.760000+00:00,56.045776,160.594743,28.22,1.97,-0.915,1
2015-09-04 00:07:45.340000+00:00,56.121598,160.453988,6.96,1.01,-1.009,1
2015-09-04 01:43:55.990000+00:00,55.698035,160.44139,15.04,0.8,-0.156,1
2015-09-04 01:52:41.960000+00:00,56.0486,160.602881,29.57,1.75,-0.91,1
2015-09-04 02:57:34+00:00,56.051998,160.605062,30.81,1.5,-0.831,1
2015-09-04 03:30:03.840000+00:00,56.045939,160.585482,30.93,1.01,-0.945,1
2015-09-04 04:08:07.820000+00:00,56.052828,160.608691,30.52,1.23,-0.734,1
2015-09-04 04:29:41.470000+00:00,56.134342,160.438639,1.39,0.46,-100.0,1
2015-09-04 04:59:23.190000+00:00,56.054911,160.61154,31.8,1.27,-0.932,1
2015-09-04 05:00:31.680000+00:00,55.694071,160.42015,22.38,0.92,-100.0,1
2015-09-04 05:29:48+00:00,56.047461,160.608512,29.28,1.26,-0.987,1
2015-09-04 05:54:38.660000+00:00,56.119747,160.452458,0.39,0.46,-0.66,1
2015-09-04 06:09:53.610000+00:00,56.055151,160.600814,31.29,1.56,-0.814,1
2015-09-04 07:34:02.080000+00:00,55.713253,160.546826,12.74,0.85,-0.511,1
2015-09-04 07:44:11.590000+00:00,56.052242,160.609993,31.07,1.43,-0.78,1
2015-09-04 08:29:24.960000+00:00,56.053955,160.623486,32.57,0.9,-0.981,1
2015-09-04 08:44:02.820000+00:00,55.730306,160.481673,0.27,0.42,-0.023,1
2015-09-04 09:09:01.600000+00:00,56.039705,160.598698,28.77,1.38,-0.799,1
2015-09-04 10:07:52.720000+00:00,56.226603,160.346663,1.26,0.67,-100.0,1
2015-09-04 10:52:26.410000+00:00,56.051172,160.605176,31.69,1.58,-0.902,1
2015-09-04 11:38:53.920000+00:00,56.046753,160.594971,27.73,1.11,-0.822,1
2015-09-04 11:57:28.140000+00:00,56.049239,160.605404,31.18,0.98,-0.688,1
2015-09-04 12:11:57.010000+00:00,56.060685,160.620492,40.57,1.11,-0.809,1
2015-09-04 12:25:20.670000+00:00,56.132422,160.464404,0.69,0.82,-100.0,1
2015-09-04 12:34:56.480000+00:00,56.050936,160.606217,30.31,0.85,-100.0,1
2015-09-04 12:50:21.690000+00:00,56.113082,160.474333,6.09,0.51,-0.056,1
2015-09-04 12:57:34.320000+00:00,56.049312,160.604997,29.85,1.59,-0.945,1
2015-09-04 13:57:24.890000+00:00,56.048401,160.622819,31.73,0.55,-0.283,1
2015-09-04 14:02:55.520000+00:00,56.052987,160.603613,29.85,0.86,-100.0,1
2015-09-04 14:03:39.750000+00:00,56.211275,160.898405,28.73,1.23,-0.079,1
2015-09-04 14:08:41.900000+00:00,56.099776,160.321598,4.93,1.13,-0.62,1
2015-09-04 14:21:21.170000+00:00,56.050378,160.600098,28.35,1.37,-0.838,1
2015-09-04 14:21:25.740000+00:00,56.046615,160.6014,28.16,1.47,-0.838,1
2015-09-04 14:50:22.340000+00:00,55.725553,160.46377,9.31,0.58,-0.127,1
2015-09-04 15:26:43.240000+00:00,56.057654,160.602832,32.26,1.12,-0.995,1
2015-09-04 15:44:22.660000+00:00,56.131921,160.445719,5.35,0.25,-0.516,1
2015-09-04 15:47:37.240000+00:00,56.049447,160.595964,26.96,0.46,-100.0,1
2015-09-04 15:56:50.490000+00:00,56.055672,160.599495,31.84,0.91,-0.747,1
2015-09-04 16:18:42.840000+00:00,55.677214,160.417676,13.74,0.44,-100.0,1
2015-09-04 16:25:08.680000+00:00,56.041052,160.593766,27.1,1.49,-0.708,1
2015-09-04 17:25:46.960000+00:00,56.050411,160.619775,0.61,0.65,-0.728,1
2015-09-04 17:41:08.520000+00:00,56.148283,160.878434,22.06,0.92,0.271,1
2015-09-04 17:58:53.860000+00:00,55.804891,160.288395,23.41,0.2,-0.485,1
2015-09-04 18:13:43.440000+00:00,56.055676,160.607666,32.06,0.63,-100.0,1
2015-09-04 18:37:42.060000+00:00,56.119328,160.455762,8.02,0.73,-0.699,1
2015-09-04 18:52:26.960000+00:00,56.055697,160.60568,31.35,1.12,-100.0,1
2015-09-04 19:23:33.440000+00:00,56.041846,160.596159,27.41,1.81,-0.752,1
2015-09-04 19:25:21+00:00,55.831657,160.868197,11.9,0.81,-0.146,1
2015-09-04 20:20:10.440000+00:00,55.637695,160.209294,29.3,1.1,-100.0,1
2015-09-04 21:17:30.880000+00:00,55.729679,160.333838,0.05,1.39,-0.223,1
2015-09-04 22:07:36.560000+00:00,56.054806,160.618571,3.31,1.61,-0.837,1
2015-09-04 23:19:05.960000+00:00,56.112752,160.45516,32.65,1.48,-0.773,1
2015-09-05 00:46:35.870000+00:00,56.05686,160.610156,32.13,1.52,-0.742,1
2015-09-05 02:41:49.210000+00:00,56.124341,160.966943,22.28,1.27,-100.0,1
2015-09-05 04:22:34.030000+00:00,55.821611,160.527425,14.36,1.22,-0.17,1
2015-09-05 06:05:53.320000+00:00,56.044356,160.602344,28.14,1.62,-0.557,1
2015-09-05 08:33:53.100000+00:00,55.631384,160.818327,7.07,0.83,-100.0,1
2015-09-05 09:25:53.220000+00:00,56.04991,160.601335,30.18,1.68,-0.813,1
2015-09-05 12:01:21.620000+00:00,56.044043,160.594678,27.33,1.5,-0.836,1
2015-09-05 14:53:49.810000+00:00,56.051794,160.601449,31.06,1.82,-0.897,1
2015-09-05 16:30:39.820000+00:00,56.051929,160.607585,30.24,1.74,-0.879,1
2015-09-05 18:29:18.380000+00:00,56.06259,160.456901,25.99,1.37,-0.915,1
2015-09-05 18:30:39.180000+00:00,55.701493,160.475456,11.96,0.98,-0.16,1
2015-09-05 19:35:32.480000+00:00,56.064742,160.600879,35.3,1.52,-0.871,1
2015-09-05 20:35:09.680000+00:00,56.05588,160.607633,4.24,1.5,-0.82,1
2015-09-05 21:43:35.040000+00:00,56.152738,160.889795,20.96,1.05,-100.0,1
2015-09-06 00:11:23.300000+00:00,56.053097,160.600749,30.0,1.62,-0.856,1
2015-09-06 01:01:54.250000+00:00,56.055074,160.608301,32.07,1.58,-0.984,1
2015-09-06 01:50:34.780000+00:00,56.056873,160.596077,30.83,1.14,-0.913,1
2015-09-06 03:00:09.160000+00:00,56.055725,160.599626,32.13,1.7,-0.809,1
2015-09-06 03:36:30.730000+00:00,56.052177,160.601774,30.07,0.8,-0.8,1
2015-09-06 05:01:55.340000+00:00,56.054036,160.602816,29.94,1.12,-0.755,1
2015-09-06 05:04:14.350000+00:00,55.561792,160.548633,36.53,1.82,-100.0,1
2015-09-06 05:17:10.800000+00:00,55.728955,160.412174,13.34,0.67,-0.142,1
2015-09-06 05:57:04.690000+00:00,56.072359,160.515576,28.48,1.47,-0.749,1
2015-09-06 06:41:53.010000+00:00,56.05439,160.615641,7.59,1.09,-0.821,1
2015-09-06 07:42:43.240000+00:00,56.1158,160.465088,-0.31,0.99,-0.917,1
2015-09-06 07:46:36.180000+00:00,56.053235,160.61307,33.21,1.29,-0.862,1
2015-09-06 09:18:53.970000+00:00,56.045573,160.601709,27.96,1.73,-0.737,1
2015-09-06 09:52:18.330000+00:00,56.077596,160.51014,36.84,1.46,-0.881,1
2015-09-06 09:54:50.200000+00:00,55.556478,160.409342,44.65,1.45,-100.0,1
2015-09-06 10:35:12.040000+00:00,56.059237,160.628613,34.35,1.29,-0.973,1
2015-09-06 12:12:08.920000+00:00,56.368974,160.605469,28.07,2.03,-0.054,1
2015-09-06 12:19:12.790000+00:00,56.047127,160.603304,29.13,1.68,-0.872,1
2015-09-06 12:47:57.500000+00:00,56.351127,160.569076,26.45,1.21,-100.0,1
2015-09-06 12:51:50.100000+00:00,56.050419,160.603483,30.06,1.49,-0.802,1
2015-09-06 13:33:06.930000+00:00,56.048507,160.61722,31.58,1.15,-0.752,1
2015-09-06 14:28:45.680000+00:00,56.047807,160.601058,28.19,1.48,-0.647,1
2015-09-06 17:38:19.720000+00:00,56.055501,160.606364,34.58,1.44,-1.118,1
2015-09-06 18:22:54.760000+00:00,56.063082,160.597493,8.52,1.23,-0.842,1
2015-09-06 19:09:28.980000+00:00,56.069173,160.591341,36.07,1.35,-0.716,1
2015-09-06 20:05:12.640000+00:00,56.062927,160.600277,33.1,1.21,-0.807,1
2015-09-06 20:41:46.440000+00:00,56.074471,160.636165,42.16,1.38,-0.72,1
2015-09-06 21:26:09.160000+00:00,55.761991,160.485352,12.93,0.66,-100.0,1
2015-09-06 22:19:57.300000+00:00,56.056934,160.607031,32.94,1.78,-0.771,1
2015-09-06 23:03:38.720000+00:00,55.823934,160.378125,1.26,0.65,-0.686,1
2015-09-06 23:10:57.280000+00:00,56.064701,160.622738,38.24,1.35,-0.796,1
2015-09-07 00:18:59.490000+00:00,55.837537,160.374967,1.2,1.75,-0.835,1
2015-09-07 00:20:15.110000+00:00,55.831242,160.375635,0.21,1.23,-0.631,1
2015-09-07 00:21:17.310000+00:00,55.83217,160.383952,0.13,1.43,-0.889,1
2015-09-07 00:31:56.400000+00:00,56.063086,160.615218,32.57,1.4,-100.0,1
2015-09-07 00:38:33.790000+00:00,55.840409,160.382764,0.32,0.87,-0.874,1
2015-09-07 01:17:39.930000+00:00,56.05872,160.624707,32.0,0.87,-0.648,1
2015-09-07 01:39:14.710000+00:00,56.173169,160.904492,24.09,1.45,-100.0,1
2015-09-07 01:49:53.870000+00:00,55.734054,160.441715,10.03,0.89,-100.0,1
2015-09-07 01:52:14.140000+00:00,55.846021,160.360938,16.15,1.22,-100.0,1
2015-09-07 02:05:18.760000+00:00,56.209729,160.819466,-1.91,0.8,-100.0,1
2015-09-07 02:07:08.680000+00:00,56.051058,160.606038,30.64,1.68,-0.776,1
2015-09-07 02:10:52.240000+00:00,56.296232,160.993148,23.27,1.49,-100.0,1
2015-09-07 02:54:20.150000+00:00,56.074723,160.524268,38.78,1.08,-100.0,1
2015-09-07 03:37:02.160000+00:00,56.065096,160.530225,42.46,1.46,-0.82,1
2015-09-07 03:54:05.360000+00:00,56.170483,160.838053,19.24,1.61,-100.0,1
2015-09-07 04:05:04.070000+00:00,55.858459,160.405452,-2.31,0.46,-100.0,1
2015-09-07 04:12:33.170000+00:00,55.838265,160.380632,13.2,0.61,-100.0,1
2015-09-07 04:16:23.790000+00:00,56.060783,160.598324,35.5,1.37,-0.764,1
2015-09-07 04:54:54.360000+00:00,56.045211,160.591764,27.37,1.65,-0.688,1
2015-09-07 06:03:13.400000+00:00,56.01154,160.548503,25.75,1.35,-0.739,1
2015-09-07 07:12:00.650000+00:00,56.055562,160.613346,33.48,1.55,-0.679,1
2015-09-07 07:57:00.280000+00:00,56.045988,160.596842,30.0,1.34,-0.887,1
2015-09-07 08:11:59.350000+00:00,55.533858,160.336784,14.48,1.07,0.046,1
2015-09-07 08:41:02.550000+00:00,56.059835,160.61792,35.03,1.21,-100.0,1
2015-09-07 08:57:18.780000+00:00,55.567033,160.40153,46.21,2.11,-100.0,1
2015-09-07 09:05:15.130000+00:00,55.704488,160.441781,13.23,1.4,-0.133,1
2015-09-07 09:42:47.890000+00:00,56.045313,160.590674,27.11,1.35,-0.692,1
2015-09-07 10:57:46.320000+00:00,56.043481,160.597786,29.83,1.71,-0.714,1
2015-09-07 11:33:07.050000+00:00,55.704956,160.481722,0.52,0.81,-0.222,1
2015-09-07 12:09:14.460000+00:00,56.05223,160.605192,39.63,1.15,-0.918,1
2015-09-07 12:15:09.940000+00:00,55.807633,160.513802,-1.22,0.55,-100.0,1
2015-09-07 12:44:11.420000+00:00,56.147233,160.882666,27.2,1.44,-100.0,1
2015-09-07 12:52:16.230000+00:00,56.050728,160.601872,29.91,1.5,-0.842,1
2015-09-07 13:58:42.060000+00:00,56.050008,160.599674,30.48,1.55,-0.783,1
2015-09-07 14:43:38.410000+00:00,56.065283,160.630387,-0.11,1.2,-0.69,1
2015-09-07 15:50:57+00:00,56.04694,160.602767,29.53,1.55,-0.723,1
2015-09-07 16:15:42.740000+00:00,55.817537,160.501221,4.47,0.57,-100.0,1
2015-09-07 16:32:25.790000+00:00,56.050423,160.59751,28.24,1.57,-0.63,1
2015-09-07 17:10:07.820000+00:00,55.816317,160.501563,4.17,1.0,-0.22,1
2015-09-07 17:11:44.660000+00:00,55.815837,160.502197,4.58,0.66,-0.244,1
2015-09-07 17:18:15.800000+00:00,56.069067,160.693083,23.37,1.52,-0.745,1
2015-09-07 17:21:14.700000+00:00,55.816154,160.501807,4.15,0.09,-100.0,1
2015-09-07 18:05:43.400000+00:00,56.050016,160.608333,30.88,1.32,-0.764,1
2015-09-07 18:40:48.320000+00:00,55.672404,160.483838,13.39,0.45,-100.0,1
2015-09-07 18:56:38.520000+00:00,56.053084,160.60931,31.34,1.64,-0.749,1
2015-09-07 21:16:55.040000+00:00,56.130025,160.443701,5.92,0.86,-100.0,1
2015-09-07 22:34:02.320000+00:00,56.056905,160.608805,32.8,1.68,-0.672,1
2015-09-07 23:24:23.220000+00:00,56.050936,160.604785,30.76,0.98,-100.0,1
2015-09-08 00:19:10.090000+00:00,56.035982,160.60599,29.0,1.4,-1.124,1
2015-09-08 01:43:42.660000+00:00,56.045056,160.60708,29.37,1.6,-0.692,1
2015-09-08 02:57:04.380000+00:00,56.116646,160.450098,26.38,1.3,-0.841,1
2015-09-08 04:03:56.600000+00:00,56.06154,160.611849,32.96,1.53,-0.786,1
2015-09-08 05:13:32.260000+00:00,56.054484,160.611556,31.11,1.39,-0.706,1
2015-09-08 06:09:53.540000+00:00,56.043929,160.585433,26.38,1.16,-0.751,1
2015-09-08 07:01:38.280000+00:00,56.042472,160.605371,28.3,1.42,-0.761,1
2015-09-08 08:06:13.620000+00:00,56.053219,160.611686,31.86,1.54,-0.744,1
2015-09-08 10:46:58.320000+00:00,55.827051,160.377718,2.95,0.28,-0.777,1
2015-09-08 12:23:02.730000+00:00,56.042444,160.602393,26.72,1.96,-0.927,1
2015-09-08 13:28:59.760000+00:00,56.051725,160.608268,32.18,1.52,-0.707,1
2015-09-08 15:08:54.440000+00:00,56.122046,160.448747,4.34,0.87,-100.0,1
2015-09-08 15:15:44.390000+00:00,56.055575,160.608724,31.76,1.25,-0.756,1
2015-09-08 16:29:51.740000+00:00,56.045589,160.596566,28.46,1.53,-0.774,1
2015-09-08 18:05:03.420000+00:00,56.056539,160.623258,-1.57,1.38,-0.798,1
2015-09-08 19:37:13.080000+00:00,56.051851,160.60013,29.33,1.65,-0.846,1
2015-09-08 21:20:30.200000+00:00,56.097168,160.522868,12.61,1.43,-0.988,1
2015-09-08 22:04:54.740000+00:00,55.713554,160.426562,10.81,0.51,-100.0,1
2015-09-09 00:35:44.110000+00:00,56.054411,160.607699,31.56,1.62,-0.834,2
2015-09-09 02:09:35.800000+00:00,56.04613,160.598877,27.78,1.32,-0.558,2
2015-09-09 02:23:35.270000+00:00,56.123543,160.649137,16.36,0.59,-100.0,2
2015-09-09 03:57:42.160000+00:00,56.05035,160.606934,31.13,1.58,-0.775,2
2015-09-09 05:33:16.730000+00:00,55.636743,160.432373,8.04,1.24,-0.009,2
2015-09-09 08:54:35.590000+00:00,56.052458,160.597233,31.07,1.34,-100.0,2
2015-09-09 10:38:56+00:00,56.049068,160.600977,29.88,1.61,-0.756,2
2015-09-09 12:16:50.290000+00:00,55.703487,160.415511,-0.44,0.49,-100.0,2
2015-09-09 12:42:18.760000+00:00,55.661283,160.409489,10.25,0.98,-0.15,2
2015-09-09 12:46:43.030000+00:00,56.068327,160.596745,29.86,1.36,-100.0,2
2015-09-09 13:31:30.240000+00:00,56.050232,160.605697,31.0,1.78,-0.862,2
2015-09-09 13:56:48.340000+00:00,56.158691,160.409603,5.09,0.57,-100.0,2
2015-09-09 14:16:59.830000+00:00,56.05284,160.605566,30.95,1.54,-0.817,2
2015-09-09 15:06:57.660000+00:00,56.051457,160.613281,30.76,1.42,-0.99,2
2015-09-09 16:08:46.120000+00:00,56.066447,160.61486,34.35,1.67,-0.906,2
2015-09-09 17:32:10.520000+00:00,55.833232,160.384701,-2.5,0.48,-0.16,2
2015-09-09 17:41:19.640000+00:00,56.049858,160.597054,28.87,1.42,-0.901,2
2015-09-09 18:44:00.040000+00:00,56.054639,160.613395,33.23,1.39,-0.916,2
2015-09-09 20:33:51.420000+00:00,56.053288,160.60542,29.77,1.54,-0.779,2
2015-09-09 21:40:05.700000+00:00,56.044702,160.598047,27.97,1.32,-100.0,2
2015-09-09 22:47:26.780000+00:00,56.066789,160.623828,35.84,1.66,-0.648,2
2015-09-10 00:28:11.540000+00:00,56.058329,160.611084,32.87,1.67,-0.796,1
2015-09-10 01:37:20.320000+00:00,55.760055,160.488558,10.92,1.1,-0.195,1
2015-09-10 04:35:34.670000+00:00,56.047603,160.603499,29.51,1.74,-0.82,1
2015-09-10 08:31:02.550000+00:00,55.673246,160.399902,14.03,0.7,-0.167,1
2015-09-10 08:47:47.810000+00:00,56.04397,160.600732,27.85,1.57,-0.718,1
2015-09-10 09:25:56.350000+00:00,55.953141,160.179606,3.74,0.8,-0.467,1
2015-09-10 11:18:38.370000+00:00,56.055033,160.602295,30.82,1.69,-0.779,1
2015-09-10 12:07:49.050000+00:00,56.095658,160.859701,22.95,1.28,-100.0,1
2015-09-10 12:40:38.920000+00:00,56.056889,160.625374,-1.06,1.59,-0.921,1
2015-09-10 13:26:59.280000+00:00,56.050842,160.585677,28.43,1.04,-100.0,1
2015-09-10 15:55:39.510000+00:00,56.05673,160.612533,32.85,1.9,-0.858,1
2015-09-10 18:42:54.960000+00:00,56.067212,160.607357,33.63,1.38,-0.781,1
2015-09-10 22:01:10.520000+00:00,55.536776,160.324072,13.52,1.45,0.039,1
2015-09-10 22:09:04.040000+00:00,55.53632,160.324105,13.58,1.41,-0.015,1
2015-09-10 22:10:13.440000+00:00,55.537,160.3229,13.74,1.52,-0.04,1
2015-09-10 22:47:06.200000+00:00,55.53726,160.322461,14.02,1.67,-0.011,1
2015-09-10 22:54:07.640000+00:00,55.536857,160.324382,13.37,1.32,-0.05,1
2015-09-10 23:28:11.520000+00:00,56.056746,160.61346,33.22,1.65,-0.803,1
2015-09-11 02:53:28.090000+00:00,56.053271,160.611475,30.73,1.81,-0.686,2
2015-09-11 03:07:38.800000+00:00,56.110193,160.690072,19.66,1.48,-0.117,2
2015-09-11 05:17:50.110000+00:00,56.05118,160.599495,-0.11,1.34,-0.765,2
2015-09-11 06:52:19.790000+00:00,55.819189,160.236393,22.63,1.01,-0.01,2
2015-09-11 07:48:59.460000+00:00,56.044727,160.594743,27.77,1.48,-0.833,2
2015-09-11 09:04:22.320000+00:00,56.049927,160.607243,30.49,1.42,-0.762,2
2015-09-11 10:40:44.460000+00:00,56.047038,160.604492,28.95,1.58,-0.84,2
2015-09-11 11:45:28.660000+00:00,55.710042,160.455176,7.75,0.63,-100.0,2
2015-09-11 11:59:21.860000+00:00,55.537134,160.324186,13.63,1.07,0.036,2
2015-09-11 12:20:54.870000+00:00,56.053471,160.599495,31.35,1.47,-0.767,2
2015-09-11 13:21:46.100000+00:00,56.117834,160.457699,-0.42,1.14,-1.048,2
2015-09-11 13:23:51.280000+00:00,56.059188,160.621794,-0.6,1.25,-0.515,2
2015-09-11 13:40:16.730000+00:00,56.115442,160.472607,-0.1,1.28,-100.0,2
2015-09-11 13:42:17.070000+00:00,55.705684,160.419515,11.74,0.61,-100.0,2
2015-09-11 14:33:13.960000+00:00,56.052535,160.604215,30.88,1.57,-0.898,2
2015-09-11 15:21:19.950000+00:00,55.555098,160.343701,14.63,0.52,-100.0,2
2015-09-11 15:52:58.980000+00:00,56.053918,160.609375,31.24,1.45,-0.8,2
2015-09-11 16:53:29.850000+00:00,56.04703,160.59637,28.98,1.35,-0.888,2
2015-09-11 16:54:27.530000+00:00,55.536926,160.325505,12.97,0.73,0.195,2
2015-09-11 18:02:19.200000+00:00,56.052193,160.758773,20.53,1.66,-0.078,2
2015-09-11 18:03:21.960000+00:00,56.052022,160.760173,20.8,1.9,-0.095,2
2015-09-11 18:45:30.160000+00:00,55.712402,160.455371,10.53,0.95,-100.0,2
2015-09-11 18:48:21.880000+00:00,56.046025,160.602376,28.73,1.76,-0.774,2
2015-09-11 19:57:40.540000+00:00,56.044694,160.595296,29.15,1.51,-0.801,2
2015-09-11 21:58:31.680000+00:00,56.049382,160.604346,29.62,1.45,-0.725,2
2015-09-11 23:24:42.780000+00:00,56.039844,160.581787,25.0,1.42,-0.498,2
2015-09-12 00:25:21.520000+00:00,56.051383,160.611735,31.47,1.27,-100.0,2
2015-09-12 01:26:25.010000+00:00,56.052555,160.609131,31.25,1.5,-0.829,2
2015-09-12 02:25:35.130000+00:00,56.055021,160.607015,30.76,1.44,-1.024,2
2015-09-12 02:40:33.010000+00:00,55.892257,160.599495,0.98,0.64,-100.0,2
2015-09-12 03:27:47.430000+00:00,56.049292,160.595589,29.72,1.71,-0.789,2
2015-09-12 04:42:59.570000+00:00,56.048783,160.60153,30.03,1.55,-0.878,2
2015-09-12 04:51:02.600000+00:00,55.708618,160.423812,15.5,0.8,-0.151,2
2015-09-12 05:43:09.220000+00:00,56.052234,160.60319,30.84,1.1,-0.848,2
2015-09-12 06:57:23.430000+00:00,56.050696,160.60389,29.76,1.31,-0.896,2
2015-09-12 08:11:28.030000+00:00,55.983004,160.689307,19.99,1.44,-0.807,2
2015-09-12 10:27:15.510000+00:00,56.056095,160.625033,4.35,1.36,-0.782,2
2015-09-12 11:52:13.250000+00:00,56.049654,160.599398,30.41,1.8,-0.79,2
2015-09-12 11:53:24.240000+00:00,56.156848,160.871094,22.49,1.76,-0.015,2
2015-09-12 12:50:57.820000+00:00,56.054073,160.542692,31.86,1.21,-100.0,2
2015-09-12 15:34:05.550000+00:00,56.050317,160.605094,29.91,1.79,-0.839,2
2015-09-12 16:54:40.410000+00:00,55.58042,160.419922,31.66,1.34,-100.0,2
2015-09-12 17:30:40.280000+00:00,56.05081,160.596501,29.3,1.7,-0.688,2
2015-09-12 17:37:59.140000+00:00,55.926428,160.76359,14.72,1.65,-0.103,2
2015-09-12 19:03:37.800000+00:00,56.044588,160.601742,28.15,1.56,-0.768,2
2015-09-12 21:03:05+00:00,56.046598,160.603125,29.44,1.73,-0.527,2
2015-09-13 00:14:43.380000+00:00,56.047746,160.600586,28.27,1.8,-0.715,2
2015-09-13 01:54:44.610000+00:00,56.068274,160.613818,38.23,1.82,-0.783,2
2015-09-13 03:38:51.490000+00:00,56.097632,160.637646,42.51,1.6,-100.0,2
2015-09-13 06:48:20.820000+00:00,56.083964,160.512484,28.5,1.9,-0.697,2
2015-09-13 09:35:48.480000+00:00,56.048669,160.598161,28.54,1.8,-0.72,2
2015-09-13 11:13:56.220000+00:00,56.059367,160.611361,34.77,1.2,-100.0,2
2015-09-13 13:06:03.840000+00:00,56.050716,160.607926,30.75,1.76,-0.646,2
2015-09-13 14:05:23.710000+00:00,56.054985,160.5479,26.58,1.06,-0.872,2
2015-09-13 14:33:08.800000+00:00,55.720821,160.444629,10.44,2.14,-0.176,2
2015-09-13 15:26:01.310000+00:00,56.043738,160.601465,27.84,1.43,-100.0,2
2015-09-13 17:16:08.040000+00:00,55.996252,160.830566,15.68,1.72,-0.081,2
2015-09-13 19:09:50.940000+00:00,56.049679,160.593636,30.56,1.54,-0.73,2
2015-09-13 20:12:49.600000+00:00,56.050871,160.612923,31.3,1.55,-0.887,2
2015-09-13 21:35:32.520000+00:00,55.712313,160.344548,15.14,0.59,-100.0,2
2015-09-13 21:45:14.120000+00:00,56.047371,160.609473,30.58,1.54,-0.624,2
2015-09-14 00:05:22.140000+00:00,56.15566,160.828646,24.3,2.26,-0.042,1
2015-09-14 00:25:17.360000+00:00,56.058382,160.605371,35.36,1.62,-0.758,1
2015-09-14 02:01:21.120000+00:00,56.046244,160.606559,29.34,1.36,-0.598,1
2015-09-14 04:15:16.890000+00:00,56.042411,160.593099,26.35,1.77,-0.865,1
2015-09-14 06:24:39.760000+00:00,55.706905,160.476725,-0.68,0.69,-100.0,1
2015-09-14 06:46:05.500000+00:00,56.053202,160.592855,31.29,1.37,-0.91,1
2015-09-14 08:29:02.490000+00:00,56.044808,160.562451,35.96,1.16,-0.831,1
2015-09-14 10:31:52.020000+00:00,56.051721,160.599463,28.86,1.57,-0.674,1
2015-09-14 13:03:56.760000+00:00,56.119873,160.459033,0.45,0.99,-100.0,1
2015-09-14 14:47:29.950000+00:00,56.047278,160.602181,29.41,1.6,-0.767,1
2015-09-14 14:49:54.550000+00:00,56.140043,160.288932,7.67,0.77,-100.0,1
2015-09-14 15:20:31.430000+00:00,55.680054,160.432031,11.34,1.39,-0.184,1
2015-09-14 15:38:34.100000+00:00,55.820809,160.527962,14.16,1.53,-0.176,1
2015-09-14 17:11:38.480000+00:00,56.048405,160.604883,29.24,1.61,-0.805,1
2015-09-14 19:57:16.520000+00:00,56.047111,160.602035,28.04,1.69,-0.674,1
2015-09-14 21:40:33.160000+00:00,55.702067,160.469824,0.34,0.99,-0.329,1
2015-09-15 00:02:13.850000+00:00,56.049471,160.612419,31.59,1.9,-0.981,1
2015-09-15 01:49:16.060000+00:00,56.049862,160.608952,30.4,1.86,-0.831,1
2015-09-15 02:20:25.380000+00:00,55.84008,160.381299,-1.64,0.95,-100.0,1
2015-09-15 03:21:17.440000+00:00,55.832605,160.393571,4.29,0.99,-100.0,1
2015-09-15 03:58:43.620000+00:00,55.822697,160.344173,5.46,0.74,-0.698,1
2015-09-15 04:25:35.210000+00:00,55.830522,160.378988,11.44,0.82,-100.0,1
2015-09-15 04:39:45.120000+00:00,55.837484,160.387581,13.96,1.01,-0.363,1
2015-09-15 06:28:24.700000+00:00,56.076005,160.564811,32.77,1.5,-100.0,1
2015-09-15 07:30:13.610000+00:00,56.047176,160.598796,30.19,1.66,-0.746,1
2015-09-15 08:37:00.090000+00:00,56.041577,160.609375,28.05,1.53,-0.662,1
2015-09-15 10:24:57.420000+00:00,56.043042,160.595313,27.15,1.59,-0.869,1
2015-09-15 11:12:28.120000+00:00,55.984009,160.516488,9.34,1.5,-100.0,1
2015-09-15 12:12:13.180000+00:00,56.049967,160.601562,29.6,1.49,-100.0,1
2015-09-15 12:16:09.940000+00:00,55.835779,160.386344,0.59,0.79,-0.686,1
2015-09-15 12:19:34.730000+00:00,55.780896,160.354753,5.06,0.72,-100.0,1
2015-09-15 12:22:05.630000+00:00,55.874772,160.592171,9.31,1.51,-1.046,1
2015-09-15 12:53:56.440000+00:00,55.836804,160.379932,1.14,0.61,-0.692,1
2015-09-15 13:02:23.680000+00:00,55.835909,160.386279,9.87,1.08,-100.0,1
2015-09-15 13:04:23.620000+00:00,55.831698,160.32762,10.76,0.22,-100.0,1
2015-09-15 13:08:29.290000+00:00,55.834176,160.376449,10.55,0.48,-100.0,1
2015-09-15 14:19:07.500000+00:00,56.044645,160.607048,29.78,1.58,-0.892,1
2015-09-15 15:42:12.630000+00:00,55.714563,160.437126,14.59,1.94,-0.156,1
2015-09-15 15:52:52.850000+00:00,56.057133,160.556999,32.22,1.57,-0.968,1
2015-09-15 18:28:15.120000+00:00,56.054736,160.611605,30.8,1.72,-0.843,1
2015-09-15 19:01:18.180000+00:00,55.723486,160.42098,11.64,1.14,0.029,1
2015-09-15 22:04:32.060000+00:00,56.040226,160.593604,27.06,1.61,-0.741,1
2015-09-15 23:47:29.520000+00:00,55.962264,160.808577,17.12,1.69,-0.16,1
2015-09-16 00:17:35.430000+00:00,56.059448,160.61652,34.82,1.6,-0.657,1
2015-09-16 00:35:43.160000+00:00,56.190194,160.767546,29.81,1.09,-100.0,1
2015-09-16 01:16:57.130000+00:00,56.038289,160.59043,27.33,0.89,-100.0,1
2015-09-16 03:17:10.160000+00:00,56.051249,160.611214,31.58,1.66,-0.839,1
2015-09-16 04:05:41.900000+00:00,56.111483,160.481966,-1.61,0.88,-0.998,1
2015-09-16 04:24:56.450000+00:00,55.710803,160.425895,14.18,1.42,-0.085,1
2015-09-16 04:58:46.320000+00:00,56.048332,160.600781,29.06,1.7,-0.702,1
2015-09-16 07:11:57.280000+00:00,56.042065,160.597331,26.57,1.39,-0.773,1
2015-09-16 08:26:05.630000+00:00,56.044816,160.600326,26.76,1.37,-0.376,1
2015-09-16 09:07:41.740000+00:00,55.926725,160.832015,14.29,1.24,-100.0,1
2015-09-16 09:39:48.730000+00:00,56.04401,160.599528,27.65,1.21,-0.765,1
2015-09-16 11:50:26.860000+00:00,56.042741,160.613542,28.73,1.93,-0.868,1
2015-09-16 11:50:30.310000+00:00,55.941268,160.60721,3.02,1.7,-0.868,1
2015-09-16 12:02:14.510000+00:00,55.577393,160.555241,35.68,1.18,-100.0,1
2015-09-16 12:12:50.240000+00:00,56.050203,160.596549,30.75,1.16,-0.743,1
2015-09-16 12:27:18.690000+00:00,56.129407,160.450179,4.25,0.77,-0.896,1
2015-09-16 13:12:04.830000+00:00,56.050798,160.601839,29.99,1.33,-0.766,1
2015-09-16 13:12:51.810000+00:00,55.811104,160.250651,24.66,0.71,-0.598,1
2015-09-16 13:52:31.820000+00:00,56.053442,160.618213,31.66,0.93,-100.0,1
2015-09-16 14:34:03.860000+00:00,56.050871,160.605664,30.22,1.23,-0.721,1
2015-09-16 14:36:50.900000+00:00,55.718062,160.416536,10.07,0.61,-0.106,1
2015-09-16 14:41:36.130000+00:00,55.713354,160.440234,10.91,0.98,-0.072,1
2015-09-16 15:01:15.910000+00:00,55.639563,160.419206,10.8,1.63,-0.23,1
2015-09-16 15:19:49.800000+00:00,56.148617,160.353483,3.85,0.82,-100.0,1
2015-09-16 15:38:17.630000+00:00,56.046195,160.599967,28.7,1.6,-0.738,1
2015-09-16 15:55:17.950000+00:00,56.121143,160.459749,0.82,0.71,-0.824,1
2015-09-16 16:21:50.350000+00:00,55.538009,160.317887,14.23,0.81,-0.148,1
2015-09-16 16:38:21.350000+00:00,56.048393,160.601807,28.1,1.18,-0.937,1
2015-09-16 17:24:07.580000+00:00,56.147868,160.408236,4.47,0.41,-100.0,1
2015-09-16 17:47:45.560000+00:00,56.050716,160.606152,28.03,1.42,-0.708,1
2015-09-16 18:17:08.600000+00:00,56.119486,160.392578,7.27,0.35,-100.0,1
2015-09-16 18:50:04.240000+00:00,55.722571,160.398926,-0.31,1.18,-0.205,1
2015-09-16 19:11:23.780000+00:00,56.055644,160.611214,31.66,1.44,-0.686,1
2015-09-16 19:11:29.520000+00:00,56.048901,160.607422,29.67,1.32,-0.621,1
2015-09-16 22:01:08.900000+00:00,56.051029,160.611784,30.74,1.66,-0.798,1
2015-09-16 22:01:13.200000+00:00,56.052214,160.620133,33.83,1.81,-0.798,1
2015-09-16 23:04:54.920000+00:00,56.049516,160.608952,29.81,1.37,-0.905,1
2015-09-17 01:05:36.330000+00:00,56.043477,160.601465,27.68,1.63,-0.612,1
2015-09-17 02:38:42.920000+00:00,56.054114,160.612207,31.78,1.09,-0.853,1
2015-09-17 03:46:48.260000+00:00,56.07242,160.437793,21.5,1.06,-100.0,1
2015-09-17 05:15:07.550000+00:00,56.048881,160.607129,30.31,1.46,-0.896,1
2015-09-17 05:34:38.630000+00:00,56.156909,160.856901,25.98,1.34,-0.14,1
2015-09-17 05:50:56.840000+00:00,56.248438,160.329411,14.76,0.9,-100.0,1
2015-09-17 06:18:11.220000+00:00,56.067472,160.622119,37.43,1.53,-0.7,1
2015-09-17 06:49:20.830000+00:00,55.697115,160.408057,15.44,0.8,-0.097,1
2015-09-17 08:26:35.780000+00:00,56.04102,160.597933,28.03,1.57,-0.795,1
2015-09-17 10:54:22.050000+00:00,56.05682,160.615202,32.33,1.54,-0.798,1
2015-09-17 13:44:55.870000+00:00,55.881718,160.242904,19.69,0.69,-100.0,1
2015-09-17 14:25:41.270000+00:00,55.722062,160.390951,-1.83,0.87,-0.164,1
2015-09-17 14:27:14.290000+00:00,55.727169,160.453174,10.87,0.78,0.023,1
2015-09-17 14:44:36.310000+00:00,56.052218,160.607926,30.83,1.77,-0.816,1
2015-09-17 15:39:38.590000+00:00,56.162984,160.928174,26.61,1.47,-0.022,1
2015-09-17 15:49:27.090000+00:00,55.889441,160.059049,13.43,0.63,-100.0,1
2015-09-17 17:52:20.480000+00:00,56.050728,160.6007,30.17,1.58,-0.761,1
2015-09-17 17:52:24.080000+00:00,56.057312,160.618278,32.32,1.75,-0.761,1
2015-09-17 19:14:24.680000+00:00,55.650094,160.46237,9.12,0.57,-100.0,1
2015-09-17 19:55:08.060000+00:00,56.064677,160.636214,6.8,1.34,-0.89,1
2015-09-17 20:28:19.320000+00:00,56.11755,160.459619,0.25,0.68,-0.939,1
2015-09-17 21:59:41.560000+00:00,56.043144,160.597412,27.42,1.14,-0.792,1
2015-09-17 21:59:45.600000+00:00,56.023271,160.477555,28.7,1.23,-0.792,1
2015-09-17 23:09:59.680000+00:00,55.688416,160.414697,13.2,0.97,-0.143,1
2015-09-18 00:21:42.920000+00:00,56.050948,160.610872,30.87,1.7,-0.823,1
2015-09-18 01:53:41.650000+00:00,56.049825,160.602344,30.01,1.32,-0.902,1
2015-09-18 03:52:42.110000+00:00,56.049255,160.603223,30.09,1.39,-0.688,1
2015-09-18 05:54:12.790000+00:00,56.155172,160.859652,27.83,1.86,0.031,1
2015-09-18 05:59:47.120000+00:00,56.158036,160.864062,26.55,1.44,-100.0,1
2015-09-18 07:05:12.620000+00:00,55.690304,160.410303,13.9,0.83,-0.08,1
2015-09-18 07:41:30.620000+00:00,56.048812,160.611361,29.58,1.59,-0.823,1
2015-09-18 09:07:23.210000+00:00,55.811157,160.478906,1.86,1.61,-0.656,1
2015-09-18 09:49:51.700000+00:00,55.583036,160.472868,12.79,0.51,-100.0,1
2015-09-18 10:56:35.010000+00:00,56.042582,160.602995,28.25,0.98,-100.0,1
2015-09-18 10:57:20.150000+00:00,55.683223,160.479313,7.48,0.33,-0.052,1
2015-09-18 12:08:41.460000+00:00,56.055929,160.607894,32.2,1.72,-0.714,1
2015-09-18 13:42:35.040000+00:00,56.050053,160.613851,32.35,1.57,-0.921,1
2015-09-18 14:08:34.870000+00:00,56.108293,160.457422,-0.32,0.29,-100.0,1
2015-09-18 14:13:28.260000+00:00,55.784399,160.307454,13.56,0.66,-100.0,1
2015-09-18 15:18:29.570000+00:00,56.051017,160.610775,31.59,1.26,-0.754,1
2015-09-18 15:42:01.870000+00:00,55.659819,160.376204,11.96,0.49,-100.0,1
2015-09-18 15:49:12.470000+00:00,55.823352,160.376139,-0.02,0.56,-0.473,1
2015-09-18 16:22:50.050000+00:00,56.028068,160.682324,28.91,1.17,-100.0,1
2015-09-18 17:19:31.940000+00:00,56.049841,160.60599,30.37,1.73,-1.001,1
2015-09-18 18:52:53.600000+00:00,56.054761,160.604622,31.81,1.32,-0.808,1
2015-09-18 18:59:59.820000+00:00,55.779773,160.342773,3.68,0.46,-100.0,1
2015-09-18 20:19:50.040000+00:00,56.048307,160.602458,30.19,1.69,-0.769,1
2015-09-18 20:19:53.560000+00:00,56.05695,160.610124,33.48,1.84,-0.769,1
2015-09-18 21:12:11.240000+00:00,56.106331,160.699414,12.36,1.31,-0.386,1
2015-09-18 22:03:03.320000+00:00,56.044584,160.600488,27.49,1.34,-0.655,1
2015-09-18 23:28:17.840000+00:00,56.136153,160.881722,25.13,1.65,0.015,1
2015-09-18 23:36:13.900000+00:00,56.043917,160.605583,28.17,1.53,-0.784,1
2015-09-19 00:29:31.100000+00:00,56.055615,160.622624,32.48,1.14,-100.0,1
2015-09-19 01:14:24.370000+00:00,56.108162,160.869092,25.07,1.21,-100.0,1
2015-09-19 01:19:54.120000+00:00,55.88359,160.063477,13.45,1.23,0.04,1
2015-09-19 01:33:10.310000+00:00,56.059526,160.605225,33.65,1.79,-0.842,1
2015-09-19 04:15:48.310000+00:00,56.046989,160.594173,27.8,1.36,-0.586,1
2015-09-19 06:11:57.820000+00:00,56.045105,160.602035,29.13,1.16,-0.675,1
2015-09-19 07:21:33.750000+00:00,56.079264,160.491292,27.93,1.06,-0.828,1
2015-09-19 07:58:58.620000+00:00,56.048694,160.603141,30.03,1.6,-0.783,1
2015-09-19 08:56:23.620000+00:00,55.961324,160.806885,17.25,1.05,-0.066,1
2015-09-19 08:59:05.210000+00:00,56.048319,160.597005,29.72,1.36,-0.694,1
2015-09-19 10:00:28.150000+00:00,56.048844,160.606787,29.04,1.42,-0.857,1
2015-09-19 10:17:52.050000+00:00,55.963477,160.811296,16.89,0.68,-0.242,1
2015-09-19 10:38:14.780000+00:00,55.896106,160.536312,0.87,0.19,-100.0,1
2015-09-19 11:54:29.920000+00:00,56.052547,160.60109,31.07,1.66,-0.872,1
2015-09-19 12:59:52.190000+00:00,55.666687,160.384733,13.39,1.53,-0.052,1
2015-09-19 13:18:47.820000+00:00,56.056262,160.60612,36.18,1.34,-0.791,1
2015-09-19 14:19:14.460000+00:00,56.058826,160.618913,34.3,0.94,-100.0,1
2015-09-19 15:06:18.250000+00:00,55.832194,160.378597,0.62,0.33,-100.0,1
2015-09-19 15:10:04.130000+00:00,56.050647,160.59777,31.52,1.55,-0.743,1
2015-09-19 15:55:45.390000+00:00,56.013554,160.021598,29.07,1.44,-0.096,1
2015-09-19 16:05:29.550000+00:00,55.834998,160.387565,16.8,0.72,-100.0,1
2015-09-19 16:48:02.390000+00:00,55.818542,160.528516,13.53,0.69,-0.347,1
2015-09-19 16:50:48.760000+00:00,55.915796,160.656462,-1.37,0.67,-100.0,1
2015-09-19 17:35:03.240000+00:00,56.05199,160.611833,29.72,1.31,-0.879,1
2015-09-19 19:43:52.420000+00:00,56.050151,160.600602,29.92,1.07,-0.799,1
2015-09-19 20:32:15.720000+00:00,56.049695,160.605713,28.72,1.11,-0.791,1
2015-09-19 20:50:09.920000+00:00,56.060689,160.627458,-1.2,0.68,-100.0,1
2015-09-19 22:06:23.040000+00:00,55.831258,160.38833,-0.47,0.46,-100.0,1
2015-09-19 22:30:18.600000+00:00,55.826542,160.374268,1.09,0.55,-0.824,1
2015-09-19 22:41:21.480000+00:00,56.065096,160.44113,18.63,0.74,-100.0,1
2015-09-19 22:45:41.440000+00:00,55.833285,160.366357,3.25,0.04,-100.0,1
2015-09-19 23:03:24.040000+00:00,56.05531,160.549072,14.18,0.73,-0.72,1
2015-09-19 23:12:11.400000+00:00,56.047335,160.605664,29.0,1.51,-0.783,1
2015-09-19 23:41:48.320000+00:00,56.065043,160.62832,-0.6,0.91,-100.0,1
2015-09-20 01:26:20.640000+00:00,56.036971,160.628125,23.37,1.17,-100.0,1
2015-09-20 02:17:23.870000+00:00,56.048482,160.611637,31.75,1.42,-0.89,1
2015-09-20 03:46:01.010000+00:00,56.047827,160.608854,29.94,1.64,-0.784,1
2015-09-20 04:44:11.950000+00:00,55.722432,160.485107,0.89,1.01,-0.109,1
2015-09-20 05:26:54.250000+00:00,55.93752,160.509163,21.03,1.43,-0.695,1
2015-09-20 07:00:54.270000+00:00,55.683639,160.40459,5.46,0.84,-100.0,1
2015-09-20 07:33:24.230000+00:00,56.099862,160.834196,25.16,1.15,-100.0,1
2015-09-20 07:40:03.490000+00:00,56.048844,160.605094,33.41,1.12,-0.693,1
2015-09-20 07:57:00.130000+00:00,55.722001,160.439746,13.11,0.63,-100.0,1
2015-09-20 09:46:11.420000+00:00,56.048881,160.599935,28.9,1.73,-0.778,1
2015-09-20 10:43:19.600000+00:00,55.676595,160.451139,-1.21,0.65,-100.0,1
2015-09-20 10:53:59.820000+00:00,56.062288,160.615462,38.11,1.01,-100.0,1
2015-09-20 11:10:27.230000+00:00,56.084367,160.62915,41.05,1.25,-100.0,1
2015-09-20 11:32:09.940000+00:00,56.196102,160.954834,25.96,1.46,-0.014,1
2015-09-20 11:54:17.730000+00:00,56.048861,160.600244,28.97,1.35,-0.862,1
2015-09-20 13:37:47.480000+00:00,56.117696,160.461247,-1.62,0.64,-0.621,1
2015-09-20 14:30:22.670000+00:00,56.057166,160.612419,31.71,1.5,-0.701,1
2015-09-20 14:49:42.750000+00:00,56.062724,160.665544,33.51,0.93,-1.034,1
2015-09-20 15:24:50.720000+00:00,56.046712,160.591048,27.23,0.99,-0.702,1
2015-09-20 15:37:18.370000+00:00,56.047807,160.602409,29.26,1.32,-0.702,1
2015-09-20 18:36:06.680000+00:00,55.862944,160.390544,1.47,0.42,-100.0,1
2015-09-20 20:18:21.280000+00:00,55.70872,160.442497,8.99,0.92,-0.016,1
2015-09-20 21:07:20.720000+00:00,56.088729,160.615413,41.1,1.39,-100.0,1
2015-09-20 23:17:45.920000+00:00,55.59541,160.515023,13.87,0.42,-100.0,1
2015-09-21 04:30:34.280000+00:00,55.727738,160.42749,12.37,0.53,-100.0,2
2015-09-21 04:59:35.250000+00:00,55.961995,160.804297,17.37,0.83,-100.0,2
2015-09-21 05:48:35.110000+00:00,56.114315,160.358919,5.97,1.04,-0.556,2
2015-09-21 05:54:07.280000+00:00,55.948169,160.866227,12.95,1.17,-100.0,2
2015-09-21 07:23:41.910000+00:00,55.534546,160.298242,14.3,1.16,0.011,2
2015-09-21 08:13:25.240000+00:00,55.536963,160.324186,13.33,0.96,0.151,2
2015-09-21 08:16:41.990000+00:00,55.698112,160.41748,13.76,0.51,-100.0,2
2015-09-21 08:22:19.260000+00:00,55.536027,160.324219,13.5,1.0,-0.068,2
2015-09-21 10:59:51.960000+00:00,56.146729,160.576335,7.86,0.61,-0.903,2
2015-09-21 11:54:34.440000+00:00,55.826689,160.368896,1.28,0.92,-0.835,2
2015-09-21 11:58:58.250000+00:00,55.826408,160.365527,0.98,0.36,-100.0,2
2015-09-21 12:48:34.890000+00:00,56.134957,160.452262,3.64,0.91,-100.0,2
2015-09-21 13:07:15.300000+00:00,55.839274,160.396257,16.26,0.3,-100.0,2
2015-09-21 13:33:28.760000+00:00,55.83031,160.375391,1.59,0.49,-100.0,2
2015-09-21 13:38:34.780000+00:00,55.830457,160.379232,3.26,0.94,-0.678,2
2015-09-21 13:39:39.440000+00:00,55.830302,160.376286,4.3,0.91,-0.535,2
2015-09-21 13:43:19.670000+00:00,55.831075,160.379215,5.04,0.92,-0.531,2
2015-09-21 13:44:03.590000+00:00,55.831714,160.382243,5.9,1.37,-1.091,2
2015-09-21 13:45:17.580000+00:00,55.83221,160.383105,6.3,0.79,-0.825,2
2015-09-21 13:47:59.710000+00:00,55.832756,160.387093,7.65,0.57,-100.0,2
2015-09-21 13:49:02.350000+00:00,55.831417,160.393441,6.49,0.91,-0.792,2
2015-09-21 13:49:56.280000+00:00,55.83057,160.392936,8.52,0.6,-100.0,2
2015-09-21 13:50:39.990000+00:00,55.835254,160.381559,8.04,0.9,-0.629,2
2015-09-21 13:52:47.740000+00:00,55.833219,160.379313,8.05,0.66,-0.451,2
2015-09-21 13:56:28.070000+00:00,55.821533,160.423454,12.69,0.98,-100.0,2
2015-09-21 13:56:52.710000+00:00,55.839583,160.389714,10.74,0.8,-100.0,2
2015-09-21 13:59:11.690000+00:00,55.835885,160.379199,10.56,1.09,-0.79,2
2015-09-21 14:01:14.320000+00:00,55.828776,160.355941,14.55,0.29,-100.0,2
2015-09-21 14:01:48.710000+00:00,55.839738,160.396029,11.42,0.94,-0.639,2
2015-09-21 14:03:30.470000+00:00,55.837541,160.389648,11.75,0.83,-0.681,2
2015-09-21 14:05:23.810000+00:00,55.838578,160.406217,13.89,1.09,-0.624,2
2015-09-21 14:07:27.050000+00:00,55.834558,160.382438,12.43,0.68,-0.66,2
2015-09-21 14:09:17.250000+00:00,55.848303,160.381494,-1.56,0.77,-100.0,2
2015-09-21 14:11:36.260000+00:00,55.840861,160.390674,14.75,1.03,-0.364,2
2015-09-21 14:12:17.240000+00:00,55.852767,160.350488,-1.77,0.51,-100.0,2
2015-09-21 14:14:08.440000+00:00,55.837512,160.398861,14.9,1.1,-0.669,2
2015-09-21 14:14:13.830000+00:00,55.541142,160.303597,12.65,1.01,-0.669,2
2015-09-21 14:16:24.970000+00:00,55.841772,160.367822,15.82,0.86,-0.769,2
2015-09-21 14:18:40.670000+00:00,55.845964,160.388118,16.97,0.41,-0.858,2
2015-09-21 14:20:36.720000+00:00,55.828894,160.392367,16.56,0.58,-100.0,2
2015-09-21 14:21:27.680000+00:00,56.063713,160.623779,-1.18,1.09,-0.325,2
2015-09-21 14:39:01.280000+00:00,55.536283,160.296973,14.19,1.22,-0.097,2
2015-09-21 17:28:00.600000+00:00,56.116028,160.331527,6.02,0.52,-100.0,2
2015-09-21 22:29:23.400000+00:00,56.116418,160.460612,4.88,0.93,-0.715,2
2015-09-21 23:06:42.940000+00:00,55.525859,160.312614,14.43,0.09,-100.0,2
2015-09-22 01:34:35.940000+00:00,55.811141,160.415251,0.53,0.23,-100.0,1
2015-09-22 01:40:17.270000+00:00,55.827197,160.386751,1.41,0.72,-0.483,1
2015-09-22 01:46:13.190000+00:00,55.827665,160.387337,1.37,0.7,-0.394,1
2015-09-22 01:48:57.470000+00:00,55.842098,160.39196,-0.5,0.34,-100.0,1
2015-09-22 01:50:52.520000+00:00,55.665466,160.40804,11.61,1.25,-0.175,1
2015-09-22 01:51:32.540000+00:00,55.823027,160.387956,1.93,0.47,-0.572,1
2015-09-22 02:00:26.550000+00:00,55.830994,160.392643,5.31,0.37,-100.0,1
2015-09-22 02:37:19.080000+00:00,55.836572,160.405843,12.72,0.95,-0.425,1
2015-09-22 02:48:38.340000+00:00,55.710441,160.462874,12.64,1.25,-0.178,1
2015-09-22 03:19:20.340000+00:00,55.672233,160.362565,16.51,0.51,-100.0,1
2015-09-22 07:22:13.900000+00:00,56.164429,160.855501,24.2,1.32,-0.204,1
2015-09-22 07:29:32.120000+00:00,55.667122,160.422038,11.98,0.68,-0.11,1
2015-09-22 09:33:19.420000+00:00,55.554919,160.395443,32.59,1.37,-100.0,1
2015-09-22 11:10:23.100000+00:00,56.103654,160.787321,29.51,1.24,-100.0,1
2015-09-22 12:51:46.600000+00:00,55.544031,160.323226,15.93,0.47,-100.0,1
2015-09-22 14:16:00.800000+00:00,56.190002,160.844857,24.02,0.92,0.03,1
2015-09-22 15:21:24.990000+00:00,56.067765,160.826644,19.29,1.0,-100.0,1
2015-09-22 18:39:38+00:00,56.199833,160.873031,28.91,1.42,-100.0,1
2015-09-22 19:52:51.240000+00:00,56.054399,160.610726,32.01,0.9,-100.0,1
2015-09-22 20:56:55.200000+00:00,56.155497,160.869613,22.62,1.21,-100.0,1
2015-09-22 21:23:57.400000+00:00,55.789705,160.354736,0.26,0.42,-0.302,1
2015-09-22 22:21:01.920000+00:00,56.121916,160.444059,4.96,0.53,-0.933,1
2015-09-22 22:45:47.600000+00:00,56.1139,160.474365,-0.32,0.82,-100.0,1
2015-09-23 01:38:22.970000+00:00,56.127336,160.451855,5.67,0.94,-0.715,1
2015-09-23 03:26:59.520000+00:00,56.127869,160.451888,9.95,0.7,-0.779,1
2015-09-23 03:57:01.800000+00:00,56.128646,160.448258,4.69,0.51,-0.779,1
2015-09-23 04:27:52.720000+00:00,56.070882,160.598307,32.86,1.13,-100.0,1
2015-09-23 05:27:56.370000+00:00,56.053719,160.634814,32.9,0.87,-100.0,1
2015-09-23 06:03:23.570000+00:00,56.107625,160.869222,24.26,1.25,0.174,1
2015-09-23 06:53:06.520000+00:00,56.045247,160.605452,26.29,1.3,-100.0,1
2015-09-23 08:32:10.950000+00:00,55.840946,160.386051,11.01,0.15,-100.0,1
2015-09-23 08:45:51.560000+00:00,56.1429,160.472575,5.58,1.37,-0.383,1
2015-09-23 08:50:50.890000+00:00,55.747538,160.378092,9.07,0.48,-100.0,1
2015-09-23 10:15:36.260000+00:00,56.066073,160.624935,-0.6,0.93,-100.0,1
2015-09-23 10:22:48.230000+00:00,55.659074,160.408691,8.65,0.78,-0.012,1
2015-09-23 11:29:17.650000+00:00,55.724687,160.437874,11.8,0.92,-0.105,1
2015-09-23 13:04:04.240000+00:00,55.692086,160.649121,17.59,1.4,-0.046,1
2015-09-23 14:30:57.110000+00:00,55.689547,160.485254,12.02,0.51,-100.0,1
2015-09-23 14:36:14.340000+00:00,55.660921,160.409733,13.0,1.65,-0.243,1
2015-09-23 15:02:55.350000+00:00,56.182231,160.824251,23.61,1.32,-100.0,1
2015-09-23 15:49:23.620000+00:00,56.041003,160.612956,20.68,1.52,-1.06,1
2015-09-23 17:29:26.120000+00:00,55.693738,160.413623,14.28,0.88,-0.115,1
2015-09-23 18:11:44.680000+00:00,56.13444,160.449593,5.89,0.43,-0.662,1
2015-09-23 18:19:02.360000+00:00,56.05081,160.597673,28.3,0.81,-0.757,1
2015-09-23 18:42:22+00:00,56.130042,160.49069,5.62,0.26,-100.0,1
2015-09-23 22:01:51.720000+00:00,56.042021,160.593066,25.98,1.15,-100.0,1
2015-09-23 22:41:44.680000+00:00,56.129187,160.446338,6.3,0.76,-0.766,1
2015-09-23 23:35:29.960000+00:00,56.056466,160.611003,33.04,0.78,-100.0,1
2015-09-24 01:03:02.330000+00:00,56.127401,160.917725,26.98,1.02,-100.0,1
2015-09-24 02:26:09.840000+00:00,56.056942,160.60931,33.66,0.73,-100.0,1
2015-09-24 04:57:35.740000+00:00,56.056014,160.612126,31.74,1.13,-0.793,1
2015-09-24 05:21:25.250000+00:00,55.832707,160.380924,3.57,0.19,-0.155,1
2015-09-24 05:52:29.440000+00:00,56.130986,160.452002,7.74,0.77,-0.898,1
2015-09-24 05:57:27.550000+00:00,56.136601,160.451009,9.11,0.35,-100.0,1
2015-09-24 07:28:32.490000+00:00,55.782259,160.488249,14.27,0.63,-0.294,1
2015-09-24 08:37:31.890000+00:00,55.837899,160.383398,0.5,0.34,-100.0,1
2015-09-24 08:39:09.890000+00:00,56.132943,160.457731,10.19,0.57,-0.858,1
2015-09-24 10:09:20.760000+00:00,55.503748,160.326595,18.05,1.08,-100.0,1
2015-09-24 10:32:52.890000+00:00,55.828569,160.380046,0.33,0.43,-1.08,1
2015-09-24 10:47:50.070000+00:00,55.828219,160.382796,0.62,0.56,-0.756,1
2015-09-24 10:49:15.540000+00:00,56.054801,160.609147,32.44,1.16,-0.811,1
2015-09-24 11:27:25.410000+00:00,56.145418,160.910042,27.0,1.19,-0.118,1
2015-09-24 12:02:51.400000+00:00,55.800891,160.36652,16.93,0.43,-100.0,1
2015-09-24 12:13:04.220000+00:00,55.835339,160.415169,19.34,0.43,-100.0,1
2015-09-24 14:35:34.050000+00:00,55.858691,160.378499,15.59,0.12,-100.0,1
2015-09-24 14:48:16.720000+00:00,56.05144,160.613281,30.81,1.08,-0.642,1
2015-09-24 15:10:22.010000+00:00,56.091178,160.44541,6.07,0.36,-100.0,1
2015-09-24 15:36:20.730000+00:00,56.125496,160.447982,3.1,0.84,-0.9,1
2015-09-24 16:07:28.450000+00:00,55.521806,160.365625,34.2,1.86,-100.0,1
2015-09-24 16:24:19.390000+00:00,55.837345,160.347054,-0.81,0.5,-100.0,1
2015-09-24 18:16:07.200000+00:00,56.127393,160.448421,4.29,0.6,-100.0,1
2015-09-24 18:55:56.320000+00:00,55.704447,160.326481,14.87,0.37,-100.0,1
2015-09-24 19:29:13.800000+00:00,56.053109,160.615055,31.66,1.17,-0.733,1
2015-09-24 19:42:50.280000+00:00,56.115739,160.463184,-0.82,0.85,-0.992,1
2015-09-24 19:55:25.520000+00:00,56.062903,160.62391,-1.27,0.65,-0.495,1
2015-09-24 21:07:04.080000+00:00,56.134192,160.92404,26.82,1.23,-100.0,1
2015-09-24 21:11:22.520000+00:00,55.720549,160.439567,15.35,1.06,0.019,1
2015-09-24 23:17:47.360000+00:00,56.055575,160.623275,33.32,1.09,-0.666,1
2015-09-25 01:04:53.220000+00:00,55.697213,160.469027,4.89,0.85,-0.05,1
2015-09-25 01:09:11.250000+00:00,56.169397,160.449772,9.32,0.6,-0.67,1
2015-09-25 03:02:05.030000+00:00,56.126054,160.448177,7.29,0.72,-0.713,1
2015-09-25 03:53:52.090000+00:00,56.06178,160.615885,35.02,0.9,-0.516,1
2015-09-25 04:40:53.910000+00:00,56.086393,160.572721,14.25,0.9,-100.0,1
2015-09-25 05:29:33.080000+00:00,56.054012,160.61263,30.11,1.25,-0.742,1
2015-09-25 06:44:12.080000+00:00,56.118294,160.460368,0.22,0.81,-0.816,1
2015-09-25 07:43:22.280000+00:00,56.062118,160.621549,-1.21,0.65,-100.0,1
2015-09-25 09:15:13.500000+00:00,56.054948,160.613818,33.85,1.33,-0.767,1
2015-09-25 11:23:04.290000+00:00,55.72229,160.512305,13.07,0.83,-100.0,1
2015-09-25 11:58:41.420000+00:00,55.763485,160.547233,11.92,0.45,-100.0,1
2015-09-25 12:12:39.820000+00:00,56.227751,160.5479,16.57,0.51,-100.0,1
2015-09-25 12:21:48.740000+00:00,56.028528,160.805078,13.52,0.88,-0.087,1
2015-09-25 13:28:20.660000+00:00,55.712984,160.432699,12.05,0.65,-0.258,1
2015-09-25 13:52:34.410000+00:00,55.732581,160.350553,15.34,0.91,-100.0,1
2015-09-25 14:07:31.890000+00:00,56.054602,160.612581,31.77,1.24,-0.697,1
2015-09-25 15:07:24.500000+00:00,55.969804,160.804297,17.5,1.14,-100.0,1
2015-09-25 16:26:13.510000+00:00,56.123039,160.457275,8.64,0.73,-100.0,1
2015-09-25 16:37:57.580000+00:00,56.055534,160.609115,32.34,0.86,-100.0,1
2015-09-25 18:27:38.320000+00:00,56.072335,160.472363,-1.35,0.38,-0.778,1
2015-09-25 18:40:20.100000+00:00,56.110726,160.418262,6.11,0.99,-1.208,1
2015-09-25 19:33:51.520000+00:00,56.116044,160.466927,0.22,0.9,-0.761,1
2015-09-25 19:41:28.280000+00:00,56.058244,160.613981,34.8,1.38,-0.711,1
2015-09-25 21:59:53+00:00,56.211507,160.804785,-2.13,1.28,-100.0,1
2015-09-25 22:18:36.280000+00:00,56.106124,160.423633,7.7,0.65,-100.0,1
2015-09-25 23:55:58.640000+00:00,56.102165,160.42474,6.79,0.42,-100.0,1
2015-09-26 01:06:55.620000+00:00,56.048112,160.598584,29.53,1.21,-0.718,1
2015-09-26 02:00:51.960000+00:00,56.13796,160.454411,12.57,0.78,-100.0,1
2015-09-26 03:03:19.280000+00:00,56.128935,160.463867,0.83,0.43,-100.0,1
2015-09-26 04:09:09.360000+00:00,56.055627,160.61888,35.16,0.99,-0.676,1
2015-09-26 05:18:48.110000+00:00,56.057133,160.61582,32.46,0.68,-100.0,1
2015-09-26 05:57:18.450000+00:00,55.703446,160.439502,12.76,0.48,-100.0,1
2015-09-26 06:11:20.060000+00:00,55.708268,160.431885,11.74,0.85,-0.166,1
2015-09-26 07:17:48.130000+00:00,55.777348,160.082308,12.72,1.5,-0.091,1
2015-09-26 07:41:08.850000+00:00,56.117981,160.456022,-2.28,0.92,-0.973,1
2015-09-26 08:31:09.570000+00:00,56.056364,160.610514,32.15,1.2,-0.727,1
2015-09-26 09:15:28.030000+00:00,55.754826,160.200895,10.43,0.32,-100.0,1
2015-09-26 09:53:41.660000+00:00,55.541667,160.150651,22.47,2.03,-1.189,1
2015-09-26 10:56:35.280000+00:00,56.122925,160.473633,6.19,0.31,-100.0,1
2015-09-26 11:35:40.830000+00:00,56.055282,160.609359,32.15,1.23,-0.712,1
2015-09-26 11:43:34.020000+00:00,55.708219,160.44209,13.06,0.78,-0.211,1
2015-09-26 12:59:21.850000+00:00,56.130013,160.454818,8.57,0.33,-100.0,1
2015-09-26 13:37:39.600000+00:00,56.107597,160.346663,17.1,0.77,-0.813,1
2015-09-26 13:44:46.970000+00:00,55.836011,160.361296,-0.55,0.16,-100.0,1
2015-09-26 14:09:53.530000+00:00,56.129541,160.441829,0.92,0.37,-100.0,1
2015-09-26 14:36:00.080000+00:00,55.55566,160.414811,45.12,1.27,-100.0,1
2015-09-26 16:07:13.100000+00:00,56.121208,160.464258,5.13,1.22,-0.771,1
2015-09-26 16:08:01.670000+00:00,56.05236,160.610889,31.63,1.3,-0.654,1
2015-09-26 16:21:30.060000+00:00,56.126375,160.43916,0.26,0.36,-100.0,1
2015-09-26 16:30:54.510000+00:00,56.134517,160.458057,4.38,0.7,-100.0,1
2015-09-26 16:39:58.550000+00:00,55.706527,160.380908,14.27,0.48,-100.0,1
2015-09-26 16:45:33.370000+00:00,55.682292,160.443262,7.54,1.01,-0.186,1
2015-09-26 17:19:00.480000+00:00,55.830994,160.381071,4.5,0.28,-100.0,1
2015-09-26 17:57:30.600000+00:00,55.829749,160.375195,0.29,0.23,-100.0,1
2015-09-26 18:04:02.280000+00:00,56.120329,160.460661,7.5,0.36,-100.0,1
2015-09-26 18:19:19.680000+00:00,56.031885,160.700765,38.59,0.84,-100.0,1
2015-09-26 18:21:28.880000+00:00,56.101172,160.424284,4.18,0.05,-100.0,1
2015-09-26 18:24:15.160000+00:00,55.841683,160.401514,15.48,0.22,-100.0,1
2015-09-26 18:42:35.460000+00:00,55.944503,160.932259,16.39,2.08,-0.531,1
2015-09-26 19:04:32.360000+00:00,55.833549,160.384847,0.53,0.41,-0.941,1
2015-09-26 19:12:29.700000+00:00,55.828471,160.369206,1.25,0.3,-0.678,1
2015-09-26 19:35:48.040000+00:00,55.811483,160.376025,0.84,0.83,-100.0,1
2015-09-26 19:43:03.640000+00:00,55.836711,160.378451,9.77,0.43,-100.0,1
2015-09-26 19:57:32.600000+00:00,56.055452,160.614632,33.44,1.18,-0.774,1
2015-09-26 20:14:08.300000+00:00,55.840511,160.394873,15.96,0.41,-100.0,1
2015-09-26 21:22:04.720000+00:00,56.049235,160.606006,30.14,0.87,-100.0,1
2015-09-26 22:34:46.840000+00:00,56.058069,160.606608,32.35,0.56,-100.0,1
2015-09-26 23:08:29.700000+00:00,56.166646,160.322168,5.87,0.44,-100.0,1
2015-09-26 23:17:07.200000+00:00,56.053874,160.610661,32.56,1.14,-0.693,1
2015-09-27 00:11:15.400000+00:00,55.833309,160.391895,0.17,0.37,-100.0,1
2015-09-27 00:26:08.270000+00:00,55.829643,160.382943,-0.6,0.3,-100.0,1
2015-09-27 00:32:13.860000+00:00,55.830448,160.382747,0.45,0.43,-1.16,1
2015-09-27 00:38:47.860000+00:00,56.058451,160.604932,32.65,1.01,-100.0,1
2015-09-27 00:41:32.770000+00:00,55.831535,160.378613,0.56,0.49,-1.017,1
2015-09-27 00:50:20.340000+00:00,55.830847,160.379883,2.92,1.05,-0.704,1
2015-09-27 00:51:05.900000+00:00,55.829232,160.384798,3.37,1.01,-1.085,1
2015-09-27 01:02:40.960000+00:00,55.831449,160.383464,6.66,0.58,-100.0,1
2015-09-27 01:24:57.830000+00:00,55.842362,160.391683,10.37,0.37,-0.742,1
2015-09-27 01:28:24.480000+00:00,55.842627,160.367513,14.43,0.64,-0.763,1
2015-09-27 01:30:22.280000+00:00,55.838721,160.382406,12.02,0.68,-0.692,1
2015-09-27 01:36:43.030000+00:00,56.133952,160.470182,12.02,0.43,-100.0,1
2015-09-27 01:39:46.410000+00:00,55.839124,160.398405,16.17,0.46,-0.699,1
2015-09-27 01:44:23+00:00,55.833708,160.376156,8.2,0.26,-0.293,1
2015-09-27 01:57:11.480000+00:00,55.553182,160.414323,46.71,0.84,-100.0,1
2015-09-27 02:17:30.010000+00:00,56.062378,160.615023,37.12,1.18,-0.618,1
2015-09-27 03:13:21.230000+00:00,56.151066,160.431624,7.14,0.75,-0.694,1
2015-09-27 03:18:13.340000+00:00,56.161369,160.417074,1.25,0.5,-0.928,1
2015-09-27 03:51:48.380000+00:00,56.117147,160.724349,25.2,0.57,-100.0,1
2015-09-27 04:25:58.690000+00:00,56.116667,160.458464,-0.03,0.53,-0.73,1
2015-09-27 05:23:39.300000+00:00,55.536902,160.324105,13.67,1.28,-0.07,1
2015-09-27 05:27:47.320000+00:00,56.217826,160.887956,18.81,1.75,-0.029,1
2015-09-27 05:39:45+00:00,56.059302,160.609082,34.27,1.17,-0.69,1
2015-09-27 07:39:43.660000+00:00,55.537256,160.325081,13.25,0.77,-0.028,1
2015-09-27 07:54:31.370000+00:00,55.809216,160.356185,23.74,0.56,0.088,1
2015-09-27 08:08:45.520000+00:00,56.130147,160.446224,1.14,0.47,-0.345,1
2015-09-27 08:11:19.260000+00:00,56.047974,160.605729,28.18,0.9,-100.0,1
2015-09-27 08:24:35.440000+00:00,55.537008,160.32373,13.91,1.13,-0.073,1
2015-09-27 08:25:13.750000+00:00,55.536865,160.323942,13.61,1.03,-0.063,1
2015-09-27 08:25:49.840000+00:00,55.538554,160.326579,12.82,0.27,-100.0,1
2015-09-27 09:17:02.100000+00:00,56.05977,160.604899,33.72,0.74,-0.628,1
2015-09-27 09:52:59.790000+00:00,56.123149,160.446794,10.33,0.27,-0.568,1
2015-09-27 10:29:34.220000+00:00,56.050496,160.604102,29.92,1.31,-0.754,1
2015-09-27 12:01:50.490000+00:00,56.133854,160.740592,20.58,2.12,-0.012,1
2015-09-27 12:07:20.320000+00:00,56.123608,160.385986,3.17,0.61,-0.815,1
2015-09-27 12:41:39.460000+00:00,56.056828,160.616488,32.5,0.99,-0.456,1
2015-09-27 13:45:23.220000+00:00,56.239152,160.747949,27.41,1.06,-100.0,1
2015-09-27 14:08:05.100000+00:00,56.049121,160.600553,28.39,1.26,-0.764,1
2015-09-27 14:45:18.380000+00:00,55.536995,160.324707,13.11,0.77,0.152,1
2015-09-27 15:39:14.470000+00:00,56.051082,160.600651,29.56,1.02,-0.688,1
2015-09-27 16:30:54.170000+00:00,56.05186,160.613835,27.73,0.53,-100.0,1
2015-09-27 17:07:47.160000+00:00,56.08195,160.615609,45.19,1.24,-0.747,1
2015-09-27 17:40:15+00:00,56.109485,160.375033,6.31,0.36,-0.552,1
2015-09-27 18:02:12.720000+00:00,56.127445,160.741162,25.29,1.41,0.004,1
2015-09-27 18:45:54+00:00,56.052856,160.593799,29.45,1.16,-0.629,1
2015-09-27 19:32:15.720000+00:00,56.123942,160.462158,0.47,0.41,-0.601,1
2015-09-27 19:44:30.600000+00:00,56.050745,160.603337,30.79,0.85,-0.638,1
2015-09-27 20:18:10.920000+00:00,56.049292,160.603727,-0.73,1.33,-0.637,1
2015-09-27 20:45:24.280000+00:00,55.537561,160.32474,13.16,0.75,0.154,1
2015-09-27 20:52:07.500000+00:00,56.117668,160.459408,0.27,0.71,-100.0,1
2015-09-27 21:16:55.120000+00:00,56.05415,160.60848,31.33,1.05,-0.742,1
2015-09-27 21:42:27.980000+00:00,56.171098,160.839827,18.42,1.65,0.024,1
2015-09-27 22:47:58.640000+00:00,56.049618,160.607194,31.73,1.33,-0.597,1
2015-09-27 23:03:58.020000+00:00,56.044564,160.568734,20.48,0.64,-100.0,1
2015-09-27 23:21:17.760000+00:00,56.03551,160.697721,12.47,0.49,-100.0,1
2015-09-27 23:54:49.520000+00:00,55.850777,160.291113,13.69,0.04,-100.0,1
2015-09-28 00:09:36+00:00,56.054826,160.605225,33.05,1.09,-0.611,1
2015-09-28 00:50:10.180000+00:00,56.050932,160.61556,32.67,0.66,-0.581,1
2015-09-28 01:53:45.090000+00:00,56.059355,160.614974,33.25,1.22,-0.696,1
2015-09-28 01:54:31.620000+00:00,56.067175,160.614062,36.44,1.14,-0.703,1
2015-09-28 01:55:12.660000+00:00,55.687109,160.435596,11.21,0.29,-100.0,1
2015-09-28 02:54:47.460000+00:00,56.090051,160.633431,24.97,0.43,-100.0,1
2015-09-28 03:59:50.550000+00:00,56.052441,160.607357,31.19,1.16,-0.7,1
2015-09-28 05:14:56.700000+00:00,56.053878,160.610059,37.18,0.89,-0.742,1
2015-09-28 06:20:12.470000+00:00,56.113863,160.46486,-1.49,0.82,-0.721,1
2015-09-28 06:55:14.530000+00:00,56.054545,160.621729,34.15,0.43,-0.657,1
2015-09-28 07:52:52.020000+00:00,56.052047,160.608773,31.75,1.24,-0.64,1
2015-09-28 08:21:47.330000+00:00,55.702702,160.478125,0.77,0.53,-100.0,1
2015-09-28 08:57:33.630000+00:00,56.065605,160.61888,37.81,1.04,-0.611,1
2015-09-28 09:34:55.170000+00:00,56.055391,160.603499,32.29,0.99,-0.61,1
2015-09-28 10:38:43.090000+00:00,56.066496,160.615885,35.96,0.87,-0.553,1
2015-09-28 10:40:31.290000+00:00,56.040373,160.601204,27.82,0.47,-100.0,1
2015-09-28 11:40:56.550000+00:00,56.045805,160.592936,28.78,1.11,-100.0,1
2015-09-28 12:09:28.230000+00:00,56.112378,160.478467,6.36,0.36,-0.644,1
2015-09-28 12:31:33.420000+00:00,56.055522,160.608789,31.36,0.95,-0.591,1
2015-09-28 12:35:36.890000+00:00,56.06849,160.623145,38.18,0.51,-100.0,1
2015-09-28 13:31:43.160000+00:00,56.054598,160.598665,30.05,1.21,-0.571,1
2015-09-28 13:35:24.820000+00:00,56.06582,160.549674,-1.29,0.47,-0.632,1
2015-09-28 13:43:49.350000+00:00,56.121879,160.466797,6.74,0.29,-0.536,1
2015-09-28 13:58:52.980000+00:00,55.707642,160.401009,12.1,0.4,-0.405,1
2015-09-28 14:36:18.180000+00:00,56.051554,160.609961,31.57,1.35,-0.662,1
2015-09-28 14:42:10.400000+00:00,56.131466,160.758333,5.44,0.45,-100.0,1
2015-09-28 15:16:03.340000+00:00,56.058004,160.604248,32.98,1.16,-0.713,1
2015-09-28 16:31:10.990000+00:00,56.057438,160.617139,32.99,1.21,-0.644,1
2015-09-28 17:01:03.440000+00:00,56.063993,160.626449,-0.71,0.55,-0.553,1
2015-09-28 17:03:20.880000+00:00,56.117879,160.669303,18.91,1.88,-0.131,1
2015-09-28 17:15:53.880000+00:00,56.05647,160.611344,32.32,1.04,-0.598,1
2015-09-28 17:46:05.480000+00:00,56.047262,160.595931,30.55,1.09,-0.553,1
2015-09-28 18:07:47.520000+00:00,55.826803,160.494238,15.53,0.24,-100.0,1
2015-09-28 18:12:59+00:00,56.048136,160.603011,30.24,1.12,-100.0,1
2015-09-28 18:39:46.960000+00:00,56.049711,160.606104,31.02,0.94,-0.609,1
2015-09-28 18:54:54.560000+00:00,55.818306,160.534326,13.94,0.67,-0.184,1
2015-09-28 19:16:00.120000+00:00,56.055497,160.605534,33.95,1.19,-0.667,1
2015-09-28 19:19:46.320000+00:00,55.722648,160.347119,12.33,0.53,-100.0,1
2015-09-28 19:42:02.680000+00:00,55.837004,160.365023,9.76,0.65,-100.0,1
2015-09-28 19:54:58.080000+00:00,55.843717,160.356396,9.63,0.63,-100.0,1
2015-09-28 19:57:16.880000+00:00,56.052421,160.605387,31.14,1.23,-0.674,1
2015-09-28 20:16:59.300000+00:00,56.05588,160.606738,32.34,0.78,-0.48,1
2015-09-28 20:53:06.860000+00:00,56.062093,160.603076,34.48,0.87,-100.0,1
2015-09-28 21:08:58.640000+00:00,56.051432,160.605469,30.83,0.98,-100.0,1
2015-09-28 21:22:53.040000+00:00,56.047445,160.603597,28.98,0.95,-0.747,1
2015-09-28 21:24:11.340000+00:00,55.836348,160.378158,-0.14,0.53,-0.789,1
2015-09-28 21:29:49.020000+00:00,55.838997,160.390462,2.99,0.78,-100.0,1
2015-09-28 21:31:20.560000+00:00,55.820634,160.468701,10.81,0.57,-0.939,1
2015-09-28 21:33:40.760000+00:00,55.831563,160.381657,5.33,0.82,-0.655,1
2015-09-28 21:36:38.640000+00:00,55.832137,160.379785,6.53,0.68,-100.0,1
2015-09-28 21:40:48+00:00,55.836361,160.379932,7.72,0.28,-100.0,1
2015-09-28 21:46:27.920000+00:00,55.836784,160.385498,8.82,0.73,-0.71,1
2015-09-28 21:47:51.240000+00:00,55.837207,160.384489,10.03,0.76,-100.0,1
2015-09-28 21:48:21.400000+00:00,55.836287,160.392806,10.66,0.56,-100.0,1
2015-09-28 21:50:53.940000+00:00,55.838021,160.37264,14.4,0.43,-0.774,1
2015-09-28 21:58:03.120000+00:00,56.062903,160.608529,35.67,1.33,-0.634,1
2015-09-28 22:34:38.560000+00:00,56.046431,160.593213,29.05,0.93,-0.632,1
2015-09-28 22:58:08.540000+00:00,56.046692,160.602946,30.49,0.87,-0.76,1
2015-09-28 22:59:17.800000+00:00,56.043282,160.556917,21.22,0.26,-100.0,1
2015-09-28 23:49:21.960000+00:00,56.056514,160.60835,31.83,0.97,-0.625,1
2015-09-29 00:01:30.180000+00:00,56.129069,160.445264,5.63,0.52,-100.0,1
2015-09-29 00:47:06.050000+00:00,56.059733,160.607015,33.74,1.06,-0.694,1
2015-09-29 00:57:11.360000+00:00,56.046289,160.601139,30.42,1.16,-0.712,1
2015-09-29 01:22:29.470000+00:00,56.051782,160.610791,32.71,0.91,-0.621,1
2015-09-29 01:40:19.540000+00:00,55.683838,160.39585,14.56,1.38,-0.173,1
2015-09-29 01:43:53.670000+00:00,55.684135,160.397217,15.09,1.06,-0.188,1
2015-09-29 01:46:37.230000+00:00,56.110531,160.390055,5.18,0.31,-0.674,1
2015-09-29 02:15:08.380000+00:00,56.054911,160.603141,31.28,0.95,-100.0,1
2015-09-29 02:15:46.700000+00:00,56.051583,160.607552,29.88,0.88,-100.0,1
2015-09-29 02:47:02.790000+00:00,55.692285,160.462012,5.12,0.66,-0.183,1
2015-09-29 03:04:21.820000+00:00,56.053068,160.608447,31.01,1.36,-0.812,1
2015-09-29 04:08:26.390000+00:00,56.057255,160.611751,33.25,1.12,-0.832,1
2015-09-29 05:04:23.560000+00:00,56.053288,160.606787,30.88,1.19,-0.702,1
2015-09-29 05:05:07.830000+00:00,56.054179,160.602832,31.15,0.82,-100.0,1
2015-09-29 05:20:43.990000+00:00,56.125208,160.448975,-0.33,0.46,-0.502,1
2015-09-29 05:35:55.930000+00:00,56.049556,160.613118,30.44,0.99,-0.647,1
2015-09-29 06:21:58.770000+00:00,56.05411,160.605924,31.15,1.08,-0.658,1
2015-09-29 07:15:15.140000+00:00,56.057048,160.611312,32.42,1.37,-0.711,1
2015-09-29 08:11:38.480000+00:00,56.052726,160.607292,30.97,1.14,-0.601,1
2015-09-29 08:36:07.370000+00:00,56.051208,160.610303,31.22,1.06,-0.648,1
2015-09-29 09:15:27.350000+00:00,56.061023,160.615039,34.03,1.14,-0.773,1
2015-09-29 10:05:46.330000+00:00,56.05282,160.607536,31.44,1.12,-0.699,1
2015-09-29 10:23:07.570000+00:00,56.124609,160.456445,9.39,0.78,-0.711,1
2015-09-29 10:36:33.050000+00:00,56.122205,160.447689,0.67,1.34,-0.99,1
2015-09-29 10:41:51.150000+00:00,56.121069,160.448193,0.69,0.71,-0.605,1
2015-09-29 10:47:49.690000+00:00,56.05096,160.606608,30.0,1.24,-0.787,1
2015-09-29 11:40:01.230000+00:00,56.053251,160.609424,31.72,1.17,-0.769,1
2015-09-29 11:40:39.750000+00:00,56.137008,160.454639,5.9,0.69,-100.0,1
2015-09-29 12:05:16.890000+00:00,56.048987,160.605127,31.53,0.98,-0.666,1
2015-09-29 13:18:52.350000+00:00,56.048621,160.601449,31.57,1.2,-0.744,1
2015-09-29 13:54:11.230000+00:00,56.045113,160.605046,28.02,1.28,-0.773,1
2015-09-29 14:21:13.950000+00:00,56.054081,160.31263,14.43,0.22,-100.0,1
2015-09-29 14:51:43.880000+00:00,56.056559,160.607275,31.33,1.29,-0.697,1
2015-09-29 14:56:00.520000+00:00,55.508907,160.342432,44.43,0.98,-100.0,1
2015-09-29 15:26:29.280000+00:00,56.063281,160.60638,37.05,1.1,-0.728,1
2015-09-29 16:42:35.830000+00:00,56.064156,160.622754,-1.16,0.45,-100.0,1
2015-09-29 16:51:00.610000+00:00,56.057072,160.612012,33.06,1.33,-0.645,1
2015-09-29 17:16:36.680000+00:00,56.071033,160.565169,-1.26,0.88,-0.305,1
2015-09-29 17:19:08.640000+00:00,56.045964,160.626253,29.29,1.18,-100.0,1
2015-09-29 18:42:29+00:00,56.054956,160.615885,31.07,0.97,-0.522,1
2015-09-29 19:01:18.720000+00:00,56.137345,160.430908,9.62,0.54,-0.71,1
2015-09-29 19:04:54.560000+00:00,55.851042,160.468571,4.54,1.1,-100.0,1
2015-09-29 19:23:21.880000+00:00,56.045369,160.604248,27.48,1.02,-0.591,1
2015-09-29 19:56:37.620000+00:00,56.056042,160.60848,32.88,0.98,-100.0,1
2015-09-29 19:57:15.640000+00:00,56.165072,160.836507,-1.37,0.87,-0.095,1
2015-09-29 20:34:16.620000+00:00,56.057072,160.608447,32.25,1.33,-0.696,1
2015-09-29 21:37:39.220000+00:00,56.066943,160.643262,38.28,1.03,-0.662,1
2015-09-29 22:17:42.900000+00:00,55.790116,160.355273,0.9,0.62,-100.0,1
2015-09-29 22:18:25.600000+00:00,56.062162,160.610238,37.14,0.93,-0.622,1
2015-09-29 22:32:58.880000+00:00,56.124386,160.455827,0.8,0.98,-0.678,1
2015-09-29 23:00:04.540000+00:00,56.059896,160.603451,33.81,1.4,-0.72,1
2015-09-29 23:16:11.540000+00:00,56.050594,160.611133,33.09,1.0,-0.602,1
2015-09-29 23:30:49.400000+00:00,55.566394,160.29292,35.52,1.21,-100.0,1
2015-09-30 00:48:32.410000+00:00,56.072542,160.61901,38.56,1.25,-0.64,1
2015-09-30 02:07:27.410000+00:00,56.061755,160.614779,34.93,1.28,-0.74,1
2015-09-30 02:09:45.840000+00:00,56.063062,160.61071,33.41,1.22,-0.748,1
2015-09-30 03:19:30.900000+00:00,56.066101,160.61709,39.3,1.41,-0.548,1
2015-09-30 04:08:49.330000+00:00,56.058695,160.61141,35.69,0.98,-0.652,1
2015-09-30 05:03:39.260000+00:00,55.723466,160.398682,-2.28,1.04,-0.168,1
2015-09-30 05:31:06.150000+00:00,56.063631,160.626986,36.26,1.23,-0.576,1
2015-09-30 07:51:35.960000+00:00,56.05483,160.603451,31.87,1.36,-0.638,1
2015-09-30 08:27:36.570000+00:00,56.048621,160.602588,29.35,1.01,-0.791,1
2015-09-30 09:32:03.800000+00:00,56.059322,160.606885,33.47,1.07,-0.776,1
2015-09-30 11:37:45.630000+00:00,56.067139,160.624821,-0.75,1.38,-100.0,1
2015-09-30 12:02:21.410000+00:00,56.056718,160.611442,34.2,1.34,-0.571,1
2015-09-30 12:03:50.740000+00:00,56.048889,160.616667,29.75,1.24,-0.593,1
2015-09-30 12:14:04.700000+00:00,56.05175,160.60306,31.29,1.06,-100.0,1
2015-09-30 13:04:26.790000+00:00,56.052384,160.608171,31.28,1.38,-0.798,1
2015-09-30 13:31:22.310000+00:00,56.096358,160.688444,0.96,1.17,-0.077,1
2015-09-30 14:30:43.660000+00:00,56.043909,160.603206,27.52,1.44,-0.636,1
2015-09-30 14:32:23.030000+00:00,56.038477,160.605241,25.94,0.94,-100.0,1
2015-09-30 15:32:45.380000+00:00,56.05105,160.61084,31.48,1.3,-0.804,1
2015-09-30 16:16:11.860000+00:00,56.054614,160.613053,33.69,1.35,-0.727,1
2015-09-30 17:09:53.920000+00:00,56.049491,160.607113,31.0,1.21,-0.742,1
2015-09-30 17:10:37.560000+00:00,56.048401,160.60874,29.71,1.19,-0.668,1
2015-09-30 18:13:03.440000+00:00,56.050041,160.610107,0.3,1.38,-0.639,1
2015-09-30 18:38:06.140000+00:00,56.129207,160.45,11.09,0.88,-0.758,1
2015-09-30 19:00:03.040000+00:00,56.053463,160.604915,34.47,1.25,-0.64,1
2015-09-30 19:22:28.800000+00:00,56.056388,160.610189,33.58,1.16,-0.718,1
2015-09-30 19:51:43.840000+00:00,56.06001,160.625049,37.42,1.09,-0.698,1
2015-09-30 19:57:21.020000+00:00,56.043343,160.621615,25.71,0.9,-100.0,1
2015-09-30 20:38:51.280000+00:00,56.049569,160.603483,30.47,1.07,-0.718,1
2015-09-30 20:41:06.880000+00:00,56.05435,160.609961,32.28,1.19,-0.645,1
2015-09-30 20:51:53.160000+00:00,55.974585,160.755745,15.9,0.85,-0.655,1
2015-09-30 21:42:48.520000+00:00,56.049589,160.620752,31.49,1.11,-100.0,1
2015-09-30 22:41:50.080000+00:00,56.04325,160.606104,27.64,1.34,-0.701,1
2015-09-30 23:09:55.280000+00:00,56.06344,160.616667,36.47,1.15,-0.812,1
2015-09-30 23:23:35.860000+00:00,56.047721,160.607471,29.85,1.31,-0.742,1
2015-09-30 23:27:12+00:00,55.843237,160.379069,0.12,0.21,-100.0,1
2015-10-01 00:10:33.930000+00:00,56.057422,160.606413,33.0,1.1,-0.645,1
2015-10-01 00:12:33.100000+00:00,56.049605,160.602913,29.58,1.03,-0.692,1
2015-10-01 01:01:30.740000+00:00,56.047481,160.595833,30.62,1.1,-0.788,1
2015-10-01 01:04:36.660000+00:00,56.043416,160.597363,27.01,1.3,-0.886,1
2015-10-01 01:29:28.140000+00:00,56.048714,160.603662,30.23,1.29,-0.915,1
2015-10-01 02:32:21.460000+00:00,56.059098,160.617122,33.78,1.2,-0.957,1
2015-10-01 03:12:54.030000+00:00,56.050045,160.609391,30.19,1.39,-0.786,1
2015-10-01 03:28:51.930000+00:00,56.047103,160.583008,27.45,0.99,-0.852,1
2015-10-01 03:33:38.490000+00:00,56.132369,160.454378,7.76,0.57,-100.0,1
2015-10-01 04:24:11.910000+00:00,56.055351,160.603434,32.5,1.04,-0.744,1
2015-10-01 04:50:35.520000+00:00,56.043941,160.592708,26.64,1.07,-0.793,1
2015-10-01 06:16:36.360000+00:00,56.053914,160.602572,31.87,1.01,-0.697,1
2015-10-01 07:53:16.480000+00:00,56.04637,160.578206,13.8,0.88,-0.712,1
2015-10-01 08:59:43.210000+00:00,56.051111,160.543001,23.91,1.07,-0.956,1
2015-10-01 09:00:45.030000+00:00,56.048604,160.648014,33.48,1.18,-0.685,1
2015-10-01 09:36:50.270000+00:00,56.165283,160.849105,24.68,1.46,-0.072,1
2015-10-01 09:58:32.580000+00:00,56.050968,160.627588,31.36,0.96,-0.77,1
2015-10-01 10:39:36.420000+00:00,56.055176,160.570589,28.89,1.02,-0.68,1
2015-10-01 10:50:01.610000+00:00,56.049166,160.601139,28.69,0.72,-0.968,1
2015-10-01 11:21:23.400000+00:00,56.051241,160.597933,30.62,0.89,-1.033,1
2015-10-01 12:14:29.450000+00:00,56.053861,160.598372,30.45,0.84,-100.0,1
2015-10-01 12:16:43.960000+00:00,56.055253,160.61333,33.8,0.97,-0.74,1
2015-10-01 13:35:26.440000+00:00,56.069051,160.606299,36.11,1.11,-0.809,1
2015-10-01 13:38:23.690000+00:00,55.874508,160.254346,17.82,0.47,-100.0,1
2015-10-01 14:14:56.540000+00:00,56.049259,160.606787,30.76,0.97,-100.0,1
2015-10-01 15:02:42.620000+00:00,56.051477,160.618669,32.11,1.11,-0.751,1
2015-10-01 15:06:46.590000+00:00,56.057971,160.605485,33.16,0.97,-100.0,1
2015-10-01 16:33:53.530000+00:00,56.052458,160.60376,31.09,1.17,-0.727,1
2015-10-01 16:35:30.020000+00:00,56.057263,160.607275,33.29,0.9,-100.0,1
2015-10-01 17:13:34.220000+00:00,56.063005,160.532048,24.98,1.02,-100.0,1
2015-10-01 17:17:03.560000+00:00,56.056669,160.612956,0.11,1.15,-0.879,1
2015-10-01 17:44:06.760000+00:00,55.828687,160.379395,0.32,0.33,-100.0,1
2015-10-01 17:59:40.460000+00:00,56.053361,160.606852,32.69,1.14,-0.616,1
2015-10-01 18:27:25.800000+00:00,56.05247,160.605485,30.84,1.13,-0.846,1
2015-10-01 18:46:59.520000+00:00,56.054041,160.613949,32.55,0.98,-0.915,1
2015-10-01 19:00:18.080000+00:00,55.713094,160.425146,16.43,0.4,-0.158,1
2015-10-01 19:13:24.680000+00:00,56.058085,160.608268,33.13,0.85,-0.765,1
2015-10-01 19:16:41.600000+00:00,56.056262,160.606543,32.07,1.03,-0.721,1
2015-10-01 20:05:31.440000+00:00,56.054508,160.612858,30.19,0.87,-100.0,1
2015-10-01 20:37:53.520000+00:00,56.050952,160.61014,32.75,0.88,-100.0,1
2015-10-01 20:52:13.800000+00:00,56.051335,160.606494,31.05,0.87,-100.0,1
2015-10-01 21:06:14.920000+00:00,56.045654,160.595345,27.69,0.77,-0.797,1
2015-10-01 21:41:15.640000+00:00,56.135881,160.685693,3.3,1.27,-0.179,1
2015-10-01 21:51:10.360000+00:00,56.055428,160.605615,32.66,0.76,-0.631,1
2015-10-01 22:23:13.920000+00:00,56.04635,160.605241,30.72,0.9,-0.639,1
2015-10-01 22:52:59+00:00,56.035014,160.564779,29.19,0.9,-0.783,1
2015-10-01 22:55:53.080000+00:00,56.051253,160.601481,29.4,0.98,-100.0,1
2015-10-01 22:58:08.560000+00:00,56.07122,160.594808,33.91,1.03,-100.0,1
2015-10-01 22:58:47.680000+00:00,56.118681,160.452865,0.43,0.46,-0.781,1
2015-10-01 23:13:30+00:00,55.703951,160.446842,3.05,0.36,-100.0,1
2015-10-01 23:35:06.040000+00:00,56.053129,160.603288,31.65,1.0,-100.0,1
2015-10-02 00:17:20.540000+00:00,56.116996,160.453109,1.08,0.39,-100.0,1
2015-10-02 01:09:24.020000+00:00,56.0637,160.621159,-0.98,0.68,-100.0,1
2015-10-02 01:19:28.100000+00:00,56.137329,160.444092,10.22,0.37,-100.0,1
2015-10-02 01:52:32.080000+00:00,56.116728,160.69349,27.32,1.11,-0.584,1
2015-10-02 02:00:33.350000+00:00,55.713749,160.433024,15.94,1.96,-0.188,1
2015-10-02 02:31:30.820000+00:00,55.72205,160.406706,13.65,0.48,-0.178,1
2015-10-02 02:46:00.640000+00:00,55.673938,160.183447,14.42,1.17,-0.038,1
2015-10-02 04:21:52.070000+00:00,56.104679,160.810384,28.68,1.22,-100.0,1
2015-10-02 04:35:25.410000+00:00,55.693726,160.423291,10.96,0.34,-0.345,1
2015-10-02 04:41:51.510000+00:00,55.828947,160.395312,0.69,0.29,-100.0,1
2015-10-02 05:00:33+00:00,56.049113,160.608757,29.78,1.48,-0.678,1
2015-10-02 05:00:35.490000+00:00,56.053601,160.623991,33.37,1.61,-0.678,1
2015-10-02 05:43:25.710000+00:00,56.049097,160.623291,32.52,0.72,-0.722,1
2015-10-02 05:45:29.030000+00:00,55.842424,160.379248,11.95,0.06,-100.0,1
2015-10-02 05:51:13.350000+00:00,55.837032,160.369124,11.49,0.21,-100.0,1
2015-10-02 05:57:04.760000+00:00,55.839144,160.38304,14.57,0.1,-100.0,1
2015-10-02 06:12:59.200000+00:00,56.142179,160.865365,27.24,0.5,-100.0,1
2015-10-02 06:22:37.140000+00:00,55.843888,160.380225,0.6,0.25,-0.714,1
2015-10-02 06:42:12.980000+00:00,56.051396,160.609635,32.61,0.9,-0.821,1
2015-10-02 07:18:29.610000+00:00,56.13127,160.314242,5.51,0.67,-0.387,1
2015-10-02 07:36:09.870000+00:00,56.056083,160.610026,35.31,0.71,-100.0,1
2015-10-02 07:56:25.590000+00:00,56.131165,160.736117,23.08,0.68,-100.0,1
2015-10-02 08:26:56.680000+00:00,56.080798,160.608561,38.36,0.83,-100.0,1
2015-10-02 09:04:27+00:00,56.055632,160.604688,31.12,1.47,-0.6,1
2015-10-02 14:30:57.990000+00:00,56.053162,160.609033,32.15,1.58,-0.578,1
2015-10-02 15:08:49.570000+00:00,56.221798,160.851676,25.28,0.64,-100.0,1
2015-10-02 16:01:49.610000+00:00,55.608459,160.205208,26.47,1.46,-100.0,1
2015-10-02 17:40:30.480000+00:00,55.717025,160.446159,6.9,1.09,-0.33,1
2015-10-02 17:45:00.720000+00:00,56.048165,160.584163,28.16,1.53,-0.581,1
2015-10-02 19:07:07+00:00,56.138957,160.455957,9.41,0.9,-0.721,1
2015-10-02 20:10:51.360000+00:00,56.125765,160.45804,8.71,0.69,-0.495,1
2015-10-02 20:23:34.360000+00:00,56.126339,160.459521,10.4,0.47,-0.566,1
2015-10-02 20:56:01.720000+00:00,56.112187,160.462077,-2.46,0.89,-0.654,1
2015-10-02 21:09:45.640000+00:00,56.058899,160.612305,31.08,1.43,-0.643,1
2015-10-02 22:51:58.640000+00:00,56.064697,160.642676,36.4,1.53,-0.638,1
2015-10-02 23:34:10.680000+00:00,56.046745,160.549984,33.78,1.37,-100.0,1
2015-10-03 01:05:16.850000+00:00,56.051042,160.600814,29.82,0.72,-0.576,1
2015-10-03 02:05:41.180000+00:00,56.045658,160.613997,33.23,1.14,-0.659,1
2015-10-03 03:19:23.430000+00:00,56.040222,160.601286,27.2,0.87,-100.0,1
2015-10-03 03:29:15.160000+00:00,56.144918,160.440755,12.87,0.63,-100.0,1
2015-10-03 04:31:44.820000+00:00,56.168412,160.887646,22.61,2.0,-0.118,1
2015-10-03 04:35:11.150000+00:00,56.040979,160.613525,27.85,1.27,-100.0,1
2015-10-03 05:08:15.170000+00:00,55.951095,160.543343,11.37,0.33,-100.0,1
2015-10-03 05:34:49.010000+00:00,56.042615,160.609603,27.07,1.5,-0.76,1
2015-10-03 06:25:41.320000+00:00,56.050277,160.608724,31.7,1.32,-0.713,1
2015-10-03 06:59:00.990000+00:00,56.046745,160.599935,28.07,0.77,-100.0,1
2015-10-03 07:44:47.680000+00:00,56.056584,160.610091,33.03,0.75,-100.0,1
2015-10-03 08:51:33.410000+00:00,56.053418,160.606104,32.8,1.38,-0.633,1
2015-10-03 08:52:24.680000+00:00,56.053548,160.612435,33.21,1.2,-0.579,1
2015-10-03 10:10:03.900000+00:00,56.050838,160.611279,31.21,1.29,-0.746,1
2015-10-03 11:47:33.920000+00:00,55.859477,160.369401,16.15,0.63,-100.0,1
2015-10-03 11:52:28.120000+00:00,56.174003,160.400553,9.98,0.61,-100.0,1
2015-10-03 12:12:44.180000+00:00,56.061056,160.616634,36.75,1.31,-0.602,1
2015-10-03 12:17:00.460000+00:00,55.827527,160.501709,0.78,0.73,-0.384,1
2015-10-03 12:37:19.650000+00:00,56.048409,160.603516,28.7,1.31,-0.748,1
2015-10-03 14:22:42.160000+00:00,56.055477,160.614144,34.55,1.17,-0.717,1
2015-10-03 14:24:22.560000+00:00,55.686951,160.413688,13.28,0.7,-100.0,1
2015-10-03 14:24:46.470000+00:00,55.988538,160.669271,42.11,0.78,-100.0,1
2015-10-03 14:53:34.940000+00:00,56.063074,160.61346,-1.76,1.1,-100.0,1
2015-10-03 16:12:26.220000+00:00,56.054989,160.606299,31.12,1.46,-0.631,1
2015-10-03 16:15:21.220000+00:00,56.052002,160.611035,31.56,1.31,-0.569,1
2015-10-03 16:29:39.640000+00:00,56.05046,160.605973,31.15,1.04,-100.0,1
2015-10-03 16:44:44.920000+00:00,55.699805,160.599577,10.11,0.88,-100.0,1
2015-10-03 17:19:26.940000+00:00,55.700208,160.601318,9.66,0.53,-100.0,1
2015-10-03 18:12:35.800000+00:00,56.063432,160.623617,35.04,1.17,-100.0,1
2015-10-03 18:13:39.880000+00:00,56.057007,160.605078,32.94,1.22,-0.668,1
2015-10-03 19:06:19.120000+00:00,56.059554,160.612516,34.98,1.01,-0.628,1
2015-10-03 19:59:40.040000+00:00,56.054801,160.615088,31.77,1.22,-0.534,1
2015-10-03 20:54:50.920000+00:00,56.058639,160.605843,33.36,1.08,-0.628,1
2015-10-03 21:07:10.960000+00:00,55.537634,160.323975,13.11,0.87,-100.0,1
2015-10-03 22:59:17.080000+00:00,56.05647,160.609977,31.56,1.42,-0.647,1
2015-10-03 23:28:49.600000+00:00,56.05352,160.606234,32.35,0.92,-0.581,1
2015-10-04 00:32:32.870000+00:00,56.113261,160.433545,4.81,0.61,-100.0,1
2015-10-04 01:22:12.300000+00:00,56.055676,160.609635,31.77,1.09,-0.695,1
2015-10-04 02:11:23.770000+00:00,56.058769,160.624642,34.28,1.05,-0.554,1
2015-10-04 03:47:56.300000+00:00,56.061263,160.610449,35.4,1.43,-0.675,1
2015-10-04 04:20:39.850000+00:00,56.054606,160.608936,31.96,1.05,-0.678,1
2015-10-04 04:45:36.480000+00:00,55.862443,160.948389,12.47,0.85,-100.0,1
2015-10-04 04:56:18.740000+00:00,56.158065,160.876351,22.94,0.98,-0.221,1
2015-10-04 05:04:47.930000+00:00,56.116597,160.756462,24.34,1.67,-0.161,1
2015-10-04 05:07:14.080000+00:00,56.157914,160.862354,21.39,0.56,-100.0,1
2015-10-04 06:02:03.350000+00:00,56.046826,160.607357,31.18,0.96,-0.679,1
2015-10-04 07:13:33.710000+00:00,56.059322,160.61582,35.32,1.37,-0.74,1
2015-10-04 07:58:55.380000+00:00,56.052478,160.599951,30.9,1.05,-100.0,1
2015-10-04 08:52:16.030000+00:00,55.798401,160.328906,0.83,0.71,-100.0,1
2015-10-04 08:59:40.020000+00:00,55.527913,160.297852,13.65,0.82,-0.183,1
2015-10-04 09:28:46.220000+00:00,56.120125,160.464518,8.04,0.84,-100.0,1
2015-10-04 09:40:03.300000+00:00,56.056181,160.618034,34.67,1.19,-0.635,1
2015-10-04 10:08:47.560000+00:00,56.119275,160.548617,4.27,1.27,-0.705,1
2015-10-04 10:52:52.290000+00:00,56.062089,160.61486,35.69,1.06,-0.643,1
2015-10-04 10:57:25.880000+00:00,55.735482,160.42137,14.25,0.6,-0.432,1
2015-10-04 11:06:53.180000+00:00,55.839502,160.370247,11.19,0.42,-100.0,1
2015-10-04 11:48:37.940000+00:00,56.050635,160.601676,30.42,1.25,-0.677,1
2015-10-04 12:37:04.650000+00:00,56.13267,160.470394,12.05,0.48,-100.0,1
2015-10-04 13:10:13.910000+00:00,56.1262,160.448307,0.71,1.09,-0.648,1
2015-10-04 13:22:03.800000+00:00,56.06377,160.613558,34.19,1.07,-0.618,1
2015-10-04 15:30:01.130000+00:00,56.046452,160.601074,27.62,1.66,-0.762,1
2015-10-04 16:07:17.070000+00:00,56.055448,160.607259,32.09,0.76,-100.0,1
2015-10-04 16:17:08.950000+00:00,56.052291,160.606429,31.35,0.88,-100.0,1
2015-10-04 16:49:27.980000+00:00,56.042993,160.641439,20.94,0.57,-100.0,1
2015-10-04 17:16:10.080000+00:00,56.050916,160.620915,33.35,0.94,-0.644,1
2015-10-04 17:21:11.180000+00:00,56.057275,160.604492,32.46,0.75,-100.0,1
2015-10-04 17:56:39.900000+00:00,55.522762,160.204346,41.81,0.76,-100.0,1
2015-10-04 18:08:40.480000+00:00,56.132141,160.45874,3.77,0.47,-100.0,1
2015-10-04 18:17:23.200000+00:00,56.0566,160.6118,28.88,0.79,-100.0,1
2015-10-04 18:28:05.880000+00:00,55.566882,160.535645,35.11,1.18,-100.0,1
2015-10-04 19:29:41.200000+00:00,56.057182,160.605566,32.24,1.23,-0.718,1
2015-10-04 19:41:48.160000+00:00,56.158053,160.38641,12.16,0.33,-100.0,1
2015-10-04 20:34:47.880000+00:00,56.119173,160.432715,0.97,1.1,-0.836,1
2015-10-04 20:57:35.380000+00:00,56.044076,160.592936,27.29,1.21,-0.692,1
2015-10-04 22:48:32.220000+00:00,56.062598,160.618652,39.02,1.28,-0.657,1
2015-10-04 23:41:15.240000+00:00,55.693819,160.443587,11.6,0.81,-100.0,1
2015-10-05 00:46:03.820000+00:00,56.055025,160.608382,33.6,1.06,-0.875,1
2015-10-05 03:01:21.940000+00:00,56.060579,160.624382,5.16,1.24,-0.572,1
2015-10-05 05:28:59.070000+00:00,56.06213,160.617757,38.78,1.03,-0.349,1
2015-10-05 06:08:44.310000+00:00,56.059151,160.609489,33.1,1.2,-0.773,1
2015-10-05 06:23:01.140000+00:00,56.120345,160.855843,25.13,1.12,-100.0,1
2015-10-05 07:57:06.050000+00:00,56.059342,160.616976,33.73,1.12,-0.717,1
2015-10-05 08:46:05.690000+00:00,55.827584,160.970573,17.66,2.12,-0.466,1
2015-10-05 08:59:42.410000+00:00,56.201526,160.494922,16.64,0.83,-0.966,1
2015-10-05 09:25:18.570000+00:00,56.054199,160.610352,32.3,1.43,-0.961,1
2015-10-05 09:55:02.840000+00:00,56.122375,160.465853,-0.63,0.83,-0.83,1
2015-10-05 10:26:32.630000+00:00,56.048507,160.611377,31.77,1.21,-1.014,1
2015-10-05 10:57:16.600000+00:00,56.046423,160.604329,28.51,1.33,-0.786,1
2015-10-05 11:10:39.240000+00:00,56.197823,160.886035,25.6,0.96,-100.0,1
2015-10-05 11:30:06.560000+00:00,55.826799,160.529248,13.08,0.48,-0.391,1
2015-10-05 12:46:35.900000+00:00,56.057316,160.608138,32.47,0.9,-0.7,1
2015-10-05 13:40:12.290000+00:00,56.049833,160.60332,29.63,1.31,-0.772,1
2015-10-05 14:29:29.870000+00:00,55.830705,160.541243,13.29,0.58,-0.224,1
2015-10-05 14:43:22.030000+00:00,56.076786,160.535905,21.76,0.98,-0.808,1
2015-10-05 15:20:16.870000+00:00,56.147249,160.736247,19.82,0.8,-0.246,1
2015-10-05 15:27:07.400000+00:00,55.715698,160.496257,8.51,0.29,-100.0,1
2015-10-05 17:07:08.380000+00:00,56.054732,160.61512,31.82,1.55,-0.697,1
2015-10-05 17:08:32.100000+00:00,56.175358,160.854183,26.75,1.11,-0.051,1
2015-10-05 17:38:42+00:00,55.790417,160.917643,20.12,2.33,-0.8,1
2015-10-05 18:14:08.740000+00:00,56.052018,160.610742,31.95,1.07,-0.914,1
2015-10-05 20:11:17.960000+00:00,56.053406,160.609977,31.2,1.2,-0.78,1
2015-10-05 21:16:55.820000+00:00,56.053536,160.586849,25.9,0.86,-100.0,1
2015-10-05 22:30:34.600000+00:00,56.052869,160.612093,32.44,1.56,-0.723,1
2015-10-05 22:47:22.040000+00:00,56.078691,160.700163,17.7,0.87,-0.23,1
2015-10-05 22:49:35.920000+00:00,56.040666,160.601969,25.64,1.3,-100.0,1
2015-10-05 23:12:59.560000+00:00,56.125269,160.44777,1.03,0.8,-100.0,1
2015-10-06 00:55:15.410000+00:00,56.053906,160.604183,30.99,1.0,-0.768,1
2015-10-06 02:28:42.770000+00:00,56.063078,160.601367,22.61,1.08,-100.0,1
2015-10-06 03:37:44.570000+00:00,55.837732,160.37889,-1.3,0.43,-100.0,1
2015-10-06 03:43:08.580000+00:00,55.825053,160.384001,0.38,0.65,-100.0,1
2015-10-06 03:57:10.260000+00:00,56.050651,160.623747,34.49,1.2,-100.0,1
2015-10-06 04:07:14.550000+00:00,55.825122,160.369954,8.38,0.64,-100.0,1
2015-10-06 04:10:51.110000+00:00,55.829626,160.373535,2.94,0.45,-0.832,1
2015-10-06 04:11:20.680000+00:00,55.830001,160.382487,4.34,0.64,-0.899,1
2015-10-06 04:41:59.940000+00:00,55.843693,160.411621,13.43,0.77,-0.466,1
2015-10-06 04:47:19.920000+00:00,55.838912,160.381234,13.08,0.51,-0.777,1
2015-10-06 04:53:19.330000+00:00,55.778544,160.487077,8.84,0.32,-100.0,1
2015-10-06 05:47:04.950000+00:00,56.06971,160.622152,36.2,1.23,-0.919,1
2015-10-06 05:52:39.250000+00:00,55.83455,160.379606,-1.09,0.6,-0.707,1
2015-10-06 06:01:18.980000+00:00,55.78881,160.325439,0.68,0.1,-0.351,1
2015-10-06 06:09:39.490000+00:00,56.165336,160.912419,26.49,0.98,-100.0,1
2015-10-06 07:03:41.570000+00:00,56.061056,160.616146,33.49,1.27,-0.868,1
2015-10-06 07:25:06.930000+00:00,55.711552,160.438265,13.36,0.78,-0.162,1
2015-10-06 07:58:47.770000+00:00,56.057882,160.623958,-1.7,0.68,-100.0,1
2015-10-06 08:05:07.220000+00:00,56.145378,160.425114,10.13,0.73,-0.453,1
2015-10-06 09:26:56.070000+00:00,56.04845,160.6014,29.27,1.36,-0.872,1
2015-10-06 10:50:33.790000+00:00,55.725891,160.429704,6.32,0.48,-0.271,1
2015-10-06 11:11:38.610000+00:00,55.705806,160.422965,13.12,0.85,-0.078,1
2015-10-06 11:21:44.040000+00:00,55.846155,160.480534,9.87,1.05,-0.578,1
2015-10-06 11:22:17.790000+00:00,55.829244,160.378369,5.35,1.38,-0.517,1
2015-10-06 11:23:25.450000+00:00,55.847355,160.44056,6.97,1.49,-0.744,1
2015-10-06 11:24:23.620000+00:00,55.831608,160.381917,1.09,1.37,-0.875,1
2015-10-06 11:28:15.110000+00:00,55.828153,160.386035,7.66,1.48,-0.648,1
2015-10-06 11:30:06.820000+00:00,55.833232,160.361279,9.88,1.09,-100.0,1
2015-10-06 11:31:17.600000+00:00,55.83289,160.38986,8.58,1.35,-100.0,1
2015-10-06 11:33:50.560000+00:00,55.83326,160.389958,8.19,1.13,-100.0,1
2015-10-06 11:37:58.180000+00:00,55.834188,160.396419,9.61,1.44,-0.557,1
2015-10-06 11:43:56.290000+00:00,55.838416,160.392236,13.76,1.66,-100.0,1
2015-10-06 11:47:16.500000+00:00,55.838241,160.396549,13.8,1.48,-0.869,1
2015-10-06 11:50:06.810000+00:00,55.840084,160.387207,14.41,1.42,-100.0,1
2015-10-06 11:53:15.230000+00:00,55.842529,160.318457,11.54,0.73,-100.0,1
2015-10-06 11:53:51.900000+00:00,55.837956,160.35529,13.01,1.16,-100.0,1
2015-10-06 11:54:21.870000+00:00,55.840007,160.393066,15.34,1.41,-0.62,1
2015-10-06 11:55:06.210000+00:00,55.854557,160.427718,12.13,1.17,-0.881,1
2015-10-06 11:58:52.120000+00:00,55.838684,160.411051,17.97,1.15,-0.775,1
2015-10-06 12:05:20.940000+00:00,55.741777,160.501774,12.92,0.83,-0.266,1
2015-10-06 12:07:30.450000+00:00,55.839803,160.393343,14.97,0.56,-0.219,1
2015-10-06 12:08:38.800000+00:00,55.819344,160.173535,8.91,0.35,-100.0,1
2015-10-06 12:10:17.260000+00:00,55.836564,160.381429,14.87,0.64,-100.0,1
2015-10-06 12:24:25.860000+00:00,56.063066,160.621696,37.92,1.1,-0.707,1
2015-10-06 12:43:57.070000+00:00,56.201754,160.494857,16.79,0.82,-100.0,1
2015-10-06 13:54:14.770000+00:00,55.806514,160.236214,21.98,1.19,-0.656,1
2015-10-06 13:57:29.530000+00:00,55.812793,160.257617,23.67,0.5,-0.635,1
2015-10-06 13:58:01.980000+00:00,55.810164,160.242334,23.69,0.52,-100.0,1
2015-10-06 13:58:44.730000+00:00,56.060925,160.618962,34.23,1.44,-0.691,1
2015-10-06 14:38:21.730000+00:00,56.052397,160.598324,31.41,1.07,-100.0,1
2015-10-06 16:28:56.370000+00:00,56.251819,160.168164,17.91,0.4,-100.0,1
2015-10-06 17:09:43.620000+00:00,56.054427,160.61154,31.66,1.25,-0.863,1
2015-10-06 17:40:28.600000+00:00,56.046936,160.602653,28.29,1.16,-0.821,1
2015-10-06 18:22:31.600000+00:00,56.028316,160.506266,28.63,1.14,-100.0,1
2015-10-06 19:06:13.320000+00:00,56.049642,160.608952,33.16,1.24,-0.856,1
2015-10-06 19:15:44.100000+00:00,56.130249,160.446582,1.01,0.84,-0.658,1
2015-10-06 20:27:25.760000+00:00,56.056165,160.608838,32.62,1.46,-0.742,1
2015-10-06 21:35:02.680000+00:00,56.167493,160.915837,26.71,1.29,-0.082,1
2015-10-06 22:12:09.300000+00:00,56.045349,160.598112,27.42,1.33,-0.906,1
2015-10-06 22:13:02.580000+00:00,56.047868,160.60485,29.61,1.14,-100.0,1
2015-10-06 22:18:36.520000+00:00,56.059143,160.612191,34.0,1.21,-0.646,1
2015-10-06 22:32:40.540000+00:00,56.052698,160.606136,31.93,1.28,-0.624,1
2015-10-06 23:14:41.820000+00:00,56.044222,160.613249,32.73,1.03,-0.682,1
2015-10-07 00:54:29.920000+00:00,56.062813,160.619759,35.47,1.31,-0.751,1
2015-10-07 01:49:12.830000+00:00,56.053056,160.608724,31.16,1.46,-0.973,1
2015-10-07 02:54:59.140000+00:00,56.063574,160.627311,-1.22,0.16,-100.0,1
2015-10-07 03:23:02.390000+00:00,56.064392,160.614111,33.58,1.02,-0.689,1
2015-10-07 03:32:47.950000+00:00,55.827913,160.38265,0.83,0.28,-100.0,1
2015-10-07 04:16:01.010000+00:00,56.056319,160.607715,32.85,1.52,-0.89,1
2015-10-07 05:26:46.400000+00:00,56.128662,160.864307,24.61,1.68,0.003,1
2015-10-07 05:39:51.880000+00:00,56.05247,160.602669,30.15,1.37,-0.95,1
2015-10-07 06:45:54.960000+00:00,56.048954,160.605973,29.93,1.44,-0.788,1
2015-10-07 07:48:46.940000+00:00,55.841056,160.381462,5.5,0.27,-100.0,1
2015-10-07 07:50:43.850000+00:00,56.06025,160.61377,36.1,1.19,-0.971,1
2015-10-07 09:26:15.230000+00:00,55.832422,160.500553,9.69,0.62,-0.359,1
2015-10-07 09:39:58.250000+00:00,56.052771,160.602653,30.78,1.53,-0.803,1
2015-10-07 09:44:28.030000+00:00,55.722904,160.463444,11.3,1.12,-0.197,1
2015-10-07 10:54:00.800000+00:00,56.036487,160.649219,30.75,0.32,-100.0,1
2015-10-07 11:08:04.540000+00:00,56.042216,160.594629,26.8,1.37,-0.95,1
2015-10-07 12:52:58.980000+00:00,56.065637,160.615511,36.84,1.23,-0.797,1
2015-10-07 13:46:50.130000+00:00,55.882275,160.061247,12.31,0.94,-0.147,1
2015-10-07 15:32:43.920000+00:00,56.054187,160.6236,-0.96,1.73,-0.858,1
2015-10-07 20:08:50.800000+00:00,56.050716,160.612158,34.33,1.39,-0.552,1
2015-10-07 23:08:57.120000+00:00,56.155229,160.884993,22.82,2.15,-0.057,1
2015-10-07 23:14:59.360000+00:00,56.055013,160.609066,-1.04,1.39,-0.911,1
2015-10-08 00:47:16.360000+00:00,55.54351,160.427458,11.55,1.27,-0.329,2
2015-10-08 03:19:20.860000+00:00,56.117586,160.99694,12.88,1.46,0.012,2
2015-10-08 03:42:00.860000+00:00,56.052539,160.604899,30.91,1.18,-0.884,2
2015-10-08 04:19:16.790000+00:00,56.062626,160.614648,36.49,1.12,-0.806,2
2015-10-08 04:45:57.800000+00:00,55.85756,160.383626,5.19,0.93,-0.414,2
2015-10-08 04:48:26.220000+00:00,55.705819,160.430355,12.73,1.16,-0.158,2
2015-10-08 05:21:56+00:00,55.828711,160.370443,3.17,0.22,-100.0,2
2015-10-08 05:37:28.350000+00:00,56.063782,160.605078,32.52,1.13,-0.621,2
2015-10-08 05:42:20.380000+00:00,56.120129,160.454085,7.04,0.52,-100.0,2
2015-10-08 05:43:46.930000+00:00,55.837614,160.39222,10.18,0.15,-100.0,2
2015-10-08 05:52:27.220000+00:00,55.841532,160.38584,13.37,0.46,-100.0,2
2015-10-08 05:54:18.690000+00:00,55.836385,160.379378,13.56,0.25,-100.0,2
2015-10-08 06:14:45.770000+00:00,56.165442,160.894368,25.21,1.58,-0.019,2
2015-10-08 07:06:17.760000+00:00,56.044442,160.598665,27.57,1.24,-0.725,2
2015-10-08 07:11:26.940000+00:00,56.127022,160.443245,1.43,0.83,-0.692,2
2015-10-08 08:03:43.250000+00:00,56.058126,160.610482,35.27,1.07,-0.811,2
2015-10-08 08:48:26.600000+00:00,55.701587,160.443262,15.18,0.34,-100.0,2
2015-10-08 09:18:24.820000+00:00,56.045308,160.599528,26.89,1.08,-0.674,2
2015-10-08 10:06:03.630000+00:00,55.710046,160.411572,8.38,0.07,-100.0,2
2015-10-08 10:38:16.340000+00:00,56.055892,160.621224,32.8,1.23,-0.556,2
2015-10-08 11:41:18.640000+00:00,56.228654,160.83584,24.18,0.89,-0.177,2
2015-10-08 12:21:09.500000+00:00,56.053113,160.610791,32.37,1.13,-0.827,2
2015-10-08 13:45:57.100000+00:00,56.057096,160.604508,34.53,1.27,-0.597,2
2015-10-08 13:46:40.850000+00:00,56.133069,160.441667,4.16,0.7,-0.725,2
2015-10-08 14:20:30.140000+00:00,56.130904,160.451286,7.04,0.06,-0.501,2
2015-10-08 14:36:48.740000+00:00,56.127405,160.447624,5.32,0.18,-100.0,2
2015-10-08 14:43:36.650000+00:00,56.105489,160.38571,8.35,0.5,-100.0,2
2015-10-08 15:20:27.320000+00:00,55.828743,160.381755,0.31,0.41,-0.153,2
2015-10-08 16:42:53.270000+00:00,56.054761,160.60498,30.27,0.9,-0.709,2
2015-10-08 17:07:56.140000+00:00,55.729085,160.471501,0.17,0.42,-0.182,2
2015-10-08 17:20:58.800000+00:00,55.705591,160.437451,10.19,0.95,-0.127,2
2015-10-08 17:31:58.880000+00:00,56.051131,160.604362,30.09,1.25,-0.637,2
2015-10-08 17:33:40.140000+00:00,56.118677,160.459587,0.33,0.59,-0.624,2
2015-10-08 17:55:04.440000+00:00,55.721558,160.450195,6.64,0.52,-0.232,2
2015-10-08 18:23:11.920000+00:00,56.131958,160.460482,9.27,0.59,-100.0,2
2015-10-08 19:00:45.280000+00:00,56.050326,160.602604,29.3,1.07,-100.0,2
2015-10-08 19:04:48.840000+00:00,55.760897,160.394027,9.28,0.41,-100.0,2
2015-10-08 19:36:15.280000+00:00,56.053536,160.604427,32.68,1.26,-0.82,2
2015-10-08 20:19:53.760000+00:00,56.159574,160.849056,25.75,1.22,-0.134,2
2015-10-08 21:40:01.320000+00:00,56.066996,160.620264,37.29,1.01,-0.667,2
2015-10-08 23:58:34.460000+00:00,56.046309,160.605648,29.91,1.71,-0.825,2
2015-10-09 01:01:38.280000+00:00,56.225281,160.838818,25.43,1.25,-100.0,2
2015-10-09 02:12:24.780000+00:00,56.049687,160.598486,30.55,0.72,-100.0,2
2015-10-09 03:55:24.350000+00:00,56.052657,160.602897,31.3,1.27,-0.776,2
2015-10-09 05:19:52.620000+00:00,56.190609,160.673079,13.63,0.51,-100.0,2
2015-10-09 05:50:29.430000+00:00,56.130806,160.904818,23.13,0.73,-100.0,2
2015-10-09 06:25:09.010000+00:00,56.059664,160.634831,35.6,1.1,-0.579,2
2015-10-09 07:29:02.560000+00:00,56.053756,160.599642,30.5,1.64,-100.0,2
2015-10-09 08:10:45.150000+00:00,56.098169,160.645085,40.78,1.29,-100.0,2
2015-10-09 09:39:53.800000+00:00,56.055245,160.606038,31.54,1.5,-0.857,2
2015-10-09 09:58:00.980000+00:00,55.66016,160.804899,7.67,1.04,-100.0,2
2015-10-09 10:17:49.410000+00:00,56.03505,160.583659,23.31,1.25,-100.0,2
2015-10-09 10:28:09.030000+00:00,55.699377,160.44222,4.5,0.8,-0.267,2
2015-10-09 11:48:52.870000+00:00,56.045553,160.602799,26.92,1.3,-100.0,2
2015-10-09 12:39:16.180000+00:00,56.051066,160.601318,29.77,1.45,-0.742,2
2015-10-09 13:54:09.850000+00:00,55.708394,160.442285,9.34,0.42,-100.0,2
2015-10-09 15:16:06.360000+00:00,56.057214,160.609049,33.32,1.51,-0.782,2
2015-10-09 15:18:11.810000+00:00,56.051583,160.605029,30.36,1.38,-0.735,2
2015-10-09 15:25:37.130000+00:00,55.699959,160.40153,15.67,0.7,-100.0,2
2015-10-09 15:35:20.420000+00:00,56.044873,160.598584,27.3,1.25,-0.86,2
2015-10-09 16:35:45.750000+00:00,56.06204,160.616309,38.84,1.45,-0.964,2
2015-10-09 17:24:16.460000+00:00,56.042635,160.599902,27.49,1.44,-0.615,2
2015-10-09 18:07:13.360000+00:00,56.05236,160.608464,32.61,1.43,-0.741,2
2015-10-09 18:57:33.180000+00:00,56.062919,160.632324,34.91,1.05,-0.624,2
2015-10-09 20:05:59.080000+00:00,56.060022,160.610514,34.49,1.37,-0.783,2
2015-10-09 20:31:12.360000+00:00,56.049097,160.605078,29.74,1.37,-0.692,2
2015-10-09 20:54:51.680000+00:00,55.730444,160.457292,9.88,0.26,-100.0,2
2015-10-09 21:02:22.080000+00:00,56.049935,160.618555,16.39,1.11,-100.0,2
2015-10-09 22:23:03.340000+00:00,55.731209,160.457178,10.84,0.94,-0.302,2
2015-10-09 22:24:30.300000+00:00,56.053381,160.606429,31.4,1.32,-0.696,2
2015-10-09 22:47:46.360000+00:00,56.059578,160.562077,27.53,0.95,-0.59,2
2015-10-09 23:02:22.680000+00:00,56.186442,160.858545,21.07,1.37,-0.059,2
2015-10-09 23:02:37.440000+00:00,56.192391,160.866536,24.15,1.66,-0.179,2
2015-10-09 23:21:25.200000+00:00,56.042183,160.615739,21.57,0.99,-100.0,2
2015-10-09 23:22:23.740000+00:00,56.192033,160.866667,23.83,1.51,-0.129,2
2015-10-09 23:49:01.940000+00:00,56.066829,160.618945,38.62,1.17,-0.446,2
2015-10-09 23:49:34.180000+00:00,56.05422,160.616162,31.9,1.17,-100.0,2
2015-10-10 00:40:39.300000+00:00,56.335396,160.950228,25.66,1.26,-0.083,2
2015-10-10 00:43:16.220000+00:00,56.044137,160.616374,20.67,1.13,-1.013,2
2015-10-10 01:04:10.720000+00:00,56.060368,160.61123,34.47,1.38,-0.788,2
2015-10-10 01:32:26.670000+00:00,56.064966,160.516081,27.88,0.68,-100.0,2
2015-10-10 01:52:43.530000+00:00,56.052026,160.60402,30.66,1.35,-0.826,2
2015-10-10 02:36:14.940000+00:00,56.03877,160.600765,26.82,1.0,-0.728,2
2015-10-10 03:02:28.470000+00:00,56.054281,160.609652,32.56,0.85,-100.0,2
2015-10-10 03:44:21.360000+00:00,56.057194,160.616423,35.37,1.19,-0.473,2
2015-10-10 03:56:44.360000+00:00,56.046444,160.60472,28.26,1.2,-0.669,2
2015-10-10 04:54:32.910000+00:00,56.114921,160.464827,-2.08,0.77,-100.0,2
2015-10-10 05:03:40.440000+00:00,56.056136,160.608057,33.41,1.22,-0.743,2
2015-10-10 05:24:12.350000+00:00,56.049369,160.61071,31.16,1.1,-0.7,2
2015-10-10 06:26:04.320000+00:00,56.049866,160.610824,30.31,1.12,-0.686,2
2015-10-10 06:42:27.650000+00:00,56.161442,160.846436,20.77,1.14,-100.0,2
2015-10-10 06:47:48.260000+00:00,56.163224,160.85096,20.07,1.58,-0.048,2
2015-10-10 07:22:19.130000+00:00,56.052702,160.609098,33.24,1.15,-0.639,2
2015-10-10 07:29:07+00:00,56.056543,160.598307,32.68,1.2,-0.684,2
2015-10-10 07:31:35.370000+00:00,56.163847,160.852946,20.54,1.2,-0.196,2
2015-10-10 07:42:11.250000+00:00,55.59493,160.51084,27.7,1.23,-100.0,2
2015-10-10 08:36:49.620000+00:00,56.055294,160.604655,31.73,1.0,-0.632,2
2015-10-10 08:45:29.840000+00:00,56.057308,160.606852,33.02,1.44,-0.719,2
2015-10-10 09:54:08.130000+00:00,56.0512,160.607682,30.69,1.31,-0.535,2
2015-10-10 09:54:31.380000+00:00,56.054574,160.608024,31.99,1.24,-0.743,2
2015-10-10 10:38:22.360000+00:00,55.714673,160.428337,10.34,0.16,-100.0,2
2015-10-10 10:41:45.970000+00:00,56.052987,160.606885,30.69,1.27,-0.819,2
2015-10-10 11:53:20.280000+00:00,56.054171,160.607536,32.39,1.27,-0.733,2
2015-10-10 11:53:58.260000+00:00,56.051066,160.607243,30.48,1.31,-0.699,2
2015-10-10 12:23:29.350000+00:00,56.166825,160.373063,13.1,0.79,-0.673,2
2015-10-10 12:59:05.790000+00:00,56.056746,160.610352,32.52,1.39,-0.842,2
2015-10-10 13:02:13+00:00,56.057243,160.600635,34.06,1.03,-0.539,2
2015-10-10 14:14:35.230000+00:00,56.050362,160.60721,30.36,1.33,-0.728,2
2015-10-10 14:23:41.430000+00:00,56.05813,160.608903,33.16,1.15,-0.742,2
2015-10-10 14:34:47.960000+00:00,55.67089,160.412093,12.58,0.28,-100.0,2
2015-10-10 14:51:59.510000+00:00,56.046594,160.598649,27.95,1.1,-0.616,2
2015-10-10 15:24:29.220000+00:00,56.056978,160.605632,32.97,1.1,-0.617,2
2015-10-10 15:39:00.900000+00:00,56.049817,160.602197,29.45,1.21,-0.737,2
2015-10-10 16:44:57.230000+00:00,55.619816,160.40804,8.59,0.16,-100.0,2
2015-10-10 16:57:34.530000+00:00,56.049569,160.605811,30.34,1.46,-0.697,2
2015-10-10 17:05:24.560000+00:00,56.039221,160.597917,26.11,1.05,-0.701,2
2015-10-10 17:40:58.160000+00:00,56.05483,160.605387,30.73,1.01,-0.699,2
2015-10-10 17:52:36.760000+00:00,55.691117,160.42863,9.17,0.37,-100.0,2
2015-10-10 18:16:16.640000+00:00,56.05909,160.612516,34.07,1.09,-0.939,2
2015-10-10 18:20:57.080000+00:00,56.047237,160.603239,28.91,1.09,-0.733,2
2015-10-10 19:04:14.280000+00:00,55.69928,160.434375,12.07,0.53,-0.144,2
2015-10-10 19:28:57.400000+00:00,55.884277,160.527295,12.55,0.83,-0.271,2
2015-10-10 20:13:11.320000+00:00,56.051257,160.604297,31.29,1.21,-0.749,2
2015-10-10 20:25:17.160000+00:00,55.726847,160.480811,-0.61,0.84,-0.125,2
2015-10-10 20:26:44.560000+00:00,56.0545,160.60778,32.3,1.17,-0.751,2
2015-10-10 20:38:31.520000+00:00,56.057121,160.609245,37.62,1.05,-0.867,2
2015-10-10 21:53:34.740000+00:00,56.129919,160.445166,8.47,0.83,-0.617,2
2015-10-10 22:09:32.320000+00:00,56.069584,160.62137,36.31,1.35,-0.559,2
2015-10-10 22:24:24.360000+00:00,56.049459,160.620182,32.33,1.17,-0.781,2
2015-10-10 22:37:12.720000+00:00,56.057479,160.615723,33.94,1.28,-0.813,2
2015-10-10 23:00:05.940000+00:00,55.672774,160.394059,13.6,0.88,-0.069,2
2015-10-10 23:29:29.340000+00:00,56.056478,160.608203,32.62,1.16,-0.949,2
2015-10-11 00:54:53.420000+00:00,56.054997,160.60625,31.35,0.98,-0.71,1
2015-10-11 01:13:52.840000+00:00,56.050871,160.604704,30.14,1.2,-0.805,1
2015-10-11 01:37:14.170000+00:00,56.053959,160.606396,31.28,1.16,-0.8,1
2015-10-11 01:48:33.540000+00:00,55.927649,160.845182,16.48,0.95,-100.0,1
2015-10-11 02:38:12.960000+00:00,56.057589,160.600326,32.38,1.23,-0.759,1
2015-10-11 02:39:52.920000+00:00,56.056348,160.606722,32.35,1.21,-0.73,1
2015-10-11 02:49:03.020000+00:00,56.053385,160.60249,31.45,1.18,-100.0,1
2015-10-11 02:56:01.960000+00:00,56.063228,160.618848,36.99,1.26,-0.712,1
2015-10-11 03:57:23.380000+00:00,56.056868,160.608431,32.93,1.17,-0.614,1
2015-10-11 04:07:42.750000+00:00,56.119751,160.460938,1.09,0.97,-0.939,1
2015-10-11 05:33:03.600000+00:00,56.056694,160.611702,31.1,1.19,-0.724,1
2015-10-11 05:59:23.670000+00:00,56.045292,160.603141,32.97,0.75,-0.592,1
2015-10-11 06:10:00.840000+00:00,56.053943,160.60804,31.27,1.26,-0.66,1
2015-10-11 06:21:58.970000+00:00,56.059562,160.613249,34.22,1.28,-0.696,1
2015-10-11 06:56:17.080000+00:00,56.04578,160.604704,28.99,1.07,-0.638,1
2015-10-11 08:34:14.030000+00:00,56.117261,160.755827,23.66,1.09,-0.314,1
2015-10-11 08:37:58.770000+00:00,56.054818,160.609814,32.54,1.18,-0.786,1
2015-10-11 09:13:57.270000+00:00,55.83311,160.392562,9.57,0.22,-100.0,1
2015-10-11 09:46:47.110000+00:00,56.052677,160.608415,30.58,1.18,-0.83,1
2015-10-11 10:40:11.680000+00:00,56.048625,160.60293,28.37,1.18,-0.625,1
2015-10-11 10:51:27.760000+00:00,55.811051,160.238444,22.7,0.52,-100.0,1
2015-10-11 10:56:58.900000+00:00,56.052917,160.607682,31.41,1.2,-0.753,1
2015-10-11 12:05:13.190000+00:00,56.062256,160.629183,3.45,0.98,-100.0,1
2015-10-11 13:01:57.600000+00:00,55.685616,160.405436,13.58,0.26,-100.0,1
2015-10-11 13:18:42.740000+00:00,56.056026,160.605452,32.16,1.0,-0.691,1
2015-10-11 13:47:16.350000+00:00,56.054985,160.614535,33.25,1.31,-0.662,1
2015-10-11 13:59:39.610000+00:00,55.812366,160.259945,23.87,0.67,-0.362,1
2015-10-11 14:37:21.480000+00:00,56.058818,160.603776,32.72,1.24,-0.612,1
2015-10-11 15:17:45.830000+00:00,56.057263,160.606413,35.58,1.02,-100.0,1
2015-10-11 15:36:18.690000+00:00,56.053247,160.614079,31.46,1.27,-0.674,1
2015-10-11 16:12:05.220000+00:00,56.143604,160.905778,27.88,0.61,-100.0,1
2015-10-11 16:43:59.440000+00:00,56.057544,160.60293,34.86,1.06,-0.62,1
2015-10-11 17:37:47.160000+00:00,56.10317,160.538346,10.95,0.82,-0.415,1
2015-10-11 18:01:23.520000+00:00,56.118917,160.466895,-1.25,0.71,-0.519,1
2015-10-11 18:24:16.480000+00:00,55.704683,160.429753,16.52,0.78,-100.0,1
2015-10-11 18:28:00.160000+00:00,56.057145,160.609505,32.91,1.21,-0.688,1
2015-10-11 19:24:18.800000+00:00,56.075582,160.542871,31.03,1.08,-0.78,1
2015-10-11 19:54:30+00:00,56.053813,160.615609,33.36,1.26,-0.569,1
2015-10-11 19:58:08.320000+00:00,56.1453,160.437288,8.2,0.67,-100.0,1
2015-10-11 21:14:07.760000+00:00,55.705013,160.4486,3.33,0.82,-0.29,1
2015-10-11 22:05:33.880000+00:00,56.056677,160.608285,32.96,1.25,-0.672,1
2015-10-11 22:23:21.280000+00:00,56.049337,160.59987,29.38,1.32,-0.679,1
2015-10-11 22:42:39.520000+00:00,56.055135,160.593734,29.77,1.13,-100.0,1
2015-10-12 00:09:07.500000+00:00,56.060498,160.628337,35.62,0.98,-100.0,1
2015-10-12 00:59:33.150000+00:00,56.06558,160.625212,35.57,0.86,-0.62,1
2015-10-12 01:09:19.780000+00:00,56.046977,160.604427,29.58,1.18,-0.726,1
2015-10-12 01:31:29.230000+00:00,56.03995,160.595898,29.19,1.06,-100.0,1
2015-10-12 02:18:48.720000+00:00,56.064421,160.620638,35.65,1.02,-0.615,1
2015-10-12 03:51:30.860000+00:00,56.05144,160.606299,28.79,1.17,-0.644,1
2015-10-12 04:02:48.610000+00:00,56.04858,160.603044,30.81,0.94,-0.632,1
2015-10-12 04:52:51.870000+00:00,56.062443,160.602165,33.56,1.18,-0.509,1
2015-10-12 05:28:37.610000+00:00,56.068681,160.639827,34.95,1.04,-0.727,1
2015-10-12 06:07:38.270000+00:00,56.127279,160.45083,5.94,0.8,-0.593,1
2015-10-12 06:50:33.660000+00:00,56.058085,160.605046,34.11,1.23,-0.698,1
2015-10-12 06:59:38.760000+00:00,56.009517,160.636003,25.6,1.05,-0.574,1
2015-10-12 08:39:42.390000+00:00,56.04915,160.607227,29.14,1.46,-0.605,1
2015-10-12 08:48:22.770000+00:00,56.059603,160.625863,31.95,0.65,-100.0,1
2015-10-12 09:35:32.030000+00:00,56.150895,160.403337,8.39,0.31,-100.0,1
2015-10-12 10:02:28.270000+00:00,56.049593,160.605794,29.54,1.18,-0.786,1
2015-10-12 10:35:46.540000+00:00,55.718347,160.484668,-0.61,1.04,-0.429,1
2015-10-12 11:22:18.530000+00:00,56.057963,160.608822,31.29,1.15,-0.69,1
2015-10-12 12:05:31.720000+00:00,56.043599,160.605111,29.86,0.98,-0.557,1
2015-10-12 12:37:48.090000+00:00,55.754435,160.464193,13.9,0.81,-100.0,1
2015-10-12 13:28:52.470000+00:00,56.058476,160.608268,31.5,1.24,-0.672,1
2015-10-12 13:41:23.010000+00:00,56.063436,160.692399,15.99,0.96,-100.0,1
2015-10-12 15:48:21.190000+00:00,56.057947,160.60555,36.09,1.72,-0.788,1
2015-10-12 16:04:00.870000+00:00,56.048535,160.602116,29.52,0.94,-100.0,1
2015-10-12 16:21:15.580000+00:00,56.056034,160.598096,30.19,1.04,-100.0,1
2015-10-12 16:42:49.150000+00:00,56.024084,160.79681,10.73,1.01,-100.0,1
2015-10-12 16:50:47.860000+00:00,56.317737,160.484163,26.85,1.14,-0.426,1
2015-10-12 16:52:56.260000+00:00,56.054602,160.6125,33.06,1.51,-0.809,1
2015-10-12 16:57:35.410000+00:00,56.055762,160.606982,31.83,1.26,-0.763,1
2015-10-12 17:34:56.040000+00:00,56.049935,160.609896,30.33,1.11,-0.684,1
2015-10-12 18:17:23.120000+00:00,56.11071,160.691715,20.29,1.11,-100.0,1
2015-10-12 18:18:40.380000+00:00,56.052999,160.603581,32.11,1.27,-0.765,1
2015-10-12 18:31:52.360000+00:00,56.048446,160.602653,30.13,1.18,-0.556,1
2015-10-12 19:46:45.760000+00:00,56.065572,160.622884,26.65,1.22,-0.718,1
2015-10-12 20:02:23.820000+00:00,55.719027,160.446842,8.17,0.96,-0.283,1
2015-10-12 20:27:02.060000+00:00,56.05389,160.605192,31.4,1.14,-0.684,1
2015-10-12 21:11:59.800000+00:00,56.046069,160.610107,31.6,1.27,-0.733,1
2015-10-12 21:31:30.760000+00:00,56.054875,160.603174,30.62,1.14,-0.553,1
2015-10-12 21:58:52.480000+00:00,55.552376,160.509733,10.77,1.1,-0.052,1
2015-10-12 22:09:30.360000+00:00,56.05553,160.609749,32.75,1.24,-0.689,1
2015-10-12 22:14:27.900000+00:00,55.554317,160.510482,10.33,0.8,-100.0,1
2015-10-12 23:35:16.200000+00:00,56.05734,160.618083,33.15,1.22,-0.673,1
2015-10-13 00:37:26.930000+00:00,56.060295,160.608138,33.81,1.36,-0.833,1
2015-10-13 00:49:30.040000+00:00,56.048983,160.603125,29.51,0.9,-0.682,1
2015-10-13 01:05:33.510000+00:00,56.061751,160.609782,35.27,1.15,-0.664,1
2015-10-13 01:42:30.280000+00:00,56.046891,160.599593,28.16,1.27,-100.0,1
2015-10-13 02:19:06.670000+00:00,56.054602,160.612614,32.17,1.04,-0.779,1
2015-10-13 02:42:35.060000+00:00,55.709359,160.423682,8.68,0.72,-0.228,1
2015-10-13 02:53:59.650000+00:00,56.048743,160.611117,31.23,0.99,-0.599,1
2015-10-13 03:35:20.110000+00:00,56.061666,160.608187,32.23,0.82,-0.746,1
2015-10-13 03:51:25.940000+00:00,56.055404,160.610596,32.98,0.89,-0.802,1
2015-10-13 04:30:56.010000+00:00,55.711959,160.320101,0.27,0.64,-0.374,1
2015-10-13 04:38:48.120000+00:00,56.074479,160.45485,25.32,0.89,-100.0,1
2015-10-13 05:37:29.120000+00:00,56.053019,160.611117,31.83,1.06,-0.67,1
2015-10-13 05:55:33.220000+00:00,56.057397,160.609782,32.7,0.98,-0.625,1
2015-10-13 06:27:12.630000+00:00,56.064832,160.627067,-1.02,0.8,-100.0,1
2015-10-13 06:31:58.890000+00:00,56.052108,160.745866,21.58,1.31,-0.2,1
2015-10-13 06:48:50.360000+00:00,56.049524,160.602262,29.14,1.11,-0.726,1
2015-10-13 07:01:42.930000+00:00,56.054651,160.609766,32.36,1.05,-0.739,1
2015-10-13 07:41:53.980000+00:00,56.194348,160.955713,24.78,1.34,-0.081,1
2015-10-13 08:27:56.120000+00:00,55.829,160.373958,10.15,0.56,-100.0,1
2015-10-13 08:32:55.620000+00:00,56.063257,160.611344,33.77,1.27,-0.74,1
2015-10-13 08:38:05.780000+00:00,55.716317,160.359391,12.27,0.55,-0.539,1
2015-10-13 08:44:52.460000+00:00,56.048149,160.602718,33.37,0.73,-100.0,1
2015-10-13 08:45:35.100000+00:00,56.046501,160.650342,32.26,0.53,-0.616,1
2015-10-13 09:30:57.280000+00:00,56.070138,160.611507,38.25,1.13,-0.815,1
2015-10-13 09:40:23.790000+00:00,56.055481,160.604671,32.1,0.85,-0.684,1
2015-10-13 09:55:19.580000+00:00,56.055611,160.600179,35.21,0.91,-0.651,1
2015-10-13 10:16:34.220000+00:00,56.053255,160.605143,31.63,1.06,-0.738,1
2015-10-13 10:29:06.870000+00:00,56.057015,160.654443,-1.85,0.46,-100.0,1
2015-10-13 10:49:38.210000+00:00,56.060063,160.609342,33.77,1.18,-0.839,1
2015-10-13 10:56:34.750000+00:00,56.047729,160.606055,30.11,1.23,-0.631,1
2015-10-13 11:55:50.460000+00:00,56.064168,160.607975,33.57,0.84,-0.671,1
2015-10-13 12:36:50.640000+00:00,56.055212,160.616602,-0.03,0.98,-0.815,1
2015-10-13 13:23:41.410000+00:00,56.054085,160.608447,32.24,1.42,-0.768,1
2015-10-13 14:15:55.220000+00:00,56.044495,160.594059,26.61,1.09,-0.632,1
2015-10-13 14:37:22.420000+00:00,56.06158,160.609212,35.68,1.12,-100.0,1
2015-10-13 14:49:41.580000+00:00,56.057438,160.603288,32.32,1.07,-0.602,1
2015-10-13 15:45:53.980000+00:00,56.056006,160.610156,33.32,1.26,-0.672,1
2015-10-13 16:00:41.640000+00:00,56.124972,160.45485,0.38,1.68,-0.961,1
2015-10-13 16:19:19.230000+00:00,56.055367,160.603613,31.63,1.07,-0.73,1
2015-10-13 16:45:48.340000+00:00,56.056661,160.605859,32.86,1.03,-0.667,1
2015-10-13 17:04:28+00:00,56.051929,160.600895,30.66,0.86,-0.666,1
2015-10-13 17:33:06.600000+00:00,56.056327,160.605062,32.48,1.27,-0.668,1
2015-10-13 18:18:05.880000+00:00,56.05542,160.598812,30.68,0.96,-100.0,1
2015-10-13 18:42:34.420000+00:00,55.751111,160.524089,12.14,0.4,-100.0,1
2015-10-13 18:56:09.920000+00:00,56.056681,160.606055,33.64,1.16,-0.665,1
2015-10-13 19:31:07.320000+00:00,56.052909,160.608789,30.99,1.0,-0.779,1
2015-10-13 20:38:43.800000+00:00,56.05271,160.616699,0.07,0.67,-100.0,1
2015-10-13 21:32:55.760000+00:00,56.055774,160.605322,31.39,1.04,-0.8,1
2015-10-13 21:57:04.880000+00:00,56.113513,160.323633,4.96,0.6,-0.802,1
2015-10-13 21:58:55.440000+00:00,56.056832,160.608464,32.22,1.37,-0.708,1
2015-10-13 22:50:42.280000+00:00,56.058256,160.610059,33.52,1.04,-1.008,1
2015-10-13 23:00:17.040000+00:00,56.121488,160.451318,7.64,0.4,-100.0,1
2015-10-13 23:16:42.200000+00:00,56.237101,160.472363,21.85,0.7,-100.0,1
2015-10-13 23:47:50.640000+00:00,56.078227,160.642188,32.42,1.01,-0.638,1
2015-10-13 23:51:32.200000+00:00,56.066003,160.628581,-0.76,0.64,-100.0,1
2015-10-14 00:07:53.780000+00:00,56.053959,160.604606,31.77,1.04,-0.792,1
2015-10-14 00:11:26.140000+00:00,55.708573,160.436019,13.41,0.45,-0.114,1
2015-10-14 00:54:31.570000+00:00,56.050069,160.606266,31.64,0.82,-100.0,1
2015-10-14 01:59:41.310000+00:00,56.059904,160.620736,35.75,1.4,-0.7,1
2015-10-14 02:19:43.560000+00:00,56.060107,160.601253,32.4,0.86,-0.662,1
2015-10-14 02:24:34.620000+00:00,56.056632,160.611182,33.09,1.23,-0.786,1
2015-10-14 02:27:54.390000+00:00,56.05953,160.604167,32.69,0.94,-0.606,1
2015-10-14 03:29:25.590000+00:00,56.151831,160.384505,14.2,0.38,-100.0,1
2015-10-14 03:35:49.190000+00:00,56.053662,160.595654,36.54,0.84,-100.0,1
2015-10-14 04:17:47.490000+00:00,56.053845,160.601774,30.79,0.43,-100.0,1
2015-10-14 04:55:47.110000+00:00,56.058533,160.607373,33.84,0.97,-0.583,1
2015-10-14 06:06:12.400000+00:00,56.060868,160.615511,32.96,1.41,-0.561,1
2015-10-14 06:23:42.640000+00:00,56.047978,160.601107,31.28,1.08,-0.679,1
2015-10-14 06:38:00.410000+00:00,55.639714,160.345687,17.7,1.7,-0.268,1
2015-10-14 07:16:22.890000+00:00,55.619861,160.460482,21.29,1.09,-0.367,1
2015-10-14 08:19:10.510000+00:00,55.816829,160.550326,11.94,1.07,-100.0,1
2015-10-14 08:37:20.720000+00:00,56.068433,160.602148,38.24,1.4,-0.688,1
2015-10-14 09:11:48.900000+00:00,56.037174,160.603532,28.38,0.49,-100.0,1
2015-10-14 10:58:40.650000+00:00,56.060718,160.613216,34.79,1.32,-100.0,1
2015-10-14 11:24:16.180000+00:00,56.054439,160.608317,33.88,0.87,-0.597,1
2015-10-14 14:29:13.070000+00:00,56.055823,160.609163,33.08,1.41,-100.0,1
2015-10-14 16:05:26.410000+00:00,56.059403,160.609066,34.66,1.54,-0.548,1
2015-10-14 20:26:40.040000+00:00,56.056897,160.606348,32.26,1.2,-0.603,1
2015-10-15 02:38:51.550000+00:00,56.04766,160.608529,30.63,1.54,-0.672,1
2015-10-15 03:10:16.410000+00:00,55.830794,160.361003,13.0,0.52,-100.0,1
2015-10-15 06:09:35.060000+00:00,56.053768,160.61084,32.63,1.35,-0.747,1
2015-10-15 06:43:54.630000+00:00,55.706885,160.425065,13.59,1.17,-0.202,1
2015-10-15 07:20:52.050000+00:00,56.127661,160.459749,0.57,0.95,-0.569,1
2015-10-15 08:59:00.720000+00:00,56.055473,160.605176,31.68,1.13,-100.0,1
2015-10-15 10:02:45.560000+00:00,56.063725,160.620199,35.7,0.96,-0.675,1
2015-10-15 11:00:19.180000+00:00,56.050496,160.607194,30.35,0.89,-0.673,1
2015-10-15 12:56:45.300000+00:00,56.054093,160.607764,33.47,1.63,-0.791,1
2015-10-15 13:22:38.780000+00:00,55.937585,160.564486,28.35,0.66,-100.0,1
2015-10-15 15:01:00.560000+00:00,56.121415,160.440495,0.56,0.66,-0.477,1
2015-10-15 15:25:36.710000+00:00,55.83313,160.365967,0.56,0.39,-100.0,1
2015-10-15 15:28:01.880000+00:00,55.809737,160.30612,14.75,0.59,-100.0,1
2015-10-15 15:32:51.710000+00:00,56.051355,160.605518,30.48,1.0,-100.0,1
2015-10-15 16:02:45.250000+00:00,55.681771,160.932943,15.82,1.06,-0.377,1
2015-10-15 16:39:37.040000+00:00,56.062488,160.616829,33.65,1.02,-0.683,1
2015-10-15 17:29:31.800000+00:00,56.064929,160.620947,35.6,1.29,-0.794,1
2015-10-15 17:32:40.280000+00:00,56.146273,160.881738,26.58,0.85,-100.0,1
2015-10-15 18:48:36.480000+00:00,56.051339,160.600049,30.52,1.01,-100.0,1
2015-10-15 20:15:51.300000+00:00,56.057121,160.613981,32.87,1.41,-0.715,1
2015-10-15 21:49:25.560000+00:00,55.826656,160.38348,0.67,0.77,-0.554,1
2015-10-15 21:51:16.640000+00:00,55.826473,160.398193,0.43,0.57,-100.0,1
2015-10-15 21:52:03.200000+00:00,55.82738,160.380046,0.82,0.79,-0.788,1
2015-10-15 22:00:01.320000+00:00,55.832121,160.377458,0.68,0.68,-0.959,1
2015-10-15 22:02:40.380000+00:00,55.831592,160.381299,0.77,0.39,-100.0,1
2015-10-15 22:05:38+00:00,55.830103,160.38234,1.08,0.71,-0.607,1
2015-10-15 22:08:04.980000+00:00,55.834347,160.373812,0.82,0.35,-100.0,1
2015-10-15 22:08:38.440000+00:00,55.830465,160.378271,3.48,0.67,-0.698,1
2015-10-15 22:09:35.620000+00:00,55.832389,160.38291,1.52,0.48,-100.0,1
2015-10-15 22:10:10.220000+00:00,55.833842,160.379867,2.61,0.38,-0.428,1
2015-10-15 22:15:32.480000+00:00,55.8337,160.388851,4.96,0.71,-100.0,1
2015-10-15 22:16:02+00:00,55.83372,160.376497,0.67,0.57,-100.0,1
2015-10-15 22:17:45.280000+00:00,55.834452,160.380322,5.96,0.7,-100.0,1
2015-10-15 22:20:57.340000+00:00,55.839933,160.394141,3.63,0.51,-100.0,1
2015-10-15 22:22:51.740000+00:00,55.832955,160.380648,6.03,0.55,-100.0,1
2015-10-15 22:23:21.440000+00:00,55.837362,160.38291,6.46,0.45,-100.0,1
2015-10-15 22:23:52.440000+00:00,55.84408,160.379736,4.47,0.73,-0.612,1
2015-10-15 22:24:58.460000+00:00,55.839355,160.444775,30.25,0.39,-100.0,1
2015-10-15 22:27:11.280000+00:00,55.831458,160.371908,6.77,0.37,-100.0,1
2015-10-15 22:34:03.120000+00:00,55.838033,160.316911,17.58,0.42,-100.0,1
2015-10-15 22:34:59.600000+00:00,55.83728,160.377441,10.14,0.52,-100.0,1
2015-10-15 22:36:32.600000+00:00,55.831917,160.380664,10.26,0.42,-100.0,1
2015-10-15 22:40:54.640000+00:00,55.834285,160.383252,9.0,0.71,-100.0,1
2015-10-15 22:41:57.380000+00:00,55.838879,160.381217,10.14,0.4,-100.0,1
2015-10-15 22:50:39.260000+00:00,55.834123,160.390186,10.04,0.43,-100.0,1
2015-10-15 22:54:05.200000+00:00,55.842452,160.356364,11.51,0.68,-100.0,1
2015-10-15 22:57:38.400000+00:00,55.837703,160.38776,13.8,0.61,-0.262,1
2015-10-15 22:58:08.680000+00:00,55.844503,160.366748,12.15,0.23,-100.0,1
2015-10-15 22:58:41.200000+00:00,55.838916,160.389176,12.96,0.62,-0.299,1
2015-10-15 23:03:23.560000+00:00,55.839022,160.393245,13.04,0.43,-100.0,1
2015-10-15 23:05:52.360000+00:00,55.834489,160.388688,0.54,0.42,-100.0,1
2015-10-15 23:13:53.460000+00:00,55.839941,160.382796,14.41,0.64,-0.686,1
2015-10-15 23:14:28.160000+00:00,55.832084,160.400326,20.09,0.63,-100.0,1
2015-10-15 23:19:12.760000+00:00,56.037008,160.885465,13.84,1.23,-100.0,1
2015-10-16 01:14:05.080000+00:00,56.046558,160.62168,31.94,1.02,-0.678,1
2015-10-16 02:52:04.320000+00:00,56.036983,160.587533,31.85,1.11,-0.544,1
2015-10-16 03:49:23.880000+00:00,55.82609,160.385221,-0.1,0.93,-0.419,1
2015-10-16 03:56:41.510000+00:00,56.056022,160.617497,32.59,1.09,-0.278,1
2015-10-16 03:59:57.760000+00:00,55.691532,160.082552,22.9,1.37,0.005,1
2015-10-16 04:18:27.910000+00:00,55.739144,160.512891,5.55,0.63,-0.298,1
2015-10-16 05:03:12.030000+00:00,55.995862,160.527881,18.93,0.83,-0.78,1
2015-10-16 06:33:43.590000+00:00,56.063904,160.616683,35.38,1.33,-0.623,1
2015-10-16 08:35:30.680000+00:00,55.809066,160.303841,-0.5,0.32,-0.721,1
2015-10-16 09:11:30.530000+00:00,56.056014,160.608024,32.21,0.82,-0.79,1
2015-10-16 09:14:20.830000+00:00,56.118717,160.709277,21.3,1.05,-0.196,1
2015-10-16 09:43:58.120000+00:00,55.504541,160.452441,12.53,0.49,-100.0,1
2015-10-16 10:24:50.210000+00:00,56.061759,160.536865,46.97,1.48,-0.733,1
2015-10-16 11:37:43.940000+00:00,56.059831,160.608105,33.48,1.15,-0.807,1
2015-10-16 12:19:34.130000+00:00,55.650614,160.426709,8.02,1.16,-0.275,1
2015-10-16 12:53:16.910000+00:00,56.056197,160.608398,35.29,1.23,-0.783,1
2015-10-16 14:42:14.150000+00:00,56.055432,160.573584,41.46,1.24,-0.787,1
2015-10-16 15:39:00.850000+00:00,56.051644,160.600228,31.35,1.07,-0.698,1
2015-10-16 15:50:38.100000+00:00,56.065088,160.6229,-0.69,0.36,-100.0,1
2015-10-16 16:18:05.510000+00:00,56.053308,160.58986,-0.2,0.69,-0.779,1
2015-10-16 17:06:17.600000+00:00,56.06696,160.621387,36.52,1.2,-0.625,1
2015-10-16 17:29:20.800000+00:00,56.056331,160.590788,31.53,0.84,-100.0,1
2015-10-16 18:21:40.860000+00:00,56.053015,160.612435,31.65,1.15,-0.764,1
2015-10-16 19:17:19.820000+00:00,56.058655,160.606494,34.75,1.15,-0.791,1
2015-10-16 20:26:17.260000+00:00,55.654199,160.521273,0.8,0.6,-100.0,1
2015-10-16 20:40:24.540000+00:00,56.143982,160.842008,22.63,1.22,-0.325,1
2015-10-16 20:55:52.440000+00:00,56.153963,160.915413,23.83,1.41,-0.053,1
2015-10-16 21:15:27.480000+00:00,56.073242,160.604883,38.19,1.0,-0.681,1
2015-10-16 23:35:35.400000+00:00,56.05918,160.618132,33.77,1.06,-0.654,1
2015-10-17 00:41:21.640000+00:00,56.05575,160.605469,33.87,0.96,-0.742,2
2015-10-17 02:04:35.150000+00:00,56.006478,160.557992,23.64,1.25,-0.668,2
2015-10-17 02:06:21.280000+00:00,56.05942,160.613607,34.07,1.33,-0.849,2
2015-10-17 02:24:07.320000+00:00,56.059701,160.603158,6.24,0.88,-0.684,2
2015-10-17 02:56:24.730000+00:00,56.127218,160.45153,3.19,0.43,-100.0,2
2015-10-17 03:19:37.680000+00:00,55.693685,160.42513,10.45,0.81,0.021,2
2015-10-17 04:20:42.430000+00:00,55.827486,160.493441,3.11,0.33,-100.0,2
2015-10-17 04:23:00.370000+00:00,56.05284,160.605973,31.48,1.09,-0.658,2
2015-10-17 04:44:41.640000+00:00,56.061503,160.612272,35.13,1.3,-0.83,2
2015-10-17 05:54:47.410000+00:00,56.110315,160.548372,8.8,0.42,-100.0,2
2015-10-17 06:01:14.230000+00:00,56.060262,160.606901,34.47,1.14,-0.754,2
2015-10-17 06:13:38.590000+00:00,56.069735,160.617741,39.44,0.92,-100.0,2
2015-10-17 06:24:50.050000+00:00,56.131189,160.458675,9.2,0.62,-100.0,2
2015-10-17 06:50:14.310000+00:00,56.11816,160.465446,1.19,0.97,-0.789,2
2015-10-17 07:36:07.290000+00:00,55.822257,160.382243,-1.78,0.65,-100.0,2
2015-10-17 08:06:05.250000+00:00,56.085559,160.624544,40.44,1.2,-0.661,2
2015-10-17 08:19:19.860000+00:00,56.056034,160.608561,35.21,0.73,-100.0,2
2015-10-17 09:09:21.250000+00:00,55.823376,160.249951,14.68,1.14,-0.649,2
2015-10-17 09:25:02.670000+00:00,56.055314,160.603499,30.23,0.58,-100.0,2
2015-10-17 09:26:37.630000+00:00,56.135343,160.445508,7.11,0.67,-100.0,2
2015-10-17 09:48:27.600000+00:00,56.136259,160.437174,9.44,0.41,-100.0,2
2015-10-17 10:34:03.840000+00:00,56.058846,160.603597,33.5,1.01,-0.567,2
2015-10-17 11:24:28.640000+00:00,56.13689,160.430469,29.38,0.92,-100.0,2
2015-10-17 11:52:42.390000+00:00,56.056482,160.614258,31.47,1.27,-0.612,2
2015-10-17 11:55:36.820000+00:00,56.012638,160.859587,16.7,1.26,0.076,2
2015-10-17 12:37:16.810000+00:00,56.212191,160.808415,1.33,0.39,-100.0,2
2015-10-17 14:29:24.290000+00:00,56.050382,160.607048,31.46,1.22,-0.707,2
2015-10-17 15:06:05.100000+00:00,56.05706,160.612793,32.33,1.03,-0.674,2
2015-10-17 16:01:25.780000+00:00,56.065308,160.591016,35.1,0.75,-100.0,2
2015-10-17 16:36:46.710000+00:00,56.055607,160.605957,33.0,1.15,-0.707,2
2015-10-17 17:16:39.400000+00:00,56.13313,160.443132,7.93,0.53,-0.673,2
2015-10-17 17:38:54.080000+00:00,56.056543,160.604948,32.52,1.29,-0.864,2
2015-10-17 17:44:16.360000+00:00,55.696041,160.350846,21.56,0.45,-0.356,2
2015-10-17 18:35:03.760000+00:00,56.045353,160.634554,17.41,0.71,-100.0,2
2015-10-17 18:47:34.500000+00:00,56.055656,160.611556,34.12,1.11,-0.723,2
2015-10-17 18:51:08.300000+00:00,55.729696,160.410726,4.04,0.54,-100.0,2
2015-10-17 20:05:38.040000+00:00,56.158264,160.872542,24.33,1.04,-100.0,2
2015-10-17 20:25:20.160000+00:00,56.075859,160.622314,40.09,1.1,-0.639,2
2015-10-17 20:33:55.080000+00:00,56.104036,160.401595,19.89,0.19,-100.0,2
2015-10-17 21:07:00.520000+00:00,56.002852,160.810042,18.55,0.8,0.181,2
2015-10-17 21:41:02.480000+00:00,56.056079,160.610075,33.03,1.29,-0.663,2
2015-10-17 22:22:57.520000+00:00,56.049227,160.611898,1.24,0.67,-0.823,2
2015-10-17 23:11:57.160000+00:00,56.057674,160.607194,32.81,1.24,-0.805,2
2015-10-17 23:24:31.240000+00:00,56.16274,160.82015,20.67,0.82,-100.0,2
2015-10-18 00:19:59.170000+00:00,56.062028,160.606755,34.97,0.96,-0.665,1
2015-10-18 00:26:45.900000+00:00,55.830534,160.382373,-1.02,0.46,-100.0,1
2015-10-18 00:30:46.900000+00:00,56.058496,160.607829,33.27,0.94,-0.763,1
2015-10-18 00:36:50.120000+00:00,55.818412,160.866715,21.43,1.0,-100.0,1
2015-10-18 01:53:16.870000+00:00,56.053442,160.606087,31.38,1.51,-0.819,1
2015-10-18 01:54:29.620000+00:00,56.044828,160.557438,26.67,0.75,-100.0,1
2015-10-18 02:06:15.520000+00:00,56.046875,160.592057,28.92,0.87,-0.748,1
2015-10-18 03:24:35.740000+00:00,56.050317,160.604004,29.97,1.15,-0.704,1
2015-10-18 03:26:32+00:00,55.713802,160.450505,13.5,0.58,-0.253,1
2015-10-18 03:43:52.560000+00:00,55.813098,160.249121,24.27,0.99,-0.583,1
2015-10-18 03:48:12.870000+00:00,56.053251,160.609473,31.8,1.64,-0.695,1
2015-10-18 04:29:52.760000+00:00,56.053682,160.605566,31.58,0.9,-0.872,1
2015-10-18 04:48:20.770000+00:00,56.058614,160.615088,36.7,0.99,-0.692,1
2015-10-18 05:28:45.410000+00:00,56.061914,160.632568,33.37,0.53,-100.0,1
2015-10-18 06:07:48.240000+00:00,56.098796,160.431901,13.06,0.4,-0.65,1
2015-10-18 06:15:45.990000+00:00,56.053459,160.604362,31.72,1.31,-0.668,1
2015-10-18 06:22:17.810000+00:00,56.059037,160.610645,32.73,0.87,-0.733,1
2015-10-18 06:55:29.270000+00:00,55.723499,160.427604,12.15,1.1,-0.177,1
2015-10-18 06:59:24.850000+00:00,56.037675,160.582959,32.55,0.8,-100.0,1
2015-10-18 07:58:42.310000+00:00,56.056311,160.610091,33.06,1.02,-0.764,1
2015-10-18 08:26:52.500000+00:00,56.061056,160.605306,34.11,1.12,-0.848,1
2015-10-18 09:17:25.660000+00:00,56.077901,160.611393,37.97,0.91,-0.622,1
2015-10-18 09:37:26.930000+00:00,55.686768,160.437793,12.4,0.81,-0.161,1
2015-10-18 10:01:15.090000+00:00,56.052311,160.607975,30.75,0.99,-0.67,1
2015-10-18 10:20:01.200000+00:00,56.057251,160.609212,33.12,1.41,-0.763,1
2015-10-18 10:32:27.630000+00:00,56.121749,160.468587,3.4,0.53,-0.575,1
2015-10-18 11:25:57.650000+00:00,56.065706,160.608089,-0.72,0.16,-100.0,1
2015-10-18 12:04:11.660000+00:00,56.084058,160.601595,41.35,1.14,-0.654,1
2015-10-18 12:14:43.700000+00:00,56.053231,160.607324,30.95,1.0,-0.74,1
2015-10-18 12:43:00.610000+00:00,56.052266,160.60319,31.9,0.85,-100.0,1
2015-10-18 12:50:56.840000+00:00,56.050155,160.602913,29.86,1.46,-0.929,1
2015-10-18 13:58:51.590000+00:00,56.108236,160.670068,-0.05,1.93,-0.393,1
2015-10-18 14:07:35.680000+00:00,56.058191,160.606445,32.96,0.9,-0.792,1
2015-10-18 14:47:42.430000+00:00,56.050464,160.602311,31.93,0.68,-100.0,1
2015-10-18 16:40:35.360000+00:00,56.140873,160.73029,19.83,2.99,-0.123,1
2015-10-18 16:42:59.900000+00:00,56.142778,160.731185,19.58,0.56,-100.0,1
2015-10-18 17:11:15.480000+00:00,56.13785,160.439827,11.81,0.4,-0.547,1
2015-10-18 17:17:11.040000+00:00,55.706816,160.426042,12.3,1.25,-0.189,1
2015-10-18 17:22:19.020000+00:00,56.050956,160.603337,30.21,1.5,-0.719,1
2015-10-18 17:35:42+00:00,56.057959,160.610189,32.8,1.24,-0.671,1
2015-10-18 17:44:42.520000+00:00,55.82677,160.37762,-0.58,1.1,-1.05,1
2015-10-18 17:49:54.760000+00:00,56.047925,160.614062,29.79,0.9,-100.0,1
2015-10-18 17:55:18+00:00,55.825484,160.381136,0.77,0.26,-100.0,1
2015-10-18 17:58:00+00:00,55.830062,160.384668,0.81,0.76,-1.19,1
2015-10-18 18:12:58.240000+00:00,55.829342,160.38278,1.03,0.69,-0.785,1
2015-10-18 18:21:56.840000+00:00,55.79998,160.433561,41.85,0.49,-0.375,1
2015-10-18 18:27:22.880000+00:00,55.829134,160.384261,6.55,0.36,-0.285,1
2015-10-18 18:28:52.900000+00:00,56.119645,160.458838,0.31,0.89,-0.608,1
2015-10-18 18:35:30.080000+00:00,55.81237,160.395215,3.23,0.61,-1.063,1
2015-10-18 18:47:00.700000+00:00,55.838717,160.389583,11.05,0.55,-100.0,1
2015-10-18 18:47:48.260000+00:00,55.821814,160.401855,9.49,0.38,-100.0,1
2015-10-18 18:55:37.720000+00:00,55.830098,160.386051,15.04,0.35,-100.0,1
2015-10-18 19:52:02.160000+00:00,55.82476,160.294727,20.3,0.42,-100.0,1
2015-10-18 19:55:13.040000+00:00,55.846765,160.429102,14.3,0.33,-100.0,1
2015-10-18 19:59:14.160000+00:00,56.061727,160.620817,35.67,1.12,-0.847,1
2015-10-18 20:35:34.200000+00:00,56.034587,160.467546,26.82,0.99,-100.0,1
2015-10-18 21:34:45.640000+00:00,55.84172,160.377311,14.43,0.38,-100.0,1
2015-10-18 22:04:32.440000+00:00,56.107007,160.629948,29.33,1.06,-100.0,1
2015-10-18 22:20:54.540000+00:00,56.123344,160.45957,5.89,0.95,-0.885,1
2015-10-18 23:28:22.240000+00:00,56.071879,160.623356,38.07,1.01,-100.0,1
2015-10-18 23:58:26.920000+00:00,56.057735,160.604899,33.46,1.07,-0.809,1
2015-10-19 01:30:07.400000+00:00,56.060392,160.630436,36.95,0.96,-100.0,1
2015-10-19 02:46:22.810000+00:00,56.11158,160.482992,10.52,0.81,-0.758,1
2015-10-19 02:55:04.830000+00:00,56.059517,160.619271,36.15,1.23,-0.725,1
2015-10-19 04:34:03.130000+00:00,56.109627,160.467269,-1.08,0.18,-100.0,1
2015-10-19 05:27:39.350000+00:00,56.054215,160.604053,32.05,0.9,-0.771,1
2015-10-19 06:14:24.710000+00:00,56.051986,160.612793,31.06,1.01,-0.693,1
2015-10-19 06:21:59.350000+00:00,55.634835,160.48068,6.68,0.68,-100.0,1
2015-10-19 06:54:18.400000+00:00,56.060824,160.609375,34.85,0.9,-100.0,1
2015-10-19 07:26:58.670000+00:00,55.838765,160.368115,-2.43,-0.0,-100.0,1
2015-10-19 07:27:19.030000+00:00,56.124658,160.45127,-0.62,0.19,-100.0,1
2015-10-19 08:06:55.150000+00:00,56.060368,160.608187,35.52,1.02,-0.741,1
2015-10-19 08:14:19.430000+00:00,56.05509,160.604134,32.95,1.18,-100.0,1
2015-10-19 09:23:20.150000+00:00,56.061735,160.599919,30.72,0.87,-0.883,1
2015-10-19 10:05:46.570000+00:00,56.113993,160.469629,-1.18,0.45,-100.0,1
2015-10-19 11:21:58.200000+00:00,56.057048,160.603743,31.33,1.07,-100.0,1
2015-10-19 11:25:15.400000+00:00,56.11766,160.454102,-1.74,0.61,-100.0,1
2015-10-19 11:44:37.630000+00:00,56.056685,160.608919,32.38,1.48,-0.793,1
2015-10-19 11:47:14.290000+00:00,56.052905,160.599593,30.91,1.39,-100.0,1
2015-10-19 12:19:25.220000+00:00,56.160254,160.376481,11.88,0.67,-100.0,1
2015-10-19 13:06:31.540000+00:00,56.050269,160.604915,31.25,0.7,-100.0,1
2015-10-19 14:04:30.200000+00:00,56.072583,160.627718,37.61,0.66,-100.0,1
2015-10-19 14:58:13.060000+00:00,56.058915,160.611849,33.66,1.03,-0.646,1
2015-10-19 15:20:33.040000+00:00,56.122534,160.527393,12.88,1.0,-0.676,1
2015-10-19 15:24:03.700000+00:00,56.052747,160.604134,30.47,1.39,-0.756,1
2015-10-19 18:39:32.040000+00:00,55.847103,160.368913,11.96,1.35,-0.141,1
2015-10-19 19:00:51.540000+00:00,55.844303,160.368571,11.34,1.01,-0.224,1
2015-10-19 19:01:32+00:00,55.843241,160.368392,10.77,1.33,-0.169,1
2015-10-19 19:46:03.360000+00:00,55.953743,160.397965,24.57,1.32,-0.208,1
2015-10-19 19:55:26+00:00,56.06012,160.622005,37.42,0.89,-0.83,1
2015-10-19 21:11:47.020000+00:00,56.052055,160.597021,30.52,0.99,-0.808,1
2015-10-19 22:54:33.240000+00:00,56.049483,160.587288,31.9,1.33,-100.0,1
2015-10-20 00:01:55.060000+00:00,56.058167,160.620687,35.51,1.74,-0.807,1
2015-10-20 00:03:12.230000+00:00,56.053227,160.60638,29.91,0.69,-0.677,1
2015-10-20 00:56:00.220000+00:00,56.049906,160.598486,30.21,1.26,-0.511,1
2015-10-20 01:42:35.670000+00:00,56.054553,160.607048,32.62,1.12,-100.0,1
2015-10-20 03:38:11.420000+00:00,56.063346,160.629183,-0.81,1.33,-0.754,1
2015-10-20 03:52:55.210000+00:00,55.718758,160.454964,6.66,0.88,-0.378,1
2015-10-20 04:04:15.200000+00:00,55.829492,160.38348,3.39,0.98,-0.605,1
2015-10-20 04:25:33.600000+00:00,55.675651,160.481885,5.95,1.94,-0.005,1
2015-10-20 04:30:08.750000+00:00,55.834635,160.393473,10.77,0.96,-0.519,1
2015-10-20 04:34:01.310000+00:00,55.847127,160.397868,13.26,0.99,-0.892,1
2015-10-20 04:36:38.040000+00:00,55.83925,160.393913,12.29,0.86,-0.985,1
2015-10-20 04:43:33.870000+00:00,55.839148,160.377799,15.5,0.85,-0.27,1
2015-10-20 05:00:16.960000+00:00,56.059448,160.592985,29.45,1.12,-0.48,1
2015-10-20 05:31:03.770000+00:00,56.062215,160.625928,9.65,1.07,-1.079,1
2015-10-20 05:52:01.380000+00:00,56.077531,160.491064,37.91,1.29,-0.617,1
2015-10-20 08:12:51.320000+00:00,55.707784,160.425423,14.75,1.16,-0.233,1
2015-10-20 08:17:08.030000+00:00,55.853666,160.392497,-1.54,0.72,-0.897,1
2015-10-20 08:21:31.580000+00:00,55.720903,160.464144,0.13,0.54,-100.0,1
2015-10-20 08:22:52.230000+00:00,55.830981,160.376611,15.96,0.86,-100.0,1
2015-10-20 09:08:30.560000+00:00,56.050346,160.601497,30.47,1.54,-0.728,1
2015-10-20 09:23:52.790000+00:00,55.740751,160.51818,12.03,1.53,-0.132,1
2015-10-20 10:46:12.170000+00:00,56.063298,160.623307,36.08,1.13,-0.839,1
2015-10-20 10:46:36.100000+00:00,56.050049,160.58999,28.79,1.13,-100.0,1
2015-10-20 11:06:58.120000+00:00,56.16051,160.463639,7.34,0.62,-100.0,1
2015-10-20 11:08:03.890000+00:00,56.052165,160.608317,32.49,1.06,-100.0,1
2015-10-20 11:33:54.040000+00:00,56.059424,160.618473,35.49,1.17,-100.0,1
2015-10-20 14:02:41.610000+00:00,56.057385,160.622803,33.84,1.52,-0.775,1
2015-10-20 14:18:31.870000+00:00,55.887703,160.070003,13.98,0.85,-100.0,1
2015-10-20 14:19:27.800000+00:00,55.884086,160.063981,13.32,0.86,-100.0,1
2015-10-20 15:53:11.220000+00:00,55.714693,160.453223,8.87,0.75,-0.199,1
2015-10-20 15:53:38.170000+00:00,56.050798,160.59248,31.65,0.55,-100.0,1
2015-10-20 16:26:18.310000+00:00,56.05848,160.613184,34.6,1.08,-0.639,1
2015-10-20 16:44:52.500000+00:00,55.830042,160.378955,4.56,0.45,-100.0,1
2015-10-20 17:06:29.960000+00:00,55.863021,160.208529,20.33,2.58,-0.066,1
2015-10-20 17:20:33.960000+00:00,55.836515,160.363167,13.11,0.25,-100.0,1
2015-10-20 17:55:36+00:00,55.843575,160.388867,13.65,0.76,-0.95,1
2015-10-20 18:21:08.740000+00:00,56.051115,160.609424,32.03,1.42,-0.608,1
2015-10-20 18:58:02.960000+00:00,56.128609,160.454525,3.9,0.17,-100.0,1
2015-10-20 19:50:54.440000+00:00,56.187439,160.847347,26.36,1.31,-0.162,1
2015-10-20 20:21:28.200000+00:00,55.707385,160.413314,15.55,1.93,-0.122,1
2015-10-20 21:06:38.640000+00:00,55.973824,160.917839,14.65,1.9,-0.367,1
2015-10-20 21:32:47.880000+00:00,56.049329,160.60402,29.67,1.26,-0.564,1
2015-10-20 21:49:14.280000+00:00,56.056689,160.605322,32.52,1.2,-0.638,1
2015-10-20 22:02:52.240000+00:00,55.689795,160.44375,16.85,2.41,-1.125,1
2015-10-20 22:02:54.840000+00:00,55.683757,160.42443,23.6,2.28,-1.125,1
2015-10-20 23:13:50.040000+00:00,56.126501,160.578809,4.59,1.62,-0.659,1
2015-10-20 23:19:36.160000+00:00,56.04884,160.602881,31.94,0.85,-0.355,1
2015-10-20 23:27:30.600000+00:00,56.052608,160.606234,31.16,1.54,-0.746,1
2015-10-21 00:41:13.630000+00:00,56.063786,160.622526,-1.24,1.1,-0.888,1
2015-10-21 00:54:26.700000+00:00,55.719613,160.518197,7.21,0.87,-0.367,1
2015-10-21 01:04:45.340000+00:00,56.047689,160.618311,33.93,1.02,-0.588,1
2015-10-21 01:48:42.010000+00:00,56.045451,160.603532,28.46,1.02,-0.752,1
2015-10-21 02:42:45.340000+00:00,56.197445,160.856673,27.95,1.58,-0.047,1
2015-10-21 02:56:25.640000+00:00,56.066854,160.615967,-1.22,0.72,-100.0,1
2015-10-21 03:00:26.610000+00:00,56.05092,160.604118,30.44,1.32,-0.709,1
2015-10-21 04:28:44.760000+00:00,56.057723,160.615055,33.77,1.25,-0.652,1
2015-10-21 05:09:33.860000+00:00,56.006897,160.602311,36.96,1.46,-0.614,1
2015-10-21 05:52:07.310000+00:00,56.066642,160.661898,0.74,0.54,-100.0,1
2015-10-21 05:58:37.030000+00:00,56.061064,160.611947,35.76,1.32,-0.72,1
2015-10-21 06:30:39.820000+00:00,56.059892,160.60752,34.08,1.18,-0.592,1
2015-10-21 07:52:55+00:00,56.156539,160.385124,10.95,0.35,-100.0,1
2015-10-21 08:29:41.430000+00:00,56.048617,160.605371,29.09,1.42,-0.755,1
2015-10-21 09:05:52.960000+00:00,56.061861,160.614242,34.46,1.23,-0.76,1
2015-10-21 09:55:31.300000+00:00,56.057654,160.607617,35.12,1.11,-0.748,1
2015-10-21 10:09:58.610000+00:00,56.128426,160.455143,6.19,0.77,-0.583,1
2015-10-21 10:28:14.410000+00:00,56.059424,160.614339,32.83,1.12,-0.571,1
2015-10-21 10:36:55.070000+00:00,56.163513,160.451025,0.57,0.5,-100.0,1
2015-10-21 10:39:04.840000+00:00,56.057524,160.624495,-0.51,0.44,-100.0,1
2015-10-21 11:57:15.130000+00:00,55.829806,160.380648,5.02,0.35,-100.0,1
2015-10-21 12:11:34.520000+00:00,55.800895,160.313232,9.0,0.39,-100.0,1
2015-10-21 12:14:33.790000+00:00,55.840165,160.382324,11.62,0.66,-0.696,1
2015-10-21 12:16:35.470000+00:00,55.838464,160.387093,15.32,0.97,-0.986,1
2015-10-21 12:21:55.790000+00:00,56.052649,160.606331,31.32,1.27,-0.692,1
2015-10-21 12:35:13.500000+00:00,55.905054,160.318538,44.52,0.69,-0.75,1
2015-10-21 12:45:33+00:00,56.120695,160.456348,0.53,0.71,-100.0,1
2015-10-21 13:06:00.700000+00:00,56.057284,160.615007,34.72,0.97,-0.695,1
2015-10-21 13:51:24.540000+00:00,56.057467,160.608317,33.57,0.68,-0.582,1
2015-10-21 13:55:51.490000+00:00,56.051929,160.605339,30.39,1.08,-0.56,1
2015-10-21 15:32:34.580000+00:00,56.059863,160.610221,34.72,1.28,-0.636,1
2015-10-21 15:37:44.660000+00:00,56.049731,160.606152,30.24,0.9,-0.707,1
2015-10-21 16:25:14.370000+00:00,56.054496,160.621191,32.28,0.97,-100.0,1
2015-10-21 16:31:28.720000+00:00,56.050883,160.609277,31.62,0.97,-100.0,1
2015-10-21 17:06:39.980000+00:00,56.058366,160.61193,34.09,1.29,-0.656,1
2015-10-21 17:10:28.420000+00:00,56.130566,160.444824,4.96,0.49,-0.705,1
2015-10-21 17:20:14.680000+00:00,56.117725,160.460986,0.53,0.25,-100.0,1
2015-10-21 17:30:03.280000+00:00,56.051603,160.610319,31.07,1.42,-0.757,1
2015-10-21 17:31:03.960000+00:00,56.059554,160.617692,37.35,1.05,-100.0,1
2015-10-21 18:27:29.480000+00:00,56.117277,160.456771,0.19,1.0,-0.831,1
2015-10-21 19:33:18.220000+00:00,56.057902,160.602441,32.49,1.1,-0.688,1
2015-10-21 20:35:08.920000+00:00,56.051676,160.604867,30.5,0.92,-0.856,1
2015-10-21 21:15:26.800000+00:00,56.11731,160.461735,-0.09,0.97,-100.0,1
2015-10-21 22:39:07.180000+00:00,56.053434,160.605843,31.12,1.57,-0.719,1
2015-10-21 23:22:29.380000+00:00,56.055916,160.608057,31.55,1.58,-0.886,1
2015-10-22 02:28:46.660000+00:00,56.065861,160.619564,35.8,1.2,-0.723,1
2015-10-22 05:41:57.150000+00:00,56.052051,160.609049,30.48,1.51,-0.757,1
2015-10-22 07:16:42.840000+00:00,55.695772,160.44349,12.48,0.86,-0.339,1
2015-10-22 09:36:06.750000+00:00,55.894019,160.114258,17.21,0.78,-100.0,1
2015-10-22 10:50:14.470000+00:00,56.051888,160.606934,31.43,1.67,-0.74,1
2015-10-22 14:36:30.020000+00:00,56.153707,160.439274,8.55,0.63,-100.0,1
2015-10-22 15:32:20.620000+00:00,56.12793,160.669629,1.24,1.04,-0.192,1
2015-10-22 16:53:18.240000+00:00,56.052429,160.603125,31.58,1.57,-0.678,1
2015-10-22 17:15:31.760000+00:00,56.123234,160.481038,11.42,0.54,-0.835,1
2015-10-22 17:48:43.940000+00:00,55.717424,160.441406,14.61,0.83,-0.221,1
2015-10-22 18:06:08.360000+00:00,56.050553,160.595508,32.21,0.95,-100.0,1
2015-10-22 18:49:32.680000+00:00,56.168624,160.831576,19.48,0.84,-0.265,1
2015-10-22 19:41:16.600000+00:00,56.057812,160.611491,34.14,1.45,-0.674,1
2015-10-22 20:45:55.240000+00:00,56.137516,160.455241,11.1,0.62,-100.0,1
2015-10-22 22:34:51.840000+00:00,56.055428,160.599772,32.22,1.67,-0.658,1
2015-10-22 22:38:30.040000+00:00,56.064543,160.615967,36.78,1.08,-0.696,1
2015-10-22 23:19:22.920000+00:00,56.048417,160.589437,29.02,1.15,-0.735,1
2015-10-22 23:37:12.180000+00:00,56.049333,160.601058,29.36,0.97,-0.763,1
2015-10-23 00:13:12.510000+00:00,55.892322,160.106299,16.65,0.48,0.354,1
2015-10-23 00:20:40.450000+00:00,56.048698,160.576188,41.08,0.78,-100.0,1
2015-10-23 00:30:10.920000+00:00,56.044401,160.584701,26.71,0.81,-100.0,1
2015-10-23 00:58:26.770000+00:00,55.789185,160.341243,0.85,0.92,-100.0,1
2015-10-23 01:18:40.960000+00:00,56.060522,160.607943,34.29,1.29,-0.721,1
2015-10-23 01:38:34.060000+00:00,55.826908,160.385498,8.35,0.53,-100.0,1
2015-10-23 01:47:42.670000+00:00,56.062919,160.636133,-0.55,0.53,-100.0,1
2015-10-23 02:06:36.700000+00:00,55.571265,160.643148,23.64,0.38,-100.0,1
2015-10-23 02:09:51.770000+00:00,56.047847,160.600244,28.14,1.15,-0.665,1
2015-10-23 02:17:18.600000+00:00,56.132955,160.564355,11.63,0.18,-100.0,1
2015-10-23 02:29:47.930000+00:00,56.058586,160.617741,34.9,0.89,-100.0,1
2015-10-23 03:03:18.210000+00:00,55.735148,160.428092,17.2,0.65,-0.123,1
2015-10-23 03:39:23.790000+00:00,56.052844,160.607243,30.56,1.2,-0.136,1
2015-10-23 03:54:42.040000+00:00,56.048153,160.603418,29.49,1.05,-0.604,1
2015-10-23 04:19:17.380000+00:00,56.047624,160.602848,29.23,1.55,-0.819,1
2015-10-23 05:50:51.010000+00:00,55.818974,160.535856,13.01,0.59,-0.118,1
2015-10-23 06:15:38.990000+00:00,56.057902,160.603011,34.98,1.2,-0.711,1
2015-10-23 06:22:32.720000+00:00,56.059941,160.634017,10.1,0.52,-100.0,1
2015-10-23 07:08:01.330000+00:00,56.051204,160.607096,30.7,1.28,-0.75,1
2015-10-23 07:35:04.790000+00:00,56.119531,160.452653,0.23,0.62,-0.661,1
2015-10-23 08:04:06.740000+00:00,56.148743,160.340625,6.52,0.56,-100.0,1
2015-10-23 08:34:21.790000+00:00,56.055676,160.606836,32.12,1.18,-0.716,1
2015-10-23 09:17:47.860000+00:00,56.085746,160.608008,17.02,0.63,-0.411,1
2015-10-23 09:21:13.730000+00:00,56.058569,160.611621,32.47,0.8,-0.815,1
2015-10-23 09:51:20.390000+00:00,56.090739,160.626514,15.89,1.06,-100.0,1
2015-10-23 10:25:24.140000+00:00,56.108964,160.759049,24.61,0.61,-100.0,1
2015-10-23 11:18:33.350000+00:00,56.05295,160.608057,32.39,1.31,-0.709,1
2015-10-23 11:28:18.060000+00:00,56.05557,160.60236,30.96,0.88,-100.0,1
2015-10-23 11:50:29.160000+00:00,55.941817,160.816032,16.26,0.73,0.109,1
2015-10-23 13:22:10.930000+00:00,56.056238,160.621989,33.03,1.46,-0.651,1
2015-10-23 13:53:07.170000+00:00,56.051115,160.600033,29.96,0.86,-0.572,1
2015-10-23 14:41:33.130000+00:00,55.952352,160.221354,6.0,0.36,-0.36,1
2015-10-23 14:44:40.690000+00:00,55.95166,160.221045,5.72,0.48,-0.412,1
2015-10-23 15:21:43.070000+00:00,56.056266,160.605371,32.39,1.19,-0.784,1
2015-10-23 15:26:48.130000+00:00,56.055994,160.604867,33.58,0.86,-100.0,1
2015-10-23 16:03:25.870000+00:00,56.00588,160.707796,0.35,0.94,-0.223,1
2015-10-23 16:13:38.970000+00:00,56.055855,160.606657,31.76,1.19,-0.634,1
2015-10-23 16:53:30.370000+00:00,56.059062,160.609489,33.84,1.47,-0.764,1
2015-10-23 17:06:34.080000+00:00,56.05225,160.608219,31.15,1.21,-0.746,1
2015-10-23 17:08:12.040000+00:00,56.120138,160.384456,12.93,0.31,-100.0,1
2015-10-23 17:24:59.160000+00:00,56.053247,160.606494,30.9,0.94,-0.693,1
2015-10-23 17:31:46.360000+00:00,56.157056,160.381982,11.16,0.14,-100.0,1
2015-10-23 17:55:06.520000+00:00,56.125366,160.461051,9.11,0.53,-0.615,1
2015-10-23 18:04:02.280000+00:00,56.053935,160.603353,31.01,1.15,-0.696,1
2015-10-23 18:28:17.820000+00:00,56.056795,160.61097,33.99,1.15,-0.685,1
2015-10-23 18:43:10.040000+00:00,55.818807,160.385921,0.21,0.08,-100.0,1
2015-10-23 18:51:33.880000+00:00,56.050085,160.604313,30.02,1.02,-0.49,1
2015-10-23 19:01:12.160000+00:00,56.130697,160.455599,5.82,0.62,-0.75,1
2015-10-23 19:20:59.760000+00:00,56.053658,160.60835,32.4,1.24,-0.62,1
2015-10-23 19:31:38.960000+00:00,56.108183,160.45096,7.71,0.12,-100.0,1
2015-10-23 19:43:11.880000+00:00,56.052384,160.604541,30.67,0.94,-0.621,1
2015-10-23 20:16:31.480000+00:00,56.054187,160.609456,31.51,1.45,-0.658,1
2015-10-23 20:17:41.400000+00:00,56.051855,160.60682,31.18,0.77,-100.0,1
2015-10-23 20:39:41.300000+00:00,56.052515,160.604834,30.39,1.34,-0.731,1
2015-10-23 21:00:06.140000+00:00,56.054061,160.600749,30.51,0.89,-0.734,1
2015-10-23 21:35:22.960000+00:00,55.8455,160.9875,17.79,1.28,-0.485,1
2015-10-23 21:37:59.520000+00:00,56.053324,160.60708,32.01,1.26,-0.655,1
2015-10-23 21:55:27.200000+00:00,56.054,160.60262,30.92,1.09,-0.764,1
2015-10-23 22:14:28.900000+00:00,56.055815,160.601872,31.84,1.09,-0.78,1
2015-10-23 22:18:03.960000+00:00,56.054004,160.607324,33.37,1.05,-0.668,1
2015-10-23 22:34:25.520000+00:00,56.05035,160.605892,30.85,0.66,-100.0,1
2015-10-23 22:53:19+00:00,55.832072,160.380713,5.91,0.59,-0.811,1
2015-10-23 22:55:21.860000+00:00,55.83245,160.377816,6.03,0.51,-100.0,1
2015-10-23 22:58:57.160000+00:00,56.050671,160.607422,31.34,1.14,-0.572,1
2015-10-23 23:00:46.280000+00:00,55.838619,160.384375,9.84,0.5,-0.668,1
2015-10-23 23:06:00.960000+00:00,55.837292,160.391276,10.88,0.65,-0.619,1
2015-10-23 23:07:00.720000+00:00,55.838269,160.38859,11.93,0.29,-0.453,1
2015-10-23 23:13:00.120000+00:00,55.836764,160.396452,11.76,0.1,-100.0,1
2015-10-23 23:13:21.540000+00:00,55.840531,160.382389,12.88,0.16,-100.0,1
2015-10-23 23:14:49.700000+00:00,55.840007,160.381022,0.89,0.14,-100.0,1
2015-10-23 23:15:21.160000+00:00,55.838009,160.387223,13.31,0.17,-100.0,1
2015-10-23 23:19:14.760000+00:00,55.831812,160.385677,-0.26,0.37,-100.0,1
2015-10-23 23:21:35.880000+00:00,55.836857,160.382959,13.71,0.16,-100.0,1
2015-10-23 23:23:18.720000+00:00,55.84364,160.427311,56.22,0.63,-100.0,1
2015-10-23 23:28:32+00:00,56.057007,160.611491,33.57,1.39,-0.612,1
2015-10-23 23:36:24.760000+00:00,55.843424,160.37557,15.86,0.62,-0.664,1
2015-10-23 23:41:24.240000+00:00,55.841724,160.407715,17.3,0.23,-0.602,1
2015-10-23 23:45:35.440000+00:00,56.06036,160.612923,35.53,0.89,-0.806,1
2015-10-24 00:06:46.670000+00:00,56.052922,160.608512,31.05,0.98,-0.608,1
2015-10-24 00:14:07.770000+00:00,55.688904,160.407406,13.79,0.42,-100.0,1
2015-10-24 00:14:56.050000+00:00,56.126103,160.454134,5.49,0.67,-0.688,1
2015-10-24 00:36:21.580000+00:00,56.075285,160.301172,15.46,1.01,-0.646,1
2015-10-24 01:06:21.690000+00:00,56.05682,160.606494,33.2,1.1,-0.95,1
2015-10-24 01:24:18.660000+00:00,56.060299,160.612614,33.98,0.89,-0.681,1
2015-10-24 01:47:25.240000+00:00,56.054012,160.603011,33.12,1.39,-0.409,1
2015-10-24 02:13:01.280000+00:00,56.055461,160.60498,31.83,1.04,-0.786,1
2015-10-24 02:26:25.360000+00:00,56.065544,160.618717,34.29,0.6,-100.0,1
2015-10-24 03:02:31.460000+00:00,56.05603,160.609473,32.83,1.15,-0.737,1
2015-10-24 03:22:27.690000+00:00,56.293766,160.870573,32.58,0.84,-0.196,1
2015-10-24 03:25:30.190000+00:00,56.05933,160.603939,33.52,0.9,-0.798,1
2015-10-24 03:29:45.610000+00:00,55.98868,160.82679,17.71,0.94,-0.095,1
2015-10-24 03:31:08.150000+00:00,56.056807,160.60568,32.91,0.62,-100.0,1
2015-10-24 03:57:29.790000+00:00,56.056201,160.61027,32.64,0.83,-100.0,1
2015-10-24 04:10:54.780000+00:00,56.054191,160.605697,31.14,1.54,-0.797,1
2015-10-24 04:18:00.130000+00:00,56.069092,160.624935,4.46,1.13,-0.758,1
2015-10-24 04:37:06.950000+00:00,56.054663,160.604753,32.31,1.14,-0.7,1
2015-10-24 04:53:00.600000+00:00,56.051404,160.608398,30.87,0.82,-0.715,1
2015-10-24 04:56:35.560000+00:00,56.263631,160.88418,28.11,0.35,-100.0,1
2015-10-24 05:01:01+00:00,55.837834,160.380827,-0.13,0.3,-100.0,1
2015-10-24 05:06:31.740000+00:00,56.056067,160.609375,32.91,1.12,-0.837,1
2015-10-24 05:24:24.830000+00:00,56.122933,160.464355,-0.38,0.77,-0.812,1
2015-10-24 05:25:40.100000+00:00,56.054643,160.610417,35.39,1.08,-0.638,1
2015-10-24 05:29:56.670000+00:00,55.820662,160.362467,12.97,0.02,-100.0,1
2015-10-24 05:47:07.490000+00:00,56.050403,160.607243,30.6,1.02,-0.819,1
2015-10-24 06:03:40.170000+00:00,56.084534,160.523258,38.71,0.87,-100.0,1
2015-10-24 06:22:47.890000+00:00,56.051737,160.601579,32.34,1.32,-0.651,1
2015-10-24 06:28:56.770000+00:00,55.952336,160.226383,5.46,0.81,-0.25,1
2015-10-24 06:55:54.110000+00:00,56.054618,160.598828,31.15,0.95,-0.619,1
2015-10-24 07:02:04.750000+00:00,55.69067,160.39502,15.2,0.81,-0.206,1
2015-10-24 07:20:28.590000+00:00,56.050732,160.606999,30.84,1.04,-0.86,1
2015-10-24 07:38:40.990000+00:00,56.065963,160.449072,30.84,0.96,-0.597,1
2015-10-24 08:02:20.850000+00:00,56.051253,160.619401,-1.48,0.73,-100.0,1
2015-10-24 08:18:57.660000+00:00,56.052645,160.602148,30.62,0.91,-0.649,1
2015-10-24 08:39:20.710000+00:00,56.054928,160.604834,32.65,0.88,-0.694,1
2015-10-24 08:44:39.160000+00:00,55.828552,160.373031,0.86,0.45,-100.0,1
2015-10-24 08:50:32.150000+00:00,55.758158,160.617171,14.44,0.59,-100.0,1
2015-10-24 09:00:43.970000+00:00,56.053719,160.607487,31.76,0.88,-100.0,1
2015-10-24 09:24:35.300000+00:00,56.114278,160.487044,8.89,0.45,-0.7,1
2015-10-24 09:32:50.940000+00:00,56.046358,160.598324,28.03,1.52,-0.802,1
2015-10-24 10:02:04.730000+00:00,56.053357,160.603971,31.08,1.11,-0.658,1
2015-10-24 10:11:53.560000+00:00,56.047526,160.604834,28.11,0.72,-0.709,1
2015-10-24 10:39:04.150000+00:00,56.053406,160.609766,33.01,0.96,-0.83,1
2015-10-24 11:06:44.020000+00:00,56.054537,160.602344,32.48,0.92,-0.779,1
2015-10-24 11:17:29.370000+00:00,56.058,160.612077,33.31,0.97,-0.661,1
2015-10-24 11:36:02.520000+00:00,56.117786,160.460563,-0.25,0.12,-100.0,1
2015-10-24 11:49:34.770000+00:00,56.058862,160.607324,33.24,0.88,-0.722,1
2015-10-24 12:01:38.250000+00:00,55.710868,160.407617,16.56,0.63,-0.236,1
2015-10-24 12:02:24.210000+00:00,56.049666,160.607878,30.63,0.86,-100.0,1
2015-10-24 12:20:57.350000+00:00,56.038127,160.828743,9.32,1.4,-0.354,1
2015-10-24 12:33:29.380000+00:00,56.055107,160.596956,31.64,1.48,-0.663,1
2015-10-24 12:52:32.200000+00:00,56.051571,160.611247,-1.66,0.73,-0.796,1
2015-10-24 13:12:54.380000+00:00,56.128499,160.45778,1.14,0.37,-100.0,1
2015-10-24 13:14:07.620000+00:00,56.051648,160.604085,30.74,1.05,-0.891,1
2015-10-24 13:33:15.860000+00:00,56.051965,160.60568,30.56,1.16,-0.768,1
2015-10-24 13:50:11.600000+00:00,56.059045,160.611686,34.43,0.94,-0.738,1
2015-10-24 13:50:57.190000+00:00,56.1389,160.409049,0.28,0.88,-100.0,1
2015-10-24 14:31:13.040000+00:00,56.056645,160.609212,33.34,0.79,-0.793,1
2015-10-24 14:49:45.760000+00:00,56.045654,160.604508,28.3,0.98,-0.893,1
2015-10-24 15:20:23.020000+00:00,55.738944,160.456982,9.61,0.32,-0.276,1
2015-10-24 15:37:31+00:00,56.054578,160.5993,34.14,1.27,-0.677,1
2015-10-24 15:47:15.080000+00:00,56.163611,160.833187,28.59,0.65,-0.266,1
2015-10-24 16:13:30.060000+00:00,56.055721,160.607324,32.49,0.79,-0.658,1
2015-10-24 16:45:04.450000+00:00,56.051074,160.606087,30.76,0.93,-0.68,1
2015-10-24 16:46:44+00:00,56.054602,160.612728,32.69,0.79,-100.0,1
2015-10-24 16:57:29.360000+00:00,55.727397,160.425423,8.36,0.37,-100.0,1
2015-10-24 17:08:19.880000+00:00,56.051758,160.606901,30.55,1.07,-0.731,1
2015-10-24 17:16:25.900000+00:00,55.659867,160.41193,11.65,1.4,-0.216,1
2015-10-24 17:16:52.760000+00:00,55.659481,160.410596,12.52,1.1,0.019,1
2015-10-24 17:31:18.360000+00:00,56.048568,160.605762,28.91,0.83,-0.708,1
2015-10-24 18:05:07.520000+00:00,56.054533,160.602913,31.72,1.51,-0.765,1
2015-10-24 18:48:11.040000+00:00,55.721509,160.466243,9.21,0.47,-0.209,1
2015-10-24 19:09:41.860000+00:00,56.053422,160.606445,31.04,1.09,-0.698,1
2015-10-24 19:28:03.560000+00:00,56.051558,160.603125,30.26,0.92,-0.781,1
2015-10-24 19:31:13.200000+00:00,56.079134,160.355941,18.61,0.1,-100.0,1
2015-10-24 20:12:52.700000+00:00,56.053186,160.59987,30.47,1.24,-0.683,1
2015-10-24 20:37:34.080000+00:00,56.05,160.603906,30.75,0.95,-0.792,1
2015-10-24 20:42:05.560000+00:00,55.839689,160.342383,-0.74,0.42,-0.625,1
2015-10-24 20:58:58.640000+00:00,56.060828,160.615104,35.69,1.03,-0.634,1
2015-10-24 21:07:43.880000+00:00,55.980778,160.951969,15.39,0.99,0.066,1
2015-10-24 21:12:04.680000+00:00,56.120048,160.452002,-1.37,0.36,-100.0,1
2015-10-24 21:17:15.960000+00:00,56.050879,160.606234,30.63,1.23,-0.721,1
2015-10-24 22:01:57.240000+00:00,56.052787,160.611117,31.42,1.13,-0.718,1
2015-10-24 22:19:34.920000+00:00,55.745475,160.544938,9.75,0.72,-0.3,1
2015-10-24 22:22:03.920000+00:00,56.054626,160.601953,30.82,0.66,-100.0,1
2015-10-24 22:30:00.600000+00:00,56.200236,160.870231,22.39,0.95,-100.0,1
2015-10-24 22:37:29.580000+00:00,56.054163,160.604655,31.85,1.05,-0.816,1
2015-10-24 23:03:59.800000+00:00,56.057735,160.605078,32.19,0.86,-100.0,1
2015-10-24 23:29:09.880000+00:00,56.137642,160.451709,10.73,0.74,-100.0,1
2015-10-24 23:38:21.220000+00:00,56.121847,160.454508,0.38,0.37,-0.556,1
2015-10-24 23:48:13.500000+00:00,55.70734,160.424528,12.97,0.43,-0.311,1
2015-10-25 00:05:40.180000+00:00,56.054333,160.612842,-0.69,1.55,-0.703,1
2015-10-25 00:22:10.320000+00:00,56.064368,160.624967,-0.95,0.95,-0.722,1
2015-10-25 01:02:46.270000+00:00,56.058065,160.605778,33.02,1.1,-0.752,1
2015-10-25 01:04:24.200000+00:00,56.09034,160.580371,1.81,1.01,-100.0,1
2015-10-25 01:10:33.840000+00:00,55.673739,160.948714,12.73,1.62,-0.169,1
2015-10-25 01:20:58.250000+00:00,56.113774,160.855778,23.3,0.84,-100.0,1
2015-10-25 01:45:22.010000+00:00,56.057178,160.611165,33.8,0.88,-0.645,1
2015-10-25 02:00:19.410000+00:00,56.053011,160.598991,30.28,0.82,-0.759,1
2015-10-25 02:37:49.140000+00:00,56.141443,160.409456,14.6,0.17,-0.477,1
2015-10-25 02:41:20.570000+00:00,56.13525,160.447103,9.04,0.6,-0.801,1
2015-10-25 02:50:53.500000+00:00,56.063228,160.604818,34.66,1.07,-0.721,1
2015-10-25 03:21:46.020000+00:00,56.052584,160.602572,31.0,1.1,-0.706,1
2015-10-25 04:12:53.980000+00:00,56.050989,160.601644,31.08,0.32,-100.0,1
2015-10-25 04:28:33.070000+00:00,56.046753,160.667578,0.92,0.89,-100.0,1
2015-10-25 04:58:02.900000+00:00,56.119405,160.739583,23.43,1.97,-0.046,1
2015-10-25 05:11:28.860000+00:00,56.0521,160.604525,31.23,1.64,-0.716,1
2015-10-25 05:12:22.750000+00:00,56.120231,160.455632,6.8,0.74,-0.777,1
2015-10-25 06:05:55.730000+00:00,56.064864,160.618652,36.47,0.41,-100.0,1
2015-10-25 06:20:33.070000+00:00,56.041166,160.599609,27.01,0.79,-0.642,1
2015-10-25 06:28:49.740000+00:00,56.061808,160.662288,5.08,0.55,-100.0,1
2015-10-25 07:38:36.070000+00:00,56.058464,160.610547,32.53,1.46,-0.65,1
2015-10-25 08:15:42.060000+00:00,56.059713,160.603288,32.28,1.16,-0.707,1
2015-10-25 08:35:23.930000+00:00,56.051685,160.598763,30.01,1.05,-100.0,1
2015-10-25 09:39:02.160000+00:00,56.056274,160.61154,34.32,1.43,-0.619,1
2015-10-25 09:58:32.690000+00:00,56.123385,160.460645,0.74,0.81,-0.539,1
2015-10-25 10:15:55.150000+00:00,56.135262,160.862842,23.28,1.58,-0.042,1
2015-10-25 13:37:23.090000+00:00,56.054883,160.60874,32.38,1.78,-0.703,1
2015-10-26 07:01:37.770000+00:00,56.044885,160.596143,27.86,1.62,-100.0,1
2015-10-26 11:51:29.140000+00:00,56.059119,160.614323,34.95,1.56,-100.0,1
2015-10-26 12:25:24.700000+00:00,56.11617,160.754622,25.14,1.3,-0.133,1
2015-10-26 14:14:39.770000+00:00,55.651139,160.405762,10.61,1.43,-100.0,1
2015-10-26 15:26:40.020000+00:00,55.807711,160.301123,25.54,0.97,-100.0,1
2015-10-26 18:48:12.840000+00:00,56.05745,160.61473,34.62,1.11,-0.668,1
2015-10-26 19:57:32.240000+00:00,56.047982,160.632259,32.02,0.87,-0.753,1
2015-10-26 21:55:21.640000+00:00,55.830282,160.380778,0.55,1.12,-0.775,1
2015-10-26 21:56:50.080000+00:00,55.832813,160.379183,0.19,0.78,-100.0,1
2015-10-26 21:58:45.020000+00:00,55.82832,160.381462,3.45,1.1,-100.0,1
2015-10-26 22:08:45.840000+00:00,55.835303,160.375391,1.25,0.41,-100.0,1
2015-10-26 22:14:49.360000+00:00,55.768136,160.44082,17.19,1.01,-100.0,1
2015-10-26 22:39:10.720000+00:00,55.901567,160.374561,8.59,0.41,-100.0,1
2015-10-26 22:41:54+00:00,55.839246,160.389941,12.39,0.7,-0.719,1
2015-10-26 22:43:56.380000+00:00,55.939274,160.437451,26.34,0.83,-0.692,1
2015-10-26 22:46:10.240000+00:00,55.851029,160.36945,-1.51,0.45,-100.0,1
2015-10-26 22:53:53.360000+00:00,55.812919,160.172119,15.22,0.78,-0.808,1
2015-10-26 23:24:40.840000+00:00,56.131616,160.44388,8.67,0.73,-100.0,1
2015-10-27 00:42:48.550000+00:00,56.058118,160.608789,34.17,1.66,-0.762,1
2015-10-27 00:44:22.260000+00:00,56.054447,160.612093,31.96,1.29,-0.728,1
2015-10-27 02:13:26.870000+00:00,56.050667,160.622673,31.34,1.04,-100.0,1
2015-10-27 03:11:11.330000+00:00,55.826412,160.382373,-0.25,0.49,-100.0,1
2015-10-27 03:11:53.060000+00:00,56.065157,160.504639,15.1,0.62,-100.0,1
2015-10-27 04:02:29.180000+00:00,56.129342,160.448421,7.15,0.81,-0.611,1
2015-10-27 04:23:33.240000+00:00,55.538184,160.324674,14.93,1.22,-0.213,1
2015-10-27 04:32:44+00:00,55.537101,160.324447,13.45,1.08,-0.258,1
2015-10-27 04:35:32.880000+00:00,56.120955,160.452311,4.95,1.26,-0.581,1
2015-10-27 05:26:29.480000+00:00,56.125415,160.448405,4.85,0.83,-0.635,1
2015-10-27 06:24:14.560000+00:00,56.055522,160.602604,32.1,1.41,-0.647,1
2015-10-27 06:47:12.650000+00:00,56.167452,160.899854,24.87,1.14,-0.227,1
2015-10-27 06:49:38.220000+00:00,56.064714,160.611182,35.12,1.1,-0.808,1
2015-10-27 07:10:00.650000+00:00,56.168791,160.895947,24.13,0.89,-100.0,1
2015-10-27 07:18:24.910000+00:00,56.133561,160.446615,6.46,0.75,-100.0,1
2015-10-27 08:26:04.840000+00:00,56.054451,160.605013,31.16,1.32,-0.692,1
2015-10-27 10:46:56.960000+00:00,56.056698,160.606348,32.63,1.26,-0.639,1
2015-10-27 10:50:54.260000+00:00,56.048254,160.60459,30.18,1.22,-0.719,1
2015-10-27 13:42:37.340000+00:00,56.064449,160.607715,34.96,1.09,-0.625,1
2015-10-27 13:50:37.090000+00:00,55.918172,160.657585,-0.19,0.73,-100.0,1
2015-10-27 13:59:19.130000+00:00,55.808488,160.240999,25.12,0.69,-0.479,1
2015-10-27 14:40:30.840000+00:00,55.954846,160.846582,2.43,1.06,-100.0,1
2015-10-27 15:30:49.160000+00:00,55.929537,160.685254,9.31,0.98,-0.175,1
2015-10-27 16:12:39.280000+00:00,56.058346,160.606885,34.03,1.53,-0.801,1
2015-10-27 18:46:28.520000+00:00,56.106982,160.445898,8.04,0.27,-100.0,1
2015-10-27 19:10:58.840000+00:00,56.056327,160.608024,31.53,1.2,-0.865,1
2015-10-27 19:20:53.640000+00:00,55.71473,160.431169,10.08,0.71,-0.231,1
2015-10-27 19:30:07.960000+00:00,55.705912,160.429915,15.37,0.65,-0.199,1
2015-10-27 19:32:37.980000+00:00,55.721232,160.430859,12.06,0.37,-100.0,1
2015-10-27 19:45:10.400000+00:00,56.05957,160.621387,34.52,1.21,-0.758,1
2015-10-27 19:49:17.280000+00:00,56.057597,160.620947,34.51,0.88,-100.0,1
2015-10-27 21:05:16.300000+00:00,56.1203,160.464941,0.35,1.12,-0.767,1
2015-10-27 21:06:33.260000+00:00,56.130632,160.488086,7.98,0.45,-0.754,1
2015-10-27 21:07:40.240000+00:00,56.219348,160.914323,31.49,1.09,-0.127,1
2015-10-27 21:09:12.380000+00:00,56.220093,160.912093,29.83,1.13,-0.187,1
2015-10-27 21:51:00.700000+00:00,56.056514,160.605452,32.56,1.11,-0.68,1
2015-10-27 21:54:30.360000+00:00,56.103638,160.444173,7.17,0.38,-100.0,1
2015-10-27 22:12:35.780000+00:00,56.13018,160.450846,6.46,0.63,-0.686,1
2015-10-27 22:25:33.680000+00:00,56.053365,160.611523,30.7,0.94,-0.769,1
2015-10-27 23:09:42.320000+00:00,56.060079,160.606689,34.12,1.26,-0.823,1
2015-10-27 23:40:26.240000+00:00,56.11864,160.47915,4.01,0.47,-100.0,1
2015-10-27 23:51:25.320000+00:00,56.056604,160.607568,32.79,1.19,-0.687,1
2015-10-28 00:07:26.450000+00:00,56.05203,160.624935,14.36,0.75,-0.716,1
2015-10-28 00:33:09.080000+00:00,56.061328,160.609928,34.2,1.28,-0.784,1
2015-10-28 01:11:26.440000+00:00,56.050586,160.616862,34.63,0.83,-100.0,1
2015-10-28 01:25:33.940000+00:00,56.060417,160.616862,35.54,1.17,-0.854,1
2015-10-28 01:28:49.760000+00:00,56.109932,160.538867,8.54,0.24,-100.0,1
2015-10-28 02:11:30.540000+00:00,56.114559,160.458724,-0.94,0.38,-0.588,1
2015-10-28 02:53:47.140000+00:00,56.058407,160.608659,34.23,1.3,-0.851,1
2015-10-28 03:00:18.440000+00:00,56.052291,160.609733,31.41,1.0,-0.834,1
2015-10-28 03:09:28+00:00,56.126428,160.444303,6.9,0.32,-100.0,1
2015-10-28 04:23:28.760000+00:00,56.056681,160.627588,34.73,0.6,-0.883,1
2015-10-28 04:39:59.380000+00:00,56.05245,160.605729,30.53,1.39,-0.791,1
2015-10-28 05:20:43.690000+00:00,56.062691,160.604199,33.95,1.19,-0.874,1
2015-10-28 05:34:53.850000+00:00,56.056283,160.606299,31.31,0.9,-0.879,1
2015-10-28 05:41:17.470000+00:00,55.710323,160.457699,11.87,0.5,-0.222,1
2015-10-28 05:45:52.140000+00:00,56.123775,160.62526,17.01,0.79,-0.194,1
2015-10-28 06:13:25.630000+00:00,56.11368,160.80887,27.43,1.09,-0.452,1
2015-10-28 06:35:02.290000+00:00,56.049491,160.61307,30.99,1.42,-0.714,1
2015-10-28 07:05:27.660000+00:00,55.727311,160.47417,-0.19,0.4,-0.354,1
2015-10-28 07:34:42.030000+00:00,55.677238,160.465934,7.71,0.79,-0.24,1
2015-10-28 07:42:15.830000+00:00,56.0613,160.614502,35.31,1.22,-0.885,1
2015-10-28 08:17:44.660000+00:00,56.052983,160.605632,31.45,0.7,-100.0,1
2015-10-28 08:32:00.890000+00:00,55.704643,160.437288,10.24,1.23,-0.231,1
2015-10-28 08:53:01.090000+00:00,56.056519,160.610107,33.04,1.07,-0.757,1
2015-10-28 09:21:10.940000+00:00,55.830868,160.348226,0.62,0.28,-0.965,1
2015-10-28 09:22:04.110000+00:00,56.132829,160.457243,6.34,0.26,-0.657,1
2015-10-28 09:35:14.190000+00:00,56.055941,160.60127,31.29,0.57,-100.0,1
2015-10-28 09:38:21.450000+00:00,55.698543,160.427702,13.34,1.35,-0.202,1
2015-10-28 09:46:49.450000+00:00,56.051957,160.606527,33.24,0.74,-100.0,1
2015-10-28 09:59:52.740000+00:00,56.083818,160.616048,31.93,0.39,-100.0,1
2015-10-28 10:12:32.250000+00:00,56.053035,160.609961,30.88,1.53,-0.774,1
2015-10-28 10:12:36.800000+00:00,56.066793,160.383138,13.25,1.42,-0.774,1
2015-10-28 10:13:43.250000+00:00,56.055473,160.607227,31.55,1.3,-0.697,1
2015-10-28 10:14:20.300000+00:00,55.699544,160.422201,14.07,0.9,-0.115,1
2015-10-28 10:21:07.610000+00:00,56.054948,160.605648,32.4,1.08,-0.703,1
2015-10-28 10:36:44.030000+00:00,56.147184,160.834212,26.93,0.31,-100.0,1
2015-10-28 10:46:40.300000+00:00,56.048291,160.602848,30.1,1.11,-0.707,1
2015-10-28 10:59:13.430000+00:00,56.055977,160.602539,31.19,1.22,-0.749,1
2015-10-28 11:34:30.190000+00:00,56.059163,160.610238,34.78,1.17,-0.86,1
2015-10-28 11:58:13.990000+00:00,55.685168,160.386816,15.28,1.15,-0.266,1
2015-10-28 12:11:49.300000+00:00,56.062069,160.618685,36.7,0.95,-0.612,1
2015-10-28 12:48:41.650000+00:00,56.055827,160.601709,31.91,1.24,-0.768,1
2015-10-28 12:58:01.400000+00:00,56.056974,160.611702,33.58,1.29,-0.808,1
2015-10-28 13:13:39.790000+00:00,55.682992,160.392334,15.54,0.28,-100.0,1
2015-10-28 13:19:41.650000+00:00,56.325419,160.48776,21.39,0.8,-0.303,1
2015-10-28 13:21:01.150000+00:00,56.056006,160.611914,33.2,0.84,-0.574,1
2015-10-28 13:43:15.910000+00:00,56.061088,160.625537,36.28,0.87,-100.0,1
2015-10-28 13:52:24.850000+00:00,56.056283,160.610612,31.96,1.39,-0.827,1
2015-10-28 14:12:45.680000+00:00,56.089994,160.666064,42.13,1.03,-0.882,1
2015-10-28 14:30:46.860000+00:00,56.051611,160.607292,30.85,1.56,-0.744,1
2015-10-28 14:32:19.360000+00:00,56.048027,160.603695,29.14,1.45,-0.963,1
2015-10-28 14:57:45.590000+00:00,56.054875,160.60918,31.96,1.23,-0.753,1
2015-10-28 15:32:28.800000+00:00,56.052543,160.604948,31.6,0.52,-100.0,1
2015-10-28 15:56:21.860000+00:00,56.055603,160.603792,32.77,1.26,-0.708,1
2015-10-28 15:59:40.060000+00:00,56.130497,160.445915,6.58,0.74,-0.759,1
2015-10-28 16:18:08.340000+00:00,56.05175,160.604248,30.75,1.34,-0.849,1
2015-10-28 16:19:55.590000+00:00,56.051465,160.609131,30.65,1.3,-0.827,1
2015-10-28 16:47:46.700000+00:00,56.048547,160.593734,27.6,0.85,-100.0,1
2015-10-28 17:09:28.520000+00:00,56.061825,160.609277,32.87,0.95,-0.746,1
2015-10-28 17:26:36.280000+00:00,56.062594,160.613184,33.95,0.86,-0.899,1
2015-10-28 17:38:24+00:00,56.09388,160.410384,20.83,0.66,-100.0,1
2015-10-28 17:43:18.280000+00:00,56.059774,160.605062,32.2,1.11,-0.672,1
2015-10-28 17:50:26.200000+00:00,56.056238,160.605794,32.03,1.04,-0.73,1
2015-10-28 18:01:48.060000+00:00,56.053739,160.6021,30.86,0.81,-0.688,1
2015-10-28 18:07:00.180000+00:00,56.057788,160.620378,4.32,1.19,-0.754,1
2015-10-28 18:23:52.640000+00:00,56.055489,160.607666,32.58,0.76,-0.831,1
2015-10-28 18:35:10.280000+00:00,56.054826,160.606315,30.93,0.81,-0.759,1
2015-10-28 18:40:50.800000+00:00,56.043457,160.6375,34.79,0.77,-100.0,1
2015-10-28 18:42:55.320000+00:00,56.055037,160.600684,30.77,0.75,-0.818,1
2015-10-28 19:04:19.320000+00:00,56.04891,160.599382,29.92,1.2,-0.825,1
2015-10-28 19:05:40.160000+00:00,56.056681,160.610368,32.87,1.07,-0.816,1
2015-10-28 19:16:38.640000+00:00,56.051652,160.604541,30.29,0.94,-0.648,1
2015-10-28 19:26:09.180000+00:00,56.042196,160.599512,28.79,0.74,-100.0,1
2015-10-28 19:31:51.440000+00:00,56.072774,160.624219,38.99,0.88,-0.781,1
2015-10-28 19:38:55+00:00,56.055302,160.615869,20.32,1.09,-0.786,1
2015-10-28 19:47:19.080000+00:00,56.062809,160.606917,34.15,0.64,-0.754,1
2015-10-28 20:08:11.220000+00:00,56.129919,160.441455,7.1,0.55,-0.588,1
2015-10-28 20:18:49.320000+00:00,56.052108,160.601628,29.92,1.58,-0.702,1
2015-10-28 20:38:42+00:00,56.053752,160.604232,33.91,0.53,-0.781,1
2015-10-28 20:54:55.680000+00:00,56.061283,160.626644,33.82,0.82,-0.842,1
2015-10-28 21:06:07.760000+00:00,56.044824,160.60319,29.15,0.95,-0.702,1
2015-10-28 21:21:32.280000+00:00,56.053674,160.608936,31.57,1.21,-0.821,1
2015-10-28 21:32:45.960000+00:00,55.813782,160.311003,-1.5,0.0,-100.0,1
2015-10-28 21:45:53.640000+00:00,56.047099,160.593229,28.46,0.67,-100.0,1
2015-10-28 21:54:50.080000+00:00,56.059945,160.596094,2.1,0.49,-100.0,1
2015-10-28 22:04:32.480000+00:00,56.055904,160.601318,32.05,1.22,-0.748,1
2015-10-28 22:07:10.960000+00:00,56.058622,160.611735,35.47,0.81,-100.0,1
2015-10-28 22:14:41.320000+00:00,56.05496,160.606559,30.7,0.53,-100.0,1
2015-10-28 22:16:25.760000+00:00,56.050781,160.605924,30.24,1.29,-0.828,1
2015-10-28 22:20:27.200000+00:00,56.066777,160.610856,33.37,0.7,-100.0,1
2015-10-28 22:23:17.020000+00:00,56.065434,160.604248,35.21,0.53,-0.655,1
2015-10-28 22:34:08.780000+00:00,56.060392,160.597673,31.08,0.68,-0.713,1
2015-10-28 22:42:54.920000+00:00,56.05839,160.604427,32.41,0.99,-0.889,1
2015-10-28 22:48:53.760000+00:00,56.079093,160.517171,18.86,0.63,-100.0,1
2015-10-28 23:01:26.360000+00:00,56.078162,160.612565,35.37,0.56,-100.0,1
2015-10-28 23:12:24.400000+00:00,56.049491,160.603988,29.92,0.57,-100.0,1
2015-10-28 23:23:20.640000+00:00,56.053658,160.610856,32.02,1.17,-0.702,1
2015-10-28 23:31:11.220000+00:00,56.010673,160.491781,30.72,0.59,-100.0,1
2015-10-28 23:33:10.300000+00:00,56.025118,160.701562,30.69,0.71,-0.698,1
2015-10-28 23:37:53.960000+00:00,56.073804,160.545361,30.51,0.55,-100.0,1
2015-10-28 23:42:16.440000+00:00,56.053898,160.602979,31.55,1.02,-0.745,1
2015-10-28 23:54:37.140000+00:00,56.06259,160.609993,35.05,1.31,-0.903,1
2015-10-29 00:03:40.650000+00:00,56.219922,160.830632,18.83,0.76,-100.0,1
2015-10-29 00:06:36.260000+00:00,55.660657,160.479997,14.11,0.32,-100.0,1
2015-10-29 00:15:48.560000+00:00,56.057764,160.611442,32.97,1.11,-0.8,1
2015-10-29 00:18:40.430000+00:00,56.058293,160.61696,32.72,0.94,-0.886,1
2015-10-29 00:27:00.460000+00:00,56.057113,160.618343,1.07,0.85,-100.0,1
2015-10-29 00:33:56.960000+00:00,56.053471,160.605794,29.94,0.8,-0.844,1
2015-10-29 00:37:24.520000+00:00,56.060258,160.605013,34.26,0.91,-100.0,1
2015-10-29 00:39:45.410000+00:00,56.054447,160.607454,31.67,1.21,-0.823,1
2015-10-29 00:53:01.890000+00:00,56.050655,160.606787,31.58,0.61,-0.71,1
2015-10-29 00:55:57.490000+00:00,56.061218,160.611963,33.55,1.26,-0.866,1
2015-10-29 00:59:35.390000+00:00,56.056832,160.612695,32.56,0.9,-100.0,1
2015-10-29 01:05:29.410000+00:00,56.067013,160.609359,32.41,0.79,-100.0,1
2015-10-29 01:07:27.080000+00:00,56.078365,160.637109,41.33,0.7,-100.0,1
2015-10-29 01:12:42.840000+00:00,56.053385,160.604313,30.75,0.63,-100.0,1
2015-10-29 01:14:27.280000+00:00,56.047091,160.610335,31.11,1.02,-0.622,1
2015-10-29 01:15:48.410000+00:00,56.049573,160.606527,30.26,0.78,-100.0,1
2015-10-29 01:29:36.870000+00:00,56.055465,160.607992,31.7,1.23,-0.887,1
2015-10-29 01:31:49.060000+00:00,56.059509,160.628711,35.5,0.73,-100.0,1
2015-10-29 01:41:25.740000+00:00,56.059973,160.581917,32.53,0.78,-100.0,1
2015-10-29 01:47:02.990000+00:00,56.054309,160.610726,31.76,1.2,-0.604,1
2015-10-29 01:52:55.710000+00:00,56.058313,160.616846,33.24,0.68,-100.0,1
2015-10-29 01:57:31.630000+00:00,56.126221,160.453564,0.9,0.33,-0.703,1
2015-10-29 01:58:10.240000+00:00,56.077604,160.497591,31.03,0.94,-0.849,1
2015-10-29 02:01:03.120000+00:00,56.05592,160.619971,32.1,0.43,-100.0,1
2015-10-29 02:06:55.400000+00:00,55.99554,160.412288,17.19,0.66,-100.0,1
2015-10-29 02:11:38.490000+00:00,56.053609,160.606624,31.12,1.35,-0.949,1
2015-10-29 02:16:19.460000+00:00,55.935494,160.801009,17.75,1.01,-100.0,1
2015-10-29 02:17:48.850000+00:00,56.057967,160.62251,32.87,0.65,-100.0,1
2015-10-29 02:21:05.720000+00:00,56.050456,160.602523,30.6,0.59,-100.0,1
2015-10-29 02:25:17.740000+00:00,56.056608,160.612223,30.66,1.06,-0.992,1
2015-10-29 02:33:10.910000+00:00,56.079683,160.617448,42.8,1.03,-0.772,1
2015-10-29 02:37:19.090000+00:00,56.050248,160.604085,31.53,0.87,-100.0,1
2015-10-29 02:40:00.320000+00:00,56.054736,160.606006,31.31,0.89,-100.0,1
2015-10-29 02:44:18.630000+00:00,56.056169,160.623031,32.43,0.78,-100.0,1
2015-10-29 02:50:38.970000+00:00,56.071924,160.618245,35.33,0.49,-100.0,1
2015-10-29 02:57:43.210000+00:00,56.045296,160.604997,31.53,1.13,-0.719,1
2015-10-29 03:10:28.430000+00:00,56.035099,160.365544,12.82,0.37,-100.0,1
2015-10-29 03:32:21.840000+00:00,56.189697,160.670964,10.61,0.39,-0.317,1
2015-10-29 03:38:12.650000+00:00,56.059578,160.617041,33.96,1.28,-0.888,1
2015-10-29 03:40:18.390000+00:00,56.061975,160.621891,35.51,0.66,-100.0,1
2015-10-29 03:41:35.910000+00:00,56.050134,160.605697,31.69,0.97,-0.77,1
2015-10-29 03:45:43.450000+00:00,55.782792,160.161312,23.46,0.41,-100.0,1
2015-10-29 03:47:08.780000+00:00,55.932068,160.525765,20.67,0.68,-100.0,1
2015-10-29 03:49:33.970000+00:00,56.05544,160.613265,33.32,0.76,-100.0,1
2015-10-29 03:52:48.950000+00:00,56.050212,160.63693,34.91,0.75,-100.0,1
2015-10-29 03:56:01.190000+00:00,56.053422,160.605436,30.94,1.26,-1.0,1
2015-10-29 04:04:55.280000+00:00,56.004602,160.392008,16.33,0.76,-100.0,1
2015-10-29 04:05:43.830000+00:00,56.053935,160.60944,32.39,1.15,-0.757,1
2015-10-29 04:31:49.220000+00:00,56.050407,160.608854,17.68,0.59,-100.0,1
2015-10-29 04:37:07.630000+00:00,56.118302,160.460091,0.15,0.69,-0.775,1
2015-10-29 04:42:28.900000+00:00,56.055851,160.606348,32.66,1.24,-0.826,1
2015-10-29 04:47:24.780000+00:00,56.068673,160.610156,35.56,0.65,-100.0,1
2015-10-29 04:58:00.650000+00:00,56.053092,160.608333,31.74,1.08,-0.769,1
2015-10-29 05:17:03.120000+00:00,56.047428,160.615755,31.05,1.21,-0.674,1
2015-10-29 05:27:07.990000+00:00,56.135107,160.446517,8.41,0.56,-0.676,1
2015-10-29 05:35:56.230000+00:00,56.052816,160.609001,31.85,1.1,-0.69,1
2015-10-29 06:06:12.680000+00:00,55.711312,160.414925,16.27,0.65,-0.336,1
2015-10-29 06:13:20.150000+00:00,55.828109,160.370524,0.52,0.16,-0.592,1
2015-10-29 06:15:02.670000+00:00,56.057133,160.604883,33.75,1.03,-0.664,1
2015-10-29 06:39:51.190000+00:00,56.061275,160.60957,35.68,0.63,-100.0,1
2015-10-29 06:40:41.540000+00:00,56.050944,160.609066,31.69,1.19,-0.655,1
2015-10-29 06:51:47.860000+00:00,55.705115,160.415088,8.7,0.65,-100.0,1
2015-10-29 06:54:48.370000+00:00,56.053678,160.597982,30.6,1.15,-0.726,1
2015-10-29 07:09:15.710000+00:00,56.059517,160.604557,33.06,0.74,-100.0,1
2015-10-29 07:15:05.720000+00:00,56.039258,160.587288,25.6,0.86,-100.0,1
2015-10-29 07:20:51.910000+00:00,56.054618,160.608366,32.2,1.27,-0.787,1
2015-10-29 07:49:11.490000+00:00,56.057104,160.60791,33.17,0.9,-100.0,1
2015-10-29 07:53:27.510000+00:00,56.064119,160.607731,35.53,1.36,-0.861,1
2015-10-29 08:05:30.990000+00:00,56.053064,160.601156,31.35,1.07,-0.653,1
2015-10-29 08:21:15.140000+00:00,56.047087,160.603711,28.68,0.71,-100.0,1
2015-10-29 08:35:04.870000+00:00,56.059558,160.609001,34.76,1.15,-0.692,1
2015-10-29 08:37:37.340000+00:00,56.375684,160.545605,20.68,1.56,-0.1,1
2015-10-29 08:39:54.700000+00:00,56.122286,160.453385,0.65,0.37,-100.0,1
2015-10-29 08:58:48.390000+00:00,56.062488,160.673844,42.42,0.95,-100.0,1
2015-10-29 09:03:18.640000+00:00,56.045752,160.590999,27.36,0.76,-100.0,1
2015-10-29 09:04:46.050000+00:00,56.054513,160.604069,30.69,1.1,-0.646,1
2015-10-29 09:16:04.430000+00:00,56.063118,160.61167,-2.29,0.07,-100.0,1
2015-10-29 09:24:40.630000+00:00,55.850269,160.376042,5.5,0.6,0.057,1
2015-10-29 09:25:59.450000+00:00,56.058317,160.60568,33.83,1.31,-0.757,1
2015-10-29 09:33:53.990000+00:00,56.048759,160.544043,25.33,0.65,-0.843,1
2015-10-29 09:39:12.550000+00:00,56.06392,160.567399,27.4,0.61,-100.0,1
2015-10-29 09:54:51.970000+00:00,56.047945,160.594173,27.32,0.71,-100.0,1
2015-10-29 09:59:09.920000+00:00,56.046663,160.589827,27.91,1.12,-0.642,1
2015-10-29 10:00:22.560000+00:00,56.055001,160.606022,32.87,0.86,-0.928,1
2015-10-29 10:04:06.260000+00:00,56.056128,160.602116,31.37,0.64,-0.971,1
2015-10-29 10:13:44.990000+00:00,56.045573,160.608545,29.22,1.25,-0.916,1
2015-10-29 10:18:41.560000+00:00,56.057511,160.602344,34.41,0.83,-100.0,1
2015-10-29 10:25:23.660000+00:00,56.049605,160.602344,31.27,1.04,-100.0,1
2015-10-29 10:30:27.540000+00:00,56.065173,160.604655,35.88,0.93,-100.0,1
2015-10-29 10:31:12.900000+00:00,56.108337,160.429215,8.39,0.19,-0.647,1
2015-10-29 10:35:12.880000+00:00,55.998596,160.582861,27.59,0.78,-100.0,1
2015-10-29 10:39:13.590000+00:00,56.064417,160.610824,35.61,0.7,-100.0,1
2015-10-29 10:40:45.920000+00:00,56.122156,160.460286,10.58,0.62,-0.92,1
2015-10-29 10:47:22.560000+00:00,56.042371,160.60734,25.12,0.57,-100.0,1
2015-10-29 11:00:18.090000+00:00,56.045907,160.59821,27.7,0.87,-100.0,1
2015-10-29 11:10:36.330000+00:00,56.054667,160.6111,32.19,0.65,-100.0,1
2015-10-29 11:20:18.910000+00:00,56.054008,160.60127,31.37,1.03,-0.704,1
2015-10-29 11:26:13.150000+00:00,56.063879,160.618815,34.72,0.51,-100.0,1
2015-10-29 11:34:35.190000+00:00,56.054997,160.606576,32.26,0.62,-0.976,1
2015-10-29 11:43:41.990000+00:00,56.057121,160.608936,33.17,1.07,-100.0,1
2015-10-29 11:55:55.070000+00:00,56.063428,160.610547,34.64,0.79,-100.0,1
2015-10-29 12:00:03.360000+00:00,56.164083,160.89388,24.97,1.25,-0.232,1
2015-10-29 12:07:56.030000+00:00,56.020504,160.665202,25.55,0.72,-100.0,1
2015-10-29 12:21:17.900000+00:00,56.037549,160.622884,28.07,1.29,-0.728,1
2015-10-29 12:37:04.350000+00:00,56.063033,160.540169,0.16,0.78,-0.99,1
2015-10-29 12:46:24.790000+00:00,56.055396,160.60223,35.12,0.52,-100.0,1
2015-10-29 12:52:03.350000+00:00,56.056763,160.606803,32.98,0.61,-100.0,1
2015-10-29 13:01:43.320000+00:00,56.053031,160.59873,30.06,1.01,-0.99,1
2015-10-29 13:08:11.580000+00:00,56.148796,160.581429,8.06,0.47,-100.0,1
2015-10-29 13:12:20.050000+00:00,56.054736,160.608936,31.25,0.89,-100.0,1
2015-10-29 13:18:17.060000+00:00,56.062887,160.616829,34.85,0.93,-0.965,1
2015-10-29 13:25:48.830000+00:00,56.04742,160.603434,32.15,1.27,-0.754,1
2015-10-29 13:30:59.460000+00:00,56.0493,160.603499,29.67,0.68,-0.941,1
2015-10-29 13:40:38.570000+00:00,56.046236,160.579329,25.33,0.81,-100.0,1
2015-10-29 13:44:03.660000+00:00,56.057589,160.611377,33.08,0.97,-100.0,1
2015-10-29 13:47:22.540000+00:00,56.019519,160.356185,15.69,0.61,-100.0,1
2015-10-29 13:50:15.680000+00:00,56.05151,160.602214,29.59,1.03,-0.839,1
2015-10-29 13:52:31.220000+00:00,56.068274,160.620361,38.66,1.09,-100.0,1
2015-10-29 14:02:41.090000+00:00,56.06005,160.609733,33.74,1.03,-0.847,1
2015-10-29 14:09:58.520000+00:00,56.05282,160.605632,31.03,1.18,-0.942,1
2015-10-29 14:22:46.180000+00:00,55.624593,160.981771,12.29,1.08,-0.341,1
2015-10-29 14:26:25.800000+00:00,56.069108,160.616943,36.45,0.73,-100.0,1
2015-10-29 14:35:01.410000+00:00,56.060099,160.612142,33.6,1.05,-100.0,1
2015-10-29 14:35:35.370000+00:00,56.116602,160.869613,25.13,1.48,-0.104,1
2015-10-29 14:37:10.910000+00:00,56.056523,160.602865,31.3,1.09,-100.0,1
2015-10-29 14:40:48.780000+00:00,56.054647,160.612793,31.72,0.98,-0.778,1
2015-10-29 14:46:52.440000+00:00,56.051383,160.60651,29.92,0.85,-100.0,1
2015-10-29 14:56:01.850000+00:00,56.052177,160.604183,30.23,1.09,-100.0,1
2015-10-29 14:57:53.910000+00:00,56.051603,160.606722,29.81,0.91,-100.0,1
2015-10-29 15:04:58.600000+00:00,56.05271,160.615479,31.23,0.82,-100.0,1
2015-10-29 15:31:59.430000+00:00,56.062602,160.607975,35.72,0.86,-100.0,1
2015-10-29 15:40:19.760000+00:00,56.058044,160.613379,32.83,1.29,-0.744,1
2015-10-29 15:52:13.060000+00:00,56.042607,160.657975,25.68,1.05,-100.0,1
2015-10-29 16:14:29.630000+00:00,56.058346,160.610042,32.51,1.15,-100.0,1
2015-10-29 16:31:43.630000+00:00,55.925956,160.823991,16.16,1.2,-100.0,1
2015-10-29 16:51:40.880000+00:00,56.055457,160.614258,32.09,1.01,-1.01,1
2015-10-29 16:53:16.540000+00:00,55.71626,160.451025,11.65,0.67,-100.0,1
2015-10-29 17:08:46.820000+00:00,56.064286,160.617074,37.0,1.15,-1.045,1
2015-10-29 17:12:14.640000+00:00,56.056934,160.611963,32.18,1.23,-100.0,1
2015-10-29 17:28:47.980000+00:00,56.06331,160.605127,37.33,1.47,-0.935,1
2015-10-29 18:06:44.160000+00:00,56.050041,160.609782,30.43,1.08,-100.0,1
2015-10-29 20:30:25.720000+00:00,55.822559,160.38501,0.08,0.6,-0.266,1
2015-10-29 22:33:25.320000+00:00,56.052071,160.605762,30.48,1.1,-0.722,1
2015-10-29 23:25:40.640000+00:00,56.018274,160.383464,14.45,0.7,-100.0,1
2015-10-29 23:42:20.480000+00:00,56.053906,160.609049,32.02,0.58,-100.0,1
2015-10-29 23:52:10.840000+00:00,56.017887,160.353223,15.43,0.11,-100.0,1
2015-10-30 01:08:17.880000+00:00,56.117908,160.457324,1.08,0.8,-100.0,2
2015-10-30 01:52:07.260000+00:00,55.825745,160.545296,8.05,2.01,-0.259,2
2015-10-30 01:54:38.170000+00:00,56.130998,160.45249,4.19,0.5,-0.678,2
2015-10-30 02:17:19.650000+00:00,55.559391,160.663232,17.14,0.5,-100.0,2
2015-10-30 02:19:33.020000+00:00,56.114689,160.46403,-1.21,0.19,-100.0,2
2015-10-30 02:27:34.430000+00:00,56.039246,160.617204,27.26,1.29,-0.754,2
2015-10-30 02:38:01.390000+00:00,55.825476,160.546305,7.88,0.97,-0.231,2
2015-10-30 05:05:02.810000+00:00,56.038184,160.579574,23.07,0.98,-100.0,2
2015-10-30 10:37:25.730000+00:00,55.561764,160.087109,34.51,0.89,-100.0,2
2015-10-30 11:08:09.510000+00:00,56.110177,160.45765,-1.34,0.59,-100.0,2
2015-10-30 12:11:41.470000+00:00,56.201249,160.817529,-1.93,0.94,-100.0,2
2015-10-30 13:11:16.310000+00:00,56.050098,160.602116,29.07,1.12,-0.943,2
2015-10-30 14:28:09.390000+00:00,56.054508,160.619255,2.43,1.12,-0.941,2
2015-10-30 14:40:35.390000+00:00,55.727901,160.422005,13.27,1.94,-0.177,2
2015-10-30 14:44:54.990000+00:00,56.051025,160.617497,-1.59,0.94,-100.0,2
2015-10-30 14:55:06.190000+00:00,56.054211,160.611898,32.66,1.11,-0.745,2
2015-10-30 14:56:31.530000+00:00,56.040942,160.609749,28.8,0.6,-100.0,2
2015-10-30 14:59:26.950000+00:00,56.062012,160.615381,32.57,1.32,-0.849,2
2015-10-30 15:56:35.940000+00:00,55.870243,160.26805,18.9,0.85,-0.24,2
2015-10-30 16:13:37.530000+00:00,56.053984,160.609603,33.34,0.98,-0.66,2
2015-10-30 17:44:25.200000+00:00,55.542769,160.287305,15.3,2.65,-0.378,2
2015-10-30 17:49:01.800000+00:00,55.548739,160.294564,17.04,0.48,-100.0,2
2015-10-30 18:12:02.160000+00:00,56.156388,160.383366,10.34,0.3,-100.0,2
2015-10-30 19:30:13.100000+00:00,56.103507,160.425635,6.88,0.4,-100.0,2
2015-10-30 19:36:18.160000+00:00,55.834115,160.377458,8.12,1.17,-0.769,2
2015-10-30 19:50:26.160000+00:00,56.046704,160.602555,30.07,1.05,-0.715,2
2015-10-30 19:54:54.640000+00:00,55.827104,160.385059,-0.35,0.67,-0.678,2
2015-10-30 20:12:45.720000+00:00,56.166724,160.902214,24.62,1.14,-0.082,2
2015-10-30 20:17:05.200000+00:00,56.066007,160.630452,-0.85,0.65,-100.0,2
2015-10-30 20:29:36.400000+00:00,56.054272,160.623307,-0.79,1.24,-0.758,2
2015-10-30 21:18:37+00:00,55.735901,160.500391,-1.03,0.32,-100.0,2
2015-10-30 21:31:38.980000+00:00,56.085986,160.643197,1.4,0.52,-100.0,2
2015-10-30 21:43:31.280000+00:00,56.062907,160.615739,35.89,0.85,-0.487,2
2015-10-30 22:10:31.960000+00:00,56.065112,160.642708,-0.14,0.73,-100.0,2
2015-10-30 22:32:44.240000+00:00,55.691512,160.419775,14.75,0.55,-100.0,2
2015-10-30 22:57:31.440000+00:00,55.750305,160.437939,11.52,0.82,-0.233,2
2015-10-30 23:12:14.440000+00:00,55.84482,160.388005,13.7,0.12,-100.0,2
2015-10-30 23:24:41.160000+00:00,56.089811,160.638656,42.63,0.95,-100.0,2
2015-10-30 23:34:15.560000+00:00,56.100602,160.532454,7.86,0.89,-100.0,2
2015-10-30 23:54:55.240000+00:00,55.70815,160.411019,15.05,0.84,-0.092,2
2015-10-31 00:09:41.110000+00:00,56.146488,160.860547,24.33,0.8,-100.0,1
2015-10-31 00:10:46.630000+00:00,56.064343,160.62723,-0.86,0.8,-0.737,1
2015-10-31 00:12:08.710000+00:00,56.056742,160.605322,31.45,1.15,-0.838,1
2015-10-31 00:40:09.220000+00:00,56.092273,160.454378,6.0,0.81,-0.984,1
2015-10-31 01:08:51.340000+00:00,55.828589,160.385824,1.0,0.39,-100.0,1
2015-10-31 01:10:17.100000+00:00,55.827372,160.380632,0.95,0.76,-0.854,1
2015-10-31 01:12:09.470000+00:00,55.829301,160.374528,0.87,0.42,-0.981,1
2015-10-31 01:39:19.240000+00:00,56.089368,160.386035,17.47,0.43,-0.789,1
2015-10-31 02:06:49.010000+00:00,56.04884,160.711865,-1.89,0.56,-100.0,1
2015-10-31 02:56:59.270000+00:00,56.049764,160.605908,30.24,1.25,-0.8,1
2015-10-31 06:47:50.370000+00:00,56.123861,160.54681,14.35,1.01,-100.0,1
2015-10-31 07:04:37.030000+00:00,55.899276,160.665186,7.61,0.38,-100.0,1
2015-10-31 08:24:47.780000+00:00,56.063957,160.630387,-1.33,0.48,-100.0,1
2015-10-31 10:04:01.400000+00:00,56.058008,160.613363,31.59,1.16,-0.774,1
2015-10-31 10:05:51.560000+00:00,56.121151,160.452148,6.89,0.39,-0.646,1
2015-10-31 10:22:43.310000+00:00,56.053011,160.617643,0.85,0.88,-0.755,1
2015-10-31 10:58:40.580000+00:00,56.103316,160.436702,-2.72,0.8,-100.0,1
2015-10-31 11:54:55.660000+00:00,55.771517,160.300065,20.12,1.05,-0.719,1
2015-10-31 14:13:31.350000+00:00,56.16453,160.829069,16.98,0.72,-100.0,1
2015-10-31 14:15:35.640000+00:00,56.056734,160.61888,33.3,1.06,-0.693,1
2015-10-31 14:32:08.680000+00:00,56.236296,160.336735,0.42,0.39,-100.0,1
2015-10-31 15:06:41.560000+00:00,56.052035,160.605111,30.87,0.92,-100.0,1
2015-10-31 16:33:00.240000+00:00,56.122095,160.45306,5.91,0.56,-100.0,1
2015-10-31 17:00:22.720000+00:00,56.113322,160.459538,-2.08,1.14,-0.789,1
2015-10-31 19:34:32.640000+00:00,56.045841,160.606543,29.72,1.05,-0.733,1
2015-10-31 21:18:00.400000+00:00,56.149858,160.894466,21.13,1.76,0.044,1
2015-11-01 00:18:04+00:00,56.053764,160.610824,31.85,1.24,-0.644,1
2015-11-01 04:38:45.590000+00:00,56.120129,160.496956,6.5,0.72,-100.0,1
2015-11-01 05:01:35.280000+00:00,56.109941,160.510531,12.8,0.82,-100.0,1
2015-11-01 05:26:21.050000+00:00,56.165564,160.865951,27.69,1.71,-0.076,1
2015-11-01 07:10:25.880000+00:00,55.822864,160.528613,13.64,0.52,-100.0,1
2015-11-01 09:03:03.900000+00:00,56.040922,160.606673,29.51,0.97,-100.0,1
2015-11-01 09:23:17.060000+00:00,55.833118,160.371989,1.13,0.71,-100.0,1
2015-11-01 09:49:26.070000+00:00,55.910319,160.86613,14.6,1.35,-0.027,1
2015-11-01 14:15:44.460000+00:00,56.064152,160.635059,3.4,0.78,-0.643,1
2015-11-01 14:37:41.740000+00:00,55.713822,160.440788,11.33,0.67,-0.372,1
2015-11-01 19:30:00.780000+00:00,55.829683,160.192741,16.52,0.61,-100.0,1
2015-11-01 20:38:26.240000+00:00,56.167692,160.894499,24.0,0.88,-100.0,1
2015-11-01 21:16:39.080000+00:00,56.062309,160.631576,-0.78,0.83,-100.0,1
2015-11-01 21:19:34.760000+00:00,55.685844,160.446029,7.91,1.21,-0.156,1
2015-11-01 21:30:10.720000+00:00,56.095614,160.616585,23.68,0.6,-100.0,1
2015-11-01 22:37:17.600000+00:00,56.067676,160.622982,-0.76,0.77,-100.0,1
2015-11-02 00:01:35.270000+00:00,56.125191,160.452507,8.46,0.75,-0.624,1
2015-11-02 01:25:35.970000+00:00,56.064697,160.627246,-0.98,0.67,-0.698,1
2015-11-02 01:44:00.420000+00:00,56.061629,160.627295,-1.42,0.41,-100.0,1
2015-11-02 02:19:20.880000+00:00,55.835156,160.378125,7.33,0.65,-100.0,1
2015-11-02 02:29:14.330000+00:00,55.834835,160.378158,9.74,0.68,-0.93,1
2015-11-02 02:39:37.900000+00:00,55.828101,160.374479,11.0,0.51,-100.0,1
2015-11-02 02:40:54.270000+00:00,55.839331,160.38488,0.47,1.0,-0.681,1
2015-11-02 02:41:30.440000+00:00,55.839001,160.386475,13.12,0.63,-0.369,1
2015-11-02 02:57:17.450000+00:00,55.840967,160.376904,15.55,0.45,-100.0,1
2015-11-02 03:14:43.670000+00:00,55.577486,160.456934,29.37,1.67,-0.695,1
2015-11-02 04:11:00.170000+00:00,55.716475,160.48641,11.05,1.05,-0.156,1
2015-11-02 04:58:32.380000+00:00,55.710714,160.474186,17.42,0.67,-100.0,1
2015-11-02 05:13:52.400000+00:00,56.072099,160.69165,26.91,1.01,-100.0,1
2015-11-02 05:36:12.890000+00:00,56.064697,160.635124,-0.38,0.52,-100.0,1
2015-11-02 06:04:42.520000+00:00,56.135229,160.445882,7.5,0.44,-0.603,1
2015-11-02 06:09:20.570000+00:00,56.064181,160.625081,-1.09,0.91,-100.0,1
2015-11-02 06:27:32.040000+00:00,56.131144,160.458773,10.98,0.76,-100.0,1
2015-11-02 06:47:22.280000+00:00,56.066268,160.629997,-0.22,0.83,-100.0,1
2015-11-02 06:57:25.320000+00:00,55.906824,160.745866,11.55,0.63,-100.0,1
2015-11-02 07:49:48.900000+00:00,56.127352,160.449756,0.27,0.52,-0.616,1
2015-11-02 08:12:27.150000+00:00,56.067586,160.573926,14.12,0.93,-0.393,1
2015-11-02 08:15:36.390000+00:00,56.064038,160.62277,-1.06,0.65,-0.792,1
2015-11-02 08:57:49.480000+00:00,56.109993,160.546712,9.84,0.69,-100.0,1
2015-11-02 09:38:02.010000+00:00,56.064547,160.623975,-0.84,0.86,-0.909,1
2015-11-02 09:46:46.940000+00:00,56.100704,160.640918,20.99,0.79,-100.0,1
2015-11-02 09:49:46.470000+00:00,56.145426,160.565055,14.45,0.73,-0.761,1
2015-11-02 09:54:21.560000+00:00,56.062988,160.620752,-2.35,0.77,-100.0,1
2015-11-02 09:55:39.660000+00:00,56.052116,160.610465,31.39,1.26,-0.651,1
2015-11-02 10:06:29.290000+00:00,56.082263,160.571615,11.06,0.71,-0.849,1
2015-11-02 10:09:15.710000+00:00,55.725753,160.450879,9.86,0.82,-0.526,1
2015-11-02 10:17:49.940000+00:00,56.066964,160.628467,-0.7,1.02,-0.89,1
2015-11-02 11:00:44.570000+00:00,56.06027,160.632406,15.05,0.28,-100.0,1
2015-11-02 11:38:15.670000+00:00,56.160404,160.713118,27.52,1.16,-0.898,1
2015-11-02 11:48:04.760000+00:00,56.074972,160.535921,26.81,0.68,-100.0,1
2015-11-02 12:17:48.280000+00:00,55.828243,160.371338,7.57,0.7,-100.0,1
2015-11-02 13:28:57.850000+00:00,56.18984,160.859668,28.39,1.23,-0.198,1
2015-11-02 15:12:51.880000+00:00,56.083854,160.573031,11.85,0.91,-100.0,1
2015-11-02 15:40:40.640000+00:00,56.098328,160.432601,8.29,0.84,-0.755,1
2015-11-02 16:33:38.160000+00:00,56.046871,160.603548,27.94,1.31,-0.681,1
2015-11-02 17:16:03.080000+00:00,55.66497,160.403239,12.6,1.81,-0.258,1
2015-11-02 17:16:58.200000+00:00,55.662956,160.397054,13.04,0.33,-100.0,1
2015-11-02 17:19:45.360000+00:00,55.666121,160.397803,13.48,1.31,-0.113,1
2015-11-02 17:36:14.360000+00:00,55.66547,160.396517,13.27,0.39,-100.0,1
2015-11-02 17:39:56.420000+00:00,55.6606,160.395817,12.68,0.38,-100.0,1
2015-11-02 17:48:34.680000+00:00,56.065442,160.621729,-0.49,0.69,-0.722,1
2015-11-02 21:21:19.320000+00:00,56.064929,160.627035,-1.04,0.46,-100.0,1
2015-11-02 21:45:11.760000+00:00,56.065173,160.627083,-0.35,0.73,-100.0,1
2015-11-02 22:01:23.560000+00:00,56.113782,160.445622,-0.41,0.67,-100.0,1
2015-11-02 22:18:05.360000+00:00,56.065828,160.628874,-0.7,0.33,-100.0,1
2015-11-02 22:33:22.280000+00:00,56.147689,160.387467,12.92,0.45,-100.0,1
2015-11-02 22:54:14.400000+00:00,56.062952,160.626758,-1.38,0.62,-100.0,1
2015-11-02 23:00:26.160000+00:00,56.063615,160.624528,-1.24,0.45,-100.0,1
2015-11-02 23:06:15.860000+00:00,56.065723,160.625488,-1.24,0.36,-100.0,1
2015-11-02 23:07:02.120000+00:00,56.061812,160.60651,-1.14,0.58,-100.0,1
2015-11-02 23:11:12.660000+00:00,56.066777,160.625928,-1.2,0.43,-100.0,1
2015-11-02 23:13:47.320000+00:00,56.064844,160.629264,-1.21,0.47,-100.0,1
2015-11-02 23:15:40.700000+00:00,56.059273,160.616748,-2.21,0.34,-100.0,1
2015-11-02 23:31:02.520000+00:00,56.065173,160.629899,-0.65,0.73,-100.0,1
2015-11-02 23:33:43.240000+00:00,56.026607,160.594922,16.93,0.72,-100.0,1
2015-11-02 23:36:55.380000+00:00,56.064665,160.628239,-1.28,0.63,-100.0,1
2015-11-02 23:37:45.600000+00:00,56.06543,160.625342,-0.85,0.71,-100.0,1
2015-11-02 23:39:33.740000+00:00,56.06484,160.624251,-1.18,0.71,-100.0,1
2015-11-02 23:45:03.620000+00:00,56.065474,160.620866,-1.35,0.33,-100.0,1
2015-11-02 23:52:00+00:00,56.066394,160.626302,-0.77,0.83,-100.0,1
2015-11-03 00:15:16.060000+00:00,55.805444,160.305615,20.57,0.36,-100.0,2
2015-11-03 00:29:01.090000+00:00,56.049858,160.692594,-2.02,0.82,-100.0,2
2015-11-03 00:29:43.660000+00:00,56.127979,160.446533,4.28,0.76,-0.799,2
2015-11-03 01:39:37.450000+00:00,56.062268,160.635173,-1.22,0.76,-100.0,2
2015-11-03 01:46:40.940000+00:00,56.065861,160.628597,-0.57,0.9,-100.0,2
2015-11-03 02:32:30.540000+00:00,55.834408,160.509701,-0.71,1.13,-0.227,2
2015-11-03 03:09:12.780000+00:00,56.057174,160.614632,33.09,0.91,-100.0,2
2015-11-03 04:20:16.200000+00:00,56.065405,160.627262,-0.71,0.44,-100.0,2
2015-11-03 04:28:30.780000+00:00,56.05601,160.630811,38.22,0.84,-100.0,2
2015-11-03 05:05:25.220000+00:00,56.065308,160.628581,-0.7,0.81,-100.0,2
2015-11-03 05:43:12.640000+00:00,56.064038,160.626628,-1.14,0.87,-100.0,2
2015-11-03 05:46:21.220000+00:00,56.046684,160.593278,23.87,1.26,-0.681,2
2015-11-03 06:37:02.410000+00:00,55.706429,160.432601,12.59,1.21,-0.227,2
2015-11-03 06:46:58.240000+00:00,56.133228,160.423649,16.74,0.63,-100.0,2
2015-11-03 06:49:45.030000+00:00,56.064779,160.621924,-1.12,0.83,-100.0,2
2015-11-03 07:22:29.320000+00:00,56.055664,160.612891,31.74,0.95,-0.656,2
2015-11-03 07:41:51.110000+00:00,56.122738,160.389388,5.55,0.44,-0.604,2
2015-11-03 08:01:30.920000+00:00,56.130396,160.423096,4.14,0.87,-0.571,2
2015-11-03 08:02:31.650000+00:00,56.060689,160.52583,19.45,0.69,-100.0,2
2015-11-03 08:36:15.560000+00:00,56.071004,160.602148,-0.74,0.63,-100.0,2
2015-11-03 08:42:09.410000+00:00,56.055343,160.60612,33.17,1.16,-0.774,2
2015-11-03 10:33:49.990000+00:00,55.820121,160.527832,13.88,0.74,-0.298,2
2015-11-03 12:36:19.040000+00:00,56.076082,160.627734,41.62,1.02,-0.743,2
2015-11-03 13:09:02.830000+00:00,55.806421,160.308089,22.28,0.57,-100.0,2
2015-11-03 13:22:19.950000+00:00,56.068636,160.627539,-0.04,0.97,-0.651,2
2015-11-03 13:49:23.600000+00:00,56.075041,160.629655,39.62,1.07,-0.712,2
2015-11-03 14:27:52.650000+00:00,56.065336,160.626139,-0.67,0.46,-0.667,2
2015-11-03 15:09:44.010000+00:00,56.061772,160.611979,34.89,0.84,-0.681,2
2015-11-03 15:23:38.350000+00:00,56.182235,160.872347,22.38,1.79,-0.073,2
2015-11-03 15:24:30.760000+00:00,56.182121,160.883073,25.17,1.2,0.011,2
2015-11-03 16:10:30.580000+00:00,56.121122,160.731462,24.88,1.06,-0.224,2
2015-11-03 16:39:14.670000+00:00,56.057003,160.604085,33.21,1.03,-0.788,2
2015-11-03 17:49:19.880000+00:00,56.089201,160.667253,43.05,0.96,-0.807,2
2015-11-03 17:53:30.440000+00:00,56.127844,160.446354,9.12,0.78,-0.464,2
2015-11-03 20:22:03.840000+00:00,56.065824,160.62793,-0.74,0.88,-0.964,2
2015-11-03 20:26:12.640000+00:00,55.835771,160.383529,11.01,0.34,-100.0,2
2015-11-03 20:47:07+00:00,55.805542,160.393848,14.08,0.09,-100.0,2
2015-11-03 21:45:09.960000+00:00,56.117505,160.457943,-0.68,0.17,-0.681,2
2015-11-03 21:46:35.660000+00:00,56.052865,160.604932,31.08,1.07,-0.757,2
2015-11-03 23:02:25.360000+00:00,56.075871,160.613265,36.36,0.66,-0.665,2
2015-11-03 23:21:43.800000+00:00,55.71569,160.434652,14.91,0.78,-100.0,2
2015-11-04 00:15:11.370000+00:00,56.111015,160.422298,6.35,0.15,-100.0,1
2015-11-04 00:30:43.670000+00:00,56.068416,160.619645,38.17,0.97,-0.722,1
2015-11-04 01:20:18.280000+00:00,56.073279,160.623258,37.78,1.01,-0.648,1
2015-11-04 01:49:56.150000+00:00,56.049117,160.605078,31.68,0.74,-0.685,1
2015-11-04 03:08:11.370000+00:00,56.044987,160.605273,30.64,0.8,-0.659,1
2015-11-04 04:14:15.590000+00:00,56.038525,160.592448,26.22,0.73,-0.593,1
2015-11-04 04:22:07.040000+00:00,55.716182,160.508984,10.95,0.73,-0.304,1
2015-11-04 05:02:41.020000+00:00,56.052185,160.605876,31.78,1.15,-0.647,1
2015-11-04 05:51:12.250000+00:00,56.157491,160.878841,26.9,1.11,-100.0,1
2015-11-04 06:43:04.370000+00:00,56.044328,160.602995,32.37,0.8,-0.596,1
2015-11-04 08:05:49.390000+00:00,56.048104,160.598617,30.96,1.38,-0.605,1
2015-11-04 08:40:57.950000+00:00,55.691028,160.438916,9.69,0.45,-100.0,1
2015-11-04 09:00:41.060000+00:00,56.114119,160.463916,-0.06,0.42,-0.741,1
2015-11-04 09:10:05.020000+00:00,56.135726,160.443636,10.41,0.69,-0.827,1
2015-11-04 09:13:14.070000+00:00,56.130318,160.410319,7.25,0.49,-100.0,1
2015-11-04 09:33:34.920000+00:00,56.051099,160.607503,32.03,0.82,-0.693,1
2015-11-04 09:36:05.100000+00:00,56.119604,160.463444,9.11,0.58,-100.0,1
2015-11-04 10:23:55.470000+00:00,56.058496,160.608773,33.03,1.1,-0.537,1
2015-11-04 11:06:24.930000+00:00,56.109546,160.432113,7.51,0.33,-100.0,1
2015-11-04 11:50:13.640000+00:00,56.05179,160.603467,30.58,1.23,-0.698,1
2015-11-04 11:56:22.610000+00:00,56.052808,160.604948,32.45,0.83,-0.655,1
2015-11-04 13:02:39.180000+00:00,56.057027,160.610824,32.05,0.99,-0.651,1
2015-11-04 13:05:21.150000+00:00,55.669592,160.438672,6.72,0.55,-100.0,1
2015-11-04 13:15:11.440000+00:00,56.118368,160.462826,0.26,0.38,-0.824,1
2015-11-04 13:33:55.820000+00:00,56.058228,160.614144,34.91,1.15,-0.672,1
2015-11-04 13:55:18.630000+00:00,56.065926,160.627816,-0.82,1.24,-100.0,1
2015-11-04 14:13:46.980000+00:00,56.066805,160.624382,-0.58,0.99,-100.0,1
2015-11-04 14:39:05.940000+00:00,56.079826,160.604329,43.62,1.32,-0.829,1
2015-11-04 16:12:15.640000+00:00,55.827865,160.383691,1.01,0.16,-100.0,1
2015-11-04 16:36:11.750000+00:00,55.831632,160.381624,5.55,0.47,-100.0,1
2015-11-04 16:36:32.500000+00:00,55.833069,160.377409,5.47,0.37,-100.0,1
2015-11-04 16:52:29.990000+00:00,56.052002,160.610465,31.01,1.14,-0.748,1
2015-11-04 16:54:47.320000+00:00,55.837305,160.386702,8.63,0.03,-100.0,1
2015-11-04 16:56:55.160000+00:00,55.833394,160.373535,9.7,0.04,-100.0,1
2015-11-04 16:58:13.040000+00:00,55.836023,160.373145,9.87,0.2,-100.0,1
2015-11-04 17:01:29.040000+00:00,56.057983,160.588981,20.29,0.77,-100.0,1
2015-11-04 17:11:10.840000+00:00,55.834648,160.383415,0.74,0.14,-100.0,1
2015-11-04 17:16:10.360000+00:00,55.838432,160.390055,0.77,0.12,-100.0,1
2015-11-04 17:40:07.320000+00:00,56.142244,160.613053,2.02,0.74,-0.957,1
2015-11-04 18:01:06.440000+00:00,56.060055,160.621094,34.49,0.92,-100.0,1
2015-11-04 18:47:52.220000+00:00,56.056588,160.610514,33.02,1.15,-0.679,1
2015-11-04 19:17:46.340000+00:00,55.798812,160.286784,16.06,0.71,-0.147,1
2015-11-04 19:18:01.840000+00:00,56.12782,160.44943,6.33,0.66,-0.75,1
2015-11-04 20:05:13.880000+00:00,56.052197,160.609147,31.12,1.22,-0.782,1
2015-11-04 20:33:58.860000+00:00,56.050623,160.603027,30.82,0.88,-0.676,1
2015-11-04 20:48:41.420000+00:00,56.06558,160.629997,-0.95,0.89,-0.622,1
2015-11-04 20:57:26.920000+00:00,56.116427,160.463216,-2.48,0.58,-0.656,1
2015-11-04 21:01:24.680000+00:00,56.063379,160.614811,34.29,0.82,-100.0,1
2015-11-04 21:19:33+00:00,55.821855,160.382096,1.01,0.39,-100.0,1
2015-11-04 21:37:08.420000+00:00,56.053149,160.603288,30.84,1.01,-0.705,1
2015-11-04 21:39:48.520000+00:00,55.67627,160.363363,13.57,0.3,-100.0,1
2015-11-04 22:32:14.560000+00:00,56.063411,160.629476,-1.54,0.74,-100.0,1
2015-11-04 22:55:05.420000+00:00,56.055892,160.611214,32.81,0.84,-0.698,1
2015-11-04 23:37:55+00:00,56.076542,160.6229,5.64,0.84,-100.0,1
2015-11-04 23:39:39.500000+00:00,56.053101,160.604834,29.84,1.33,-0.715,1
2015-11-04 23:52:52.760000+00:00,56.054928,160.607715,31.97,0.93,-0.691,1
2015-11-05 00:16:19.740000+00:00,56.12526,160.449479,6.08,0.62,-0.725,1
2015-11-05 00:17:36.820000+00:00,56.065063,160.622152,0.03,0.64,-100.0,1
2015-11-05 00:32:35.500000+00:00,56.133154,160.445947,6.74,0.66,-0.753,1
2015-11-05 00:37:03.780000+00:00,56.046765,160.612126,31.13,1.07,-0.726,1
2015-11-05 00:41:54.370000+00:00,56.051314,160.596208,29.39,1.04,-100.0,1
2015-11-05 00:47:40.480000+00:00,56.054411,160.702083,-0.28,0.54,-0.842,1
2015-11-05 01:07:35.560000+00:00,55.57526,160.565674,22.62,1.12,-0.019,1
2015-11-05 01:38:08.340000+00:00,55.9066,160.655225,0.27,0.32,-100.0,1
2015-11-05 01:40:10.920000+00:00,56.064388,160.594303,35.19,0.62,-100.0,1
2015-11-05 02:24:35.100000+00:00,56.054773,160.609212,31.43,1.05,-0.791,1
2015-11-05 03:02:07.650000+00:00,56.052958,160.608057,32.42,0.91,-0.607,1
2015-11-05 03:34:39.200000+00:00,56.065658,160.636344,0.52,0.14,-100.0,1
2015-11-05 03:40:39.260000+00:00,55.826408,160.376969,0.56,0.32,-0.872,1
2015-11-05 03:43:16.570000+00:00,55.830949,160.365544,1.31,0.15,-0.808,1
2015-11-05 03:47:33.630000+00:00,55.826624,160.375358,0.64,0.37,-0.87,1
2015-11-05 03:56:05.230000+00:00,55.833948,160.39139,5.62,0.26,-0.405,1
2015-11-05 03:56:54.720000+00:00,55.834583,160.383333,5.34,0.69,-0.664,1
2015-11-05 04:02:46.040000+00:00,56.050118,160.60695,30.6,0.97,-0.57,1
2015-11-05 04:20:32.730000+00:00,56.163814,160.377946,12.44,0.2,-100.0,1
2015-11-05 04:51:57.530000+00:00,55.853691,160.372087,54.95,0.08,-100.0,1
2015-11-05 05:04:13.980000+00:00,56.049268,160.606559,30.06,1.2,-0.782,1
2015-11-05 05:34:52.140000+00:00,56.086552,160.606689,38.35,0.71,-0.438,1
2015-11-05 06:26:03.450000+00:00,55.952006,160.220589,5.64,0.45,-0.288,1
2015-11-05 06:26:30.240000+00:00,56.058439,160.608659,33.95,1.15,-0.734,1
2015-11-05 07:14:52.700000+00:00,56.058573,160.606429,31.46,0.75,-0.648,1
2015-11-05 07:50:41.440000+00:00,56.127828,160.433219,6.52,0.35,-100.0,1
2015-11-05 07:55:42.030000+00:00,56.052494,160.607031,31.08,0.97,-0.636,1
2015-11-05 07:58:52.770000+00:00,56.072762,160.527588,-0.92,0.29,-100.0,1
2015-11-05 08:06:15.130000+00:00,56.105261,160.468148,-0.49,0.37,-100.0,1
2015-11-05 08:42:23.080000+00:00,56.050598,160.601693,30.24,0.96,-0.756,1
2015-11-05 09:00:36.480000+00:00,55.802645,160.478092,0.5,0.27,-0.651,1
2015-11-05 09:01:17.490000+00:00,55.828764,160.382894,0.98,0.27,-100.0,1
2015-11-05 09:03:26.450000+00:00,55.693014,160.420182,13.04,0.64,-0.338,1
2015-11-05 09:11:13.670000+00:00,56.124312,160.451676,0.97,0.08,-100.0,1
2015-11-05 09:21:48.020000+00:00,56.105196,160.422396,7.69,0.45,-100.0,1
2015-11-05 10:01:18.630000+00:00,56.057548,160.607259,32.86,1.26,-0.664,1
2015-11-05 10:04:04.660000+00:00,56.165181,160.356917,11.69,0.23,-100.0,1
2015-11-05 10:26:19.660000+00:00,55.904781,160.38846,19.26,0.18,-100.0,1
2015-11-05 10:35:55.540000+00:00,55.84187,160.359831,0.08,0.22,-0.836,1
2015-11-05 11:01:17.920000+00:00,56.186666,160.592187,1.71,0.11,-100.0,1
2015-11-05 11:04:15.110000+00:00,56.047998,160.606592,32.1,1.12,-0.48,1
2015-11-05 12:28:40.590000+00:00,56.054358,160.602393,30.05,1.16,-0.675,1
2015-11-05 12:38:00.380000+00:00,55.828524,160.513363,0.24,0.54,-0.165,1
2015-11-05 13:14:19.570000+00:00,56.044234,160.602051,26.23,0.98,-0.764,1
2015-11-05 14:07:53.120000+00:00,56.051969,160.606315,30.74,1.28,-0.772,1
2015-11-05 14:25:52.690000+00:00,55.543429,160.289372,15.08,0.85,-0.125,1
2015-11-05 14:33:18+00:00,56.116435,160.457959,0.34,0.73,-100.0,1
2015-11-05 15:13:15.240000+00:00,56.056848,160.608317,32.77,1.14,-0.688,1
2015-11-05 15:27:06.440000+00:00,55.727279,160.432227,12.15,0.87,-0.229,1
2015-11-05 15:42:02.860000+00:00,55.825549,160.395833,0.55,0.96,-0.261,1
2015-11-05 15:42:58.570000+00:00,55.828166,160.387679,0.42,0.24,-100.0,1
2015-11-05 16:08:09.870000+00:00,56.045487,160.593587,26.61,1.12,-0.636,1
2015-11-05 17:03:21.720000+00:00,56.049829,160.603825,30.73,1.18,-0.756,1
2015-11-05 17:19:07.340000+00:00,56.050875,160.606478,31.63,1.33,-0.668,1
2015-11-05 18:42:57.840000+00:00,56.055717,160.606266,32.24,1.1,-0.75,1
2015-11-05 19:16:08.340000+00:00,56.056185,160.614176,32.58,0.77,-100.0,1
2015-11-05 19:31:04.440000+00:00,56.085254,160.600081,15.45,0.71,-0.313,1
2015-11-05 19:40:06.560000+00:00,56.051351,160.602311,29.97,1.2,-0.787,1
2015-11-05 19:44:05.720000+00:00,55.835583,160.381348,0.45,0.22,-100.0,1
2015-11-05 19:55:45+00:00,56.059245,160.595426,30.92,0.63,-0.636,1
2015-11-05 20:19:34.680000+00:00,56.048608,160.595736,29.19,0.85,-100.0,1
2015-11-05 20:40:54.680000+00:00,56.008936,160.671908,25.81,1.12,-100.0,1
2015-11-05 20:59:30.580000+00:00,56.055986,160.607422,32.91,1.31,-0.699,1
2015-11-05 21:27:59.840000+00:00,56.060706,160.607812,33.28,0.89,-100.0,1
2015-11-05 21:52:08.480000+00:00,56.066423,160.611068,34.32,0.57,-100.0,1
2015-11-05 22:13:04.240000+00:00,56.056873,160.615918,33.44,1.31,-0.809,1
2015-11-05 22:17:31.940000+00:00,55.937887,160.664762,5.68,0.31,-100.0,1
2015-11-05 22:23:04.480000+00:00,56.124809,160.460449,2.28,0.74,-0.911,1
2015-11-05 22:55:21.640000+00:00,55.829924,160.368066,0.73,0.05,-0.611,1
2015-11-05 23:05:39.400000+00:00,55.821021,160.3979,6.57,0.38,-100.0,1
2015-11-05 23:32:28.560000+00:00,56.05035,160.605371,29.91,0.99,-0.753,1
2015-11-05 23:38:24.280000+00:00,56.11108,160.541569,15.14,0.3,-100.0,1
2015-11-06 00:18:04.380000+00:00,56.052209,160.60887,31.16,1.1,-0.554,1
2015-11-06 00:30:46.430000+00:00,56.06357,160.624137,35.28,0.77,-0.664,1
2015-11-06 01:11:04.490000+00:00,56.047758,160.686995,7.73,0.77,-100.0,1
2015-11-06 01:12:32.780000+00:00,56.127026,160.445736,4.93,0.33,-0.847,1
2015-11-06 01:13:57.980000+00:00,55.831995,160.882324,16.52,1.61,-0.996,1
2015-11-06 01:28:08.840000+00:00,56.063814,160.627751,-0.83,0.97,-0.809,1
2015-11-06 02:06:54.560000+00:00,56.056978,160.614941,34.62,1.29,-0.788,1
2015-11-06 02:19:01.980000+00:00,56.053227,160.604736,32.08,1.13,-0.768,1
2015-11-06 02:26:50.060000+00:00,56.038985,160.602018,33.14,0.71,-100.0,1
2015-11-06 03:43:51.530000+00:00,56.057092,160.606217,32.76,1.04,-0.671,1
2015-11-06 04:25:31.920000+00:00,55.764189,160.481071,10.47,0.32,-100.0,1
2015-11-06 04:42:07.890000+00:00,56.046875,160.598682,27.56,0.96,-0.706,1
2015-11-06 05:16:18.130000+00:00,56.059505,160.610173,33.4,1.08,-0.742,1
2015-11-06 06:34:09.640000+00:00,56.057825,160.607829,32.79,1.04,-0.548,1
2015-11-06 07:25:44.830000+00:00,55.690645,160.449072,12.54,1.1,-0.179,1
2015-11-06 07:37:58.100000+00:00,56.05804,160.608073,33.27,1.04,-0.696,1
2015-11-06 07:49:48.760000+00:00,56.123201,160.440723,14.12,0.54,-0.619,1
2015-11-06 08:06:34.740000+00:00,55.572567,160.349919,12.14,0.44,-100.0,1
2015-11-06 08:19:06.810000+00:00,56.057222,160.607275,33.45,1.3,-0.743,1
2015-11-06 08:48:47.950000+00:00,56.052039,160.603923,30.99,0.83,-100.0,1
2015-11-06 09:09:20.280000+00:00,56.098629,160.406055,4.45,0.2,-100.0,1
2015-11-06 09:38:19.610000+00:00,55.835181,160.384635,14.32,0.06,-100.0,1
2015-11-06 09:45:16.910000+00:00,56.129224,160.552295,1.81,0.53,-0.671,1
2015-11-06 09:52:08.840000+00:00,56.117183,160.466536,0.4,0.58,-100.0,1
2015-11-06 10:14:15.810000+00:00,56.052734,160.608057,32.15,1.11,-0.671,1
2015-11-06 10:17:34.120000+00:00,56.055526,160.563428,-1.1,0.61,-100.0,1
2015-11-06 10:29:00.300000+00:00,56.046179,160.596794,28.01,0.84,-0.741,1
2015-11-06 10:35:49.270000+00:00,55.970736,160.635303,-0.19,1.22,-0.278,1
2015-11-06 10:51:04.670000+00:00,56.053727,160.604557,31.39,1.0,-0.654,1
2015-11-06 11:03:51.970000+00:00,56.136357,160.453304,6.65,0.21,-100.0,1
2015-11-06 11:39:24.830000+00:00,56.148515,160.834001,21.94,0.78,-100.0,1
2015-11-06 12:55:10.450000+00:00,56.10802,160.557145,14.35,0.47,-100.0,1
2015-11-06 13:13:49.760000+00:00,56.050203,160.608626,31.38,1.33,-0.706,1
2015-11-06 13:17:14.380000+00:00,56.056026,160.612874,33.02,1.03,-0.652,1
2015-11-06 13:31:27.070000+00:00,56.054814,160.606429,31.75,0.84,-0.693,1
2015-11-06 13:34:26.140000+00:00,55.700138,160.614795,10.21,1.08,-100.0,1
2015-11-06 13:44:42.940000+00:00,56.057076,160.768896,18.87,1.32,-0.25,1
2015-11-06 13:46:01.500000+00:00,56.115401,160.458187,-0.16,0.7,-0.738,1
2015-11-06 14:06:36.040000+00:00,56.049072,160.60516,30.06,1.02,-0.657,1
2015-11-06 15:44:27.240000+00:00,56.051461,160.606706,32.5,1.1,-0.673,1
2015-11-06 15:51:21.280000+00:00,55.864819,160.193441,17.28,0.01,-100.0,1
2015-11-06 16:35:13.960000+00:00,56.055237,160.608822,32.39,1.06,-0.73,1
2015-11-06 16:44:03.130000+00:00,56.148836,160.431755,9.75,0.56,-0.709,1
2015-11-06 16:50:31.460000+00:00,56.050106,160.605583,29.91,1.09,-0.823,1
2015-11-06 18:41:35.180000+00:00,56.114486,160.450846,0.82,0.31,-100.0,1
2015-11-06 18:58:07.240000+00:00,56.056746,160.61097,34.09,1.27,-0.618,1
2015-11-06 19:29:18.420000+00:00,56.053739,160.61071,32.53,1.12,-0.722,1
2015-11-06 21:27:10.960000+00:00,56.054626,160.600781,31.75,1.11,-0.655,1
2015-11-06 22:34:05.680000+00:00,56.120113,160.453483,1.29,1.13,-0.724,1
2015-11-07 00:10:22.030000+00:00,55.84738,160.362777,13.82,0.37,-100.0,1
2015-11-07 00:18:55.260000+00:00,55.949638,160.595085,0.65,0.83,-0.083,1
2015-11-07 00:33:37.990000+00:00,56.120378,160.461719,3.07,0.44,-0.669,1
2015-11-07 00:46:21.150000+00:00,56.11947,160.456283,6.14,0.44,-100.0,1
2015-11-07 02:07:06.400000+00:00,55.704948,160.480713,-0.19,0.51,-100.0,1
2015-11-07 02:21:30.210000+00:00,56.127608,160.44943,9.72,0.9,-0.81,1
2015-11-07 02:30:25.080000+00:00,56.056222,160.612402,33.5,1.55,-0.666,1
2015-11-07 02:36:35.320000+00:00,56.054655,160.605924,32.52,1.19,-0.66,1
2015-11-07 03:00:46.630000+00:00,56.059957,160.606608,33.37,1.09,-0.709,1
2015-11-07 03:23:01.070000+00:00,56.055615,160.611051,32.31,1.24,-0.776,1
2015-11-07 03:47:23.600000+00:00,56.053341,160.605664,30.84,1.2,-0.736,1
2015-11-07 04:15:35.160000+00:00,56.115877,160.413135,12.67,0.6,-0.727,1
2015-11-07 05:00:00.620000+00:00,55.685079,160.443701,8.19,0.69,-0.065,1
2015-11-07 06:14:23.680000+00:00,56.058228,160.606331,32.58,1.22,-0.665,1
2015-11-07 06:54:01.620000+00:00,56.062134,160.6014,32.44,1.07,-0.675,1
2015-11-07 06:56:39.580000+00:00,55.82452,160.377799,0.03,0.59,-0.846,1
2015-11-07 07:07:07.090000+00:00,55.829569,160.379118,1.04,0.81,-0.85,1
2015-11-07 07:07:53.320000+00:00,55.831087,160.377881,0.99,1.19,-1.02,1
2015-11-07 07:14:15.660000+00:00,55.833203,160.379199,3.18,1.07,-0.765,1
2015-11-07 07:16:50.230000+00:00,55.832764,160.379199,3.46,0.56,-100.0,1
2015-11-07 07:19:35.190000+00:00,55.830098,160.383057,5.47,0.86,-0.929,1
2015-11-07 07:21:06.050000+00:00,55.841378,160.382731,-0.24,1.09,-0.815,1
2015-11-07 07:24:15.110000+00:00,55.841121,160.389583,6.27,0.95,-0.788,1
2015-11-07 07:27:50.680000+00:00,55.827995,160.488851,-0.3,1.21,-100.0,1
2015-11-07 07:41:25.540000+00:00,56.050728,160.607894,30.38,1.12,-0.615,1
2015-11-07 07:49:42.730000+00:00,55.836499,160.378809,11.33,0.7,-0.716,1
2015-11-07 07:58:47.260000+00:00,55.795431,160.322363,2.7,0.22,-0.696,1
2015-11-07 08:04:48.020000+00:00,55.840767,160.414714,14.67,0.52,-100.0,1
2015-11-07 08:13:41.650000+00:00,55.836198,160.387988,11.01,0.6,-100.0,1
2015-11-07 08:18:33.110000+00:00,55.687756,160.40498,14.5,1.12,-0.254,1
2015-11-07 08:22:33.570000+00:00,55.84054,160.388118,14.39,0.82,-0.764,1
2015-11-07 08:37:59.550000+00:00,55.936129,160.25612,43.21,0.53,-100.0,1
2015-11-07 08:40:03.970000+00:00,56.126131,160.4639,7.99,0.76,-100.0,1
2015-11-07 09:34:58.470000+00:00,56.052482,160.607129,30.6,1.18,-0.741,1
2015-11-07 09:46:51.360000+00:00,55.705009,160.436084,12.77,0.67,-0.284,1
2015-11-07 09:49:28.530000+00:00,55.832613,160.379427,0.91,0.99,-0.808,1
2015-11-07 09:52:45.790000+00:00,55.835417,160.389795,9.3,0.4,-0.679,1
2015-11-07 09:56:55.970000+00:00,55.856706,160.44987,18.34,1.02,-100.0,1
2015-11-07 09:58:52.010000+00:00,55.838647,160.388688,13.07,0.97,-0.628,1
2015-11-07 09:59:57.240000+00:00,55.838684,160.385775,12.74,0.4,-100.0,1
2015-11-07 10:01:13.800000+00:00,55.838184,160.385417,0.64,0.54,-0.756,1
2015-11-07 10:11:36.570000+00:00,55.840316,160.385579,13.35,0.93,-0.535,1
2015-11-07 10:14:00.320000+00:00,55.842017,160.387972,14.45,1.0,-0.69,1
2015-11-07 10:14:46.230000+00:00,55.847681,160.377425,15.07,0.7,-100.0,1
2015-11-07 10:27:52.390000+00:00,55.66038,160.379834,10.2,0.54,-100.0,1
2015-11-07 10:31:10.030000+00:00,56.041357,160.607324,29.52,0.88,-0.632,1
2015-11-07 11:03:21.920000+00:00,56.131209,160.444434,1.19,0.56,-0.54,1
2015-11-07 11:52:00.320000+00:00,56.062166,160.618815,36.98,1.13,-0.792,1
2015-11-07 12:43:07.260000+00:00,56.055371,160.609294,32.47,1.23,-0.69,1
2015-11-07 12:50:15.290000+00:00,56.118689,160.453402,18.36,0.93,-100.0,1
2015-11-07 13:35:57.990000+00:00,56.167509,160.871338,26.53,0.49,-100.0,1
2015-11-07 14:11:53.970000+00:00,55.710465,160.430973,14.98,1.31,-0.327,1
2015-11-07 14:44:28.890000+00:00,56.146313,160.392529,5.69,0.27,-100.0,1
2015-11-07 14:51:55.760000+00:00,56.056038,160.615462,36.53,1.03,-0.625,1
2015-11-07 15:33:38.750000+00:00,56.124691,160.451107,11.29,0.72,-0.63,1
2015-11-07 16:51:13.490000+00:00,56.054517,160.609782,31.89,1.43,-0.762,1
2015-11-07 16:52:21.720000+00:00,55.827128,160.377995,0.32,0.3,-0.194,1
2015-11-07 16:56:41.820000+00:00,56.055151,160.611426,32.64,0.79,-0.677,1
2015-11-07 17:48:29.800000+00:00,56.088505,160.685579,12.13,0.98,-0.424,1
2015-11-07 18:46:17.200000+00:00,56.109627,160.475716,1.42,0.99,-0.697,1
2015-11-07 19:19:05.640000+00:00,56.056213,160.611117,33.01,0.95,-0.697,1
2015-11-07 20:04:01.840000+00:00,56.05304,160.622103,19.09,1.08,-0.844,1
2015-11-07 20:43:39.460000+00:00,56.128341,160.453206,6.31,0.61,-100.0,1
2015-11-07 22:01:26.120000+00:00,55.838761,160.278581,12.95,0.68,-0.764,1
2015-11-07 22:13:12.520000+00:00,55.718075,160.493945,15.26,1.2,-0.198,1
2015-11-07 23:18:15.520000+00:00,56.05212,160.606527,30.95,1.48,-0.746,1
2015-11-07 23:19:17.560000+00:00,56.124019,160.456348,7.31,0.4,-100.0,1
2015-11-07 23:20:30.180000+00:00,56.054871,160.605322,31.88,0.63,-100.0,1
2015-11-08 00:46:34.620000+00:00,56.051522,160.602116,30.75,1.08,-0.653,1
2015-11-08 02:12:38.740000+00:00,56.032739,160.716276,21.05,0.91,-100.0,1
2015-11-08 02:57:54.780000+00:00,56.052116,160.601595,31.14,1.13,-0.725,1
2015-11-08 02:59:33.150000+00:00,56.057255,160.609896,33.03,0.9,-0.801,1
2015-11-08 03:01:19+00:00,56.050387,160.602523,30.74,0.87,-100.0,1
2015-11-08 05:03:49.110000+00:00,55.701705,160.462956,0.68,0.55,-0.27,1
2015-11-08 05:22:53.170000+00:00,56.058158,160.610384,34.44,1.04,-0.711,1
2015-11-08 06:13:51.590000+00:00,56.05564,160.610791,33.1,1.12,-0.744,1
2015-11-08 07:49:07.450000+00:00,55.831425,160.378923,0.73,0.52,-0.513,1
2015-11-08 08:00:42.590000+00:00,56.061804,160.608317,35.49,1.16,-0.703,1
2015-11-08 09:03:44.350000+00:00,56.052917,160.607308,30.99,0.92,-0.717,1
2015-11-08 09:39:21.870000+00:00,55.819141,160.386621,2.14,0.12,-100.0,1
2015-11-08 09:46:13.260000+00:00,55.970268,160.030973,21.92,1.72,-100.0,1
2015-11-08 10:00:04.550000+00:00,56.057145,160.614632,35.13,1.1,-0.695,1
2015-11-08 10:33:12.360000+00:00,56.106714,160.416781,8.15,0.32,-100.0,1
2015-11-08 11:21:53.190000+00:00,56.065653,160.628695,-0.3,0.44,-100.0,1
2015-11-08 11:42:41.620000+00:00,55.938806,160.947087,18.68,1.08,-100.0,1
2015-11-08 12:15:48.020000+00:00,56.139034,160.415267,12.45,0.84,-0.602,1
2015-11-08 12:19:34.100000+00:00,55.715767,160.446533,11.39,0.49,-100.0,1
2015-11-08 13:30:14.920000+00:00,56.053853,160.614014,30.88,1.45,-0.671,1
2015-11-08 13:43:43.470000+00:00,56.054395,160.613818,32.64,0.69,-0.633,1
2015-11-08 15:35:14.470000+00:00,55.715112,160.439779,15.55,0.65,-100.0,1
2015-11-08 16:30:12.030000+00:00,56.052226,160.60835,32.06,1.33,-0.713,1
2015-11-08 16:31:06.440000+00:00,56.055058,160.606234,31.56,0.88,-0.576,1
2015-11-08 18:57:26.560000+00:00,56.145923,160.415332,15.22,0.61,-0.546,1
2015-11-08 19:46:58.380000+00:00,56.05614,160.602881,31.45,1.36,-0.699,1
2015-11-08 20:14:28.680000+00:00,56.131238,160.429199,9.8,0.41,-100.0,1
2015-11-08 20:17:37.440000+00:00,56.127726,160.44738,4.5,0.5,-100.0,1
2015-11-08 21:09:55.420000+00:00,56.048132,160.605176,29.17,1.21,-0.8,1
2015-11-08 21:38:33.840000+00:00,55.84963,160.369922,12.58,0.21,-100.0,1
2015-11-08 22:43:34.800000+00:00,56.053345,160.605973,30.24,1.07,-0.865,1
2015-11-08 23:08:23.560000+00:00,55.703955,160.482715,-0.36,0.8,-0.069,1
2015-11-08 23:09:40.640000+00:00,55.711397,160.435173,13.81,0.78,-100.0,1
2015-11-08 23:35:09.320000+00:00,56.055497,160.603841,31.41,1.45,-0.713,1
2015-11-09 00:44:17.320000+00:00,56.114307,160.455029,-1.43,0.92,-100.0,1
2015-11-09 02:20:16.230000+00:00,56.128528,160.554899,1.83,0.34,-100.0,1
2015-11-09 04:59:15.190000+00:00,56.054919,160.605452,30.99,1.55,-0.719,1
2015-11-09 05:04:07.990000+00:00,56.056042,160.596305,32.04,0.74,-100.0,1
2015-11-09 05:36:27.580000+00:00,55.825749,160.380697,-0.18,0.68,-0.534,1
2015-11-09 05:45:59.400000+00:00,56.119063,160.451888,0.61,0.77,-0.68,1
2015-11-09 05:54:15.830000+00:00,56.074068,160.611768,32.44,1.16,-100.0,1
2015-11-09 06:53:08.830000+00:00,56.059473,160.605762,32.79,1.09,-100.0,1
2015-11-09 08:30:20.710000+00:00,56.054358,160.601823,31.0,1.32,-0.791,1
2015-11-09 09:04:35.820000+00:00,55.844246,160.401416,11.1,0.66,-100.0,1
2015-11-09 09:52:16.480000+00:00,56.042033,160.592529,27.05,1.15,-100.0,1
2015-11-09 09:52:27.580000+00:00,56.045129,160.59694,28.1,1.25,-100.0,1
2015-11-09 11:01:23.540000+00:00,56.065226,160.624414,-1.18,0.8,-100.0,1
2015-11-09 11:12:46.350000+00:00,55.811784,160.504834,-2.05,0.65,-100.0,1
2015-11-09 11:13:07.300000+00:00,56.057715,160.609294,33.41,1.33,-0.791,1
2015-11-09 12:27:35.720000+00:00,56.098572,160.500749,9.52,0.5,-100.0,1
2015-11-09 12:55:44.950000+00:00,56.049662,160.609245,31.11,1.44,-0.701,1
2015-11-09 14:10:27.030000+00:00,56.0566,160.605697,32.33,1.55,-100.0,1
2015-11-09 14:42:51.620000+00:00,56.065332,160.624512,-0.62,0.93,-0.811,1
2015-11-09 15:20:34.800000+00:00,56.047144,160.594548,27.52,1.17,-0.795,1
2015-11-09 15:59:17.180000+00:00,56.031905,160.666943,7.2,1.49,-0.157,1
2015-11-09 16:24:36.300000+00:00,56.127091,160.456592,7.67,0.87,-0.622,1
2015-11-09 16:44:00.860000+00:00,56.069763,160.641048,4.17,0.53,-100.0,1
2015-11-09 16:47:15.110000+00:00,56.099377,160.635807,25.74,0.56,-100.0,1
2015-11-09 16:54:15.470000+00:00,55.664718,160.39987,13.41,0.97,-0.287,1
2015-11-09 16:56:12.030000+00:00,56.061064,160.612028,34.29,1.14,-0.874,1
2015-11-09 16:57:08.780000+00:00,56.047778,160.603678,28.01,1.18,-1.118,1
2015-11-09 16:58:49.790000+00:00,56.114754,160.30402,3.01,0.37,-100.0,1
2015-11-09 18:08:06.640000+00:00,56.066984,160.614144,-1.22,0.75,-100.0,1
2015-11-09 18:17:52.600000+00:00,56.065556,160.624512,-0.8,0.5,-100.0,1
2015-11-09 18:22:33.060000+00:00,56.076127,160.528971,15.3,0.57,-100.0,1
2015-11-09 18:49:10.320000+00:00,56.06141,160.620931,35.9,1.48,-0.612,1
2015-11-09 18:59:08.800000+00:00,56.065597,160.62666,-1.14,0.8,-100.0,1
2015-11-09 19:08:27.080000+00:00,55.736609,160.924951,17.01,1.27,-0.295,1
2015-11-09 19:37:32.600000+00:00,56.034245,160.647054,14.21,0.72,-100.0,1
2015-11-09 19:53:16.060000+00:00,56.063928,160.62723,-1.19,0.6,-100.0,1
2015-11-09 20:04:03.280000+00:00,56.099455,160.544076,15.72,0.97,-100.0,1
2015-11-09 20:53:21.420000+00:00,56.050273,160.601742,30.32,1.2,-0.771,1
2015-11-09 21:19:44.840000+00:00,56.252413,160.840234,31.04,0.95,-0.054,1
2015-11-09 21:26:54.440000+00:00,56.119377,160.457894,6.15,0.79,-100.0,1
2015-11-09 21:40:34.680000+00:00,56.064486,160.626774,-1.26,0.56,-100.0,1
2015-11-09 22:11:48.640000+00:00,55.827051,160.497249,-0.28,0.74,-0.319,1
2015-11-09 22:13:52.240000+00:00,55.825651,160.498405,-0.12,0.43,-0.32,1
2015-11-09 22:28:45.740000+00:00,56.052165,160.603564,30.54,0.98,-0.977,1
2015-11-10 00:06:47.630000+00:00,56.061454,160.60599,33.46,0.93,-0.673,1
2015-11-10 00:42:39.830000+00:00,56.064242,160.623307,-1.32,0.89,-100.0,1
2015-11-10 01:40:03.290000+00:00,56.037028,160.571989,23.91,1.08,-0.81,1
2015-11-10 02:00:23.520000+00:00,55.66956,160.931022,5.9,0.76,-0.306,1
2015-11-10 02:42:51.440000+00:00,56.057756,160.660384,-0.99,0.98,-100.0,1
2015-11-10 02:58:48.190000+00:00,55.82428,160.381201,0.14,0.84,-0.285,1
2015-11-10 03:16:08.750000+00:00,56.059102,160.611784,33.96,1.23,-0.767,1
2015-11-10 03:53:46.500000+00:00,55.837708,160.39388,14.2,0.49,-0.998,1
2015-11-10 04:12:40.450000+00:00,55.844035,160.38737,3.67,0.36,-0.746,1
2015-11-10 04:17:39.920000+00:00,55.83547,160.387956,4.5,0.43,-0.557,1
2015-11-10 04:25:13.850000+00:00,55.825618,160.351855,1.03,0.2,-100.0,1
2015-11-10 04:36:23.980000+00:00,55.834465,160.389421,10.06,0.11,-100.0,1
2015-11-10 04:40:13.560000+00:00,55.837077,160.383936,0.65,0.49,-100.0,1
2015-11-10 04:47:05.140000+00:00,55.841146,160.379167,12.53,0.52,-100.0,1
2015-11-10 04:52:57.560000+00:00,55.839746,160.385433,14.29,0.25,-100.0,1
2015-11-10 04:55:58.680000+00:00,55.838717,160.373861,14.22,0.27,-100.0,1
2015-11-10 04:57:46.950000+00:00,55.838688,160.386475,14.85,0.9,-0.692,1
2015-11-10 04:58:56.620000+00:00,55.834639,160.546712,8.85,0.29,-100.0,1
2015-11-10 05:59:23.880000+00:00,56.052588,160.606152,33.19,1.03,-0.751,1
2015-11-10 06:45:56.720000+00:00,56.141602,160.45332,7.3,0.65,-100.0,1
2015-11-10 07:19:07.990000+00:00,56.059261,160.605339,35.38,1.2,-0.81,1
2015-11-10 07:39:33.750000+00:00,56.052747,160.607992,31.3,1.41,-0.828,1
2015-11-10 09:43:09.010000+00:00,56.064827,160.628223,-0.79,0.86,-100.0,1
2015-11-10 09:50:01.740000+00:00,56.066048,160.626725,39.1,1.22,-0.683,1
2015-11-10 10:14:35.270000+00:00,56.047363,160.601676,30.82,1.05,-0.815,1
2015-11-10 10:17:51.690000+00:00,56.168848,160.886735,24.21,1.34,-100.0,1
2015-11-10 10:23:08.740000+00:00,55.973682,160.965397,13.52,1.05,-100.0,1
2015-11-10 11:35:44.270000+00:00,55.983565,160.920329,10.34,1.18,0.088,1
2015-11-10 12:13:18.530000+00:00,56.057113,160.610677,32.13,1.22,-0.652,1
2015-11-10 13:29:48.570000+00:00,56.066313,160.624137,-0.32,0.92,-100.0,1
2015-11-10 15:01:52.690000+00:00,56.046753,160.608512,29.9,1.42,-0.658,1
2015-11-10 18:31:57.360000+00:00,56.048531,160.603158,29.06,1.4,-0.854,1
2015-11-10 19:26:01.960000+00:00,56.052384,160.601823,31.83,1.51,-100.0,1
2015-11-10 20:17:39.640000+00:00,56.058561,160.591618,33.99,1.57,-0.797,1
2015-11-10 20:54:47.160000+00:00,56.103817,160.702897,27.44,1.43,-100.0,1
2015-11-10 21:34:56.880000+00:00,56.151904,160.837533,25.79,1.58,-100.0,1
2015-11-10 22:52:47.680000+00:00,56.061096,160.627588,34.83,1.69,-0.664,1
2015-11-10 22:55:59.600000+00:00,55.668095,160.406364,9.9,0.48,-100.0,1
2015-11-10 22:59:19.900000+00:00,56.051302,160.608561,30.99,1.28,-0.752,1
2015-11-10 23:07:08.280000+00:00,56.055469,160.612533,4.95,1.46,-0.715,1
2015-11-10 23:50:57.640000+00:00,56.048698,160.599902,29.11,1.43,-0.85,1
2015-11-11 00:15:51.690000+00:00,56.054403,160.601253,30.72,1.36,-0.771,1
2015-11-11 00:29:56.990000+00:00,56.064266,160.633675,0.04,1.07,-100.0,1
2015-11-11 01:35:10.180000+00:00,56.065584,160.626416,-0.53,1.1,-100.0,1
2015-11-11 02:16:45.620000+00:00,56.059216,160.611995,33.59,1.39,-0.782,1
2015-11-11 02:59:57.700000+00:00,56.05752,160.615723,1.58,1.26,-100.0,1
2015-11-11 03:09:52.370000+00:00,56.064233,160.617285,-2.29,0.77,-100.0,1
2015-11-11 03:11:10.060000+00:00,56.059261,160.604704,32.2,1.11,-0.948,1
2015-11-11 03:31:54.740000+00:00,56.061222,160.624512,-1.74,0.64,-0.512,1
2015-11-11 03:35:01.380000+00:00,56.011104,160.535889,13.48,1.73,-1.116,1
2015-11-11 04:25:21.280000+00:00,56.05319,160.620801,-1.34,1.41,-100.0,1
2015-11-11 04:35:00.420000+00:00,55.887382,160.369434,9.62,1.18,-0.795,1
2015-11-11 05:29:12.290000+00:00,56.053682,160.605794,32.07,1.48,-0.685,1
2015-11-11 06:06:54.910000+00:00,56.054712,160.607438,33.29,1.42,-0.858,1
2015-11-11 07:16:32.370000+00:00,56.056653,160.614128,33.57,1.32,-0.908,1
2015-11-11 07:20:45.280000+00:00,56.051095,160.606966,31.01,1.37,-0.88,1
2015-11-11 07:40:05.730000+00:00,56.053821,160.592269,32.44,0.52,-0.697,1
2015-11-11 08:27:42.540000+00:00,56.043306,160.593213,41.75,1.38,-0.888,1
2015-11-11 08:36:54.260000+00:00,56.065609,160.625651,-0.81,0.81,-100.0,1
2015-11-11 08:52:07.580000+00:00,56.054944,160.606771,32.85,1.38,-0.85,1
2015-11-11 10:25:35.590000+00:00,56.04574,160.615837,31.33,0.78,-100.0,1
2015-11-11 11:14:39.860000+00:00,56.046826,160.602035,29.62,1.21,-0.846,1
2015-11-11 11:56:56.850000+00:00,55.622237,160.429395,17.13,1.17,-100.0,1
2015-11-11 12:00:01.460000+00:00,56.06438,160.627181,-0.89,0.76,-100.0,1
2015-11-11 12:33:55.590000+00:00,56.051274,160.610091,33.9,1.22,-100.0,1
2015-11-11 14:10:29.450000+00:00,56.052079,160.610026,32.07,1.11,-0.823,1
2015-11-11 15:08:39.020000+00:00,56.137952,160.849707,26.29,1.31,-100.0,1
2015-11-11 15:12:31.250000+00:00,56.061267,160.616423,32.99,1.15,-100.0,1
2015-11-11 15:37:39.270000+00:00,56.076265,160.631673,5.53,1.38,-100.0,1
2015-11-11 16:57:42.920000+00:00,56.064571,160.610091,-0.34,1.18,-100.0,1
2015-11-11 18:21:09.160000+00:00,55.571606,160.602572,16.05,2.25,-1.071,1
2015-11-11 19:49:29.720000+00:00,55.696745,160.438525,10.17,1.11,-0.158,1
2015-11-11 20:59:09.220000+00:00,55.609908,160.432926,25.72,1.2,-0.401,1
2015-11-11 21:06:22.480000+00:00,56.059127,160.614323,0.88,1.3,-0.653,1
2015-11-11 21:34:05.200000+00:00,56.053695,160.604297,30.75,1.02,-100.0,1
2015-11-11 22:25:45.940000+00:00,56.056738,160.612549,30.29,1.17,-100.0,1
2015-11-11 23:15:47.180000+00:00,56.100195,160.645101,45.24,1.5,-1.042,1
2015-11-11 23:46:54.760000+00:00,55.571716,160.21429,33.37,1.47,-100.0,1
2015-11-12 00:41:09.970000+00:00,56.057064,160.607992,31.29,1.24,-0.772,1
2015-11-12 00:54:23.730000+00:00,56.069604,160.624512,-1.0,0.81,-100.0,1
2015-11-12 01:18:54.260000+00:00,56.064189,160.622998,-1.15,1.1,-100.0,1
2015-11-12 01:32:06.850000+00:00,56.15765,160.876742,23.76,0.99,-100.0,1
2015-11-12 02:51:55.220000+00:00,56.053613,160.610758,31.7,1.33,-0.761,1
2015-11-12 02:52:48.270000+00:00,56.053011,160.605566,30.6,1.26,-0.689,1
2015-11-12 02:58:19.970000+00:00,56.050529,160.610352,30.77,1.2,-100.0,1
2015-11-12 03:00:14.870000+00:00,56.051107,160.606152,30.14,0.85,-100.0,1
2015-11-12 03:54:25.230000+00:00,56.06759,160.617708,-1.23,0.87,0.113,1
2015-11-12 04:00:57.080000+00:00,56.057153,160.602718,32.01,1.03,-0.706,1
2015-11-12 05:25:47.790000+00:00,56.058879,160.61613,32.76,1.08,-0.726,1
2015-11-12 05:56:36.640000+00:00,55.885189,160.634619,1.11,0.23,-100.0,1
2015-11-12 07:44:22.210000+00:00,56.053499,160.613949,33.27,1.45,-0.758,1
2015-11-12 07:49:42.790000+00:00,55.712618,160.449333,11.42,1.84,-0.226,1
2015-11-12 08:08:23.230000+00:00,55.724048,160.47474,0.27,0.59,-100.0,1
2015-11-12 08:13:03.310000+00:00,56.061865,160.58877,27.1,1.16,-100.0,1
2015-11-12 08:40:57.340000+00:00,55.726245,160.479557,0.22,0.36,-100.0,1
2015-11-12 08:48:19.360000+00:00,56.055973,160.607682,32.34,1.23,-0.78,1
2015-11-12 09:43:24.410000+00:00,56.068168,160.624919,-0.53,0.46,-100.0,1
2015-11-12 09:44:16.220000+00:00,56.063737,160.606185,36.82,1.01,-0.788,1
2015-11-12 09:48:13.230000+00:00,55.927429,160.605534,8.79,0.79,-0.185,1
2015-11-12 10:07:44.040000+00:00,56.0684,160.658105,4.94,0.75,-0.876,1
2015-11-12 10:49:10.350000+00:00,55.713904,160.458285,10.51,1.07,-0.26,1
2015-11-12 10:51:25.240000+00:00,56.066276,160.62998,-0.37,0.65,-100.0,1
2015-11-12 11:09:36.040000+00:00,55.71359,160.460303,10.14,0.89,-0.205,1
2015-11-12 11:32:22.750000+00:00,55.713957,160.46097,10.09,0.84,-0.273,1
2015-11-12 11:33:29.370000+00:00,56.054879,160.604557,31.86,1.03,-0.739,1
2015-11-12 11:34:01.730000+00:00,56.051261,160.604004,29.68,0.91,-0.899,1
2015-11-12 11:45:36.940000+00:00,56.065474,160.628467,-0.84,0.82,-0.902,1
2015-11-12 11:51:18.420000+00:00,56.074695,160.638184,0.7,0.27,-100.0,1
2015-11-12 12:11:41.290000+00:00,55.842611,160.388574,13.26,0.94,-0.938,1
2015-11-12 12:15:53.510000+00:00,55.84071,160.388265,15.48,1.35,-1.123,1
2015-11-12 12:20:06.660000+00:00,56.067501,160.630615,-0.54,0.91,-100.0,1
2015-11-12 12:24:35.700000+00:00,55.841724,160.385563,12.86,0.56,-0.157,1
2015-11-12 12:32:32.060000+00:00,56.054964,160.791829,0.51,0.88,-100.0,1
2015-11-12 12:37:42.010000+00:00,56.06451,160.62583,-0.81,0.57,-0.904,1
2015-11-12 12:51:29.020000+00:00,56.060055,160.611491,33.82,0.77,-100.0,1
2015-11-12 13:32:25.420000+00:00,56.057768,160.613086,34.26,1.08,-0.749,1
2015-11-12 13:33:32.040000+00:00,56.053943,160.606087,31.77,1.22,-0.616,1
2015-11-12 13:45:35.690000+00:00,56.110592,160.526595,10.24,0.52,-100.0,1
2015-11-12 14:20:27.850000+00:00,56.057597,160.604655,35.83,0.88,-0.856,1
2015-11-12 14:29:01.680000+00:00,56.067639,160.753271,11.9,0.78,-100.0,1
2015-11-12 14:46:35.550000+00:00,56.166174,160.885465,22.66,1.23,-100.0,1
2015-11-12 15:15:48.450000+00:00,56.063053,160.61346,34.87,1.26,-0.751,1
2015-11-12 15:29:12.480000+00:00,56.053178,160.600179,30.5,0.97,-100.0,1
2015-11-12 15:40:30.720000+00:00,56.063472,160.626188,-0.81,0.41,-100.0,1
2015-11-12 16:04:58.700000+00:00,56.050513,160.609473,31.89,1.0,-0.84,1
2015-11-12 16:37:53.780000+00:00,56.004346,160.514225,22.26,0.51,-100.0,1
2015-11-12 16:38:42.220000+00:00,56.054317,160.610775,0.38,0.99,-0.822,1
2015-11-12 17:10:42.840000+00:00,56.061825,160.6014,32.53,1.29,-0.739,1
2015-11-12 17:24:40.760000+00:00,56.058626,160.617513,34.67,1.06,-0.768,1
2015-11-12 18:24:07.600000+00:00,56.064404,160.62513,-0.9,0.74,-100.0,1
2015-11-12 18:47:46.360000+00:00,56.065727,160.628662,-0.8,0.79,-100.0,1
2015-11-12 18:59:04.700000+00:00,56.054199,160.632992,34.47,0.97,-0.88,1
2015-11-12 19:23:38+00:00,56.061869,160.596973,37.37,1.0,-100.0,1
2015-11-12 19:28:48.600000+00:00,56.044922,160.590186,26.79,0.87,-100.0,1
2015-11-12 19:55:19.440000+00:00,56.045528,160.61805,27.8,1.14,-100.0,1
2015-11-12 20:16:41+00:00,56.056897,160.614632,34.0,1.1,-100.0,1
2015-11-12 20:19:13.080000+00:00,55.707471,160.453516,13.92,0.92,-0.092,1
2015-11-12 21:07:31.720000+00:00,56.051758,160.629134,34.35,1.02,-100.0,1
2015-11-12 21:20:36.460000+00:00,56.05306,160.602799,31.2,1.2,-0.799,1
2015-11-12 21:40:47.680000+00:00,56.0514,160.614811,-0.04,1.17,-100.0,1
2015-11-12 22:09:17.640000+00:00,56.138839,160.581462,15.92,1.76,-0.052,1
2015-11-12 22:13:34.200000+00:00,56.050997,160.608105,31.86,1.29,-1.02,1
2015-11-12 22:29:31.960000+00:00,56.055876,160.606087,31.67,1.23,-0.796,1
2015-11-12 22:42:02.880000+00:00,56.061829,160.632699,-1.61,1.05,-100.0,1
2015-11-12 22:59:15.920000+00:00,56.054053,160.614762,33.13,1.04,-100.0,1
2015-11-12 23:26:30.200000+00:00,56.05413,160.609505,33.35,1.19,-0.939,1
2015-11-12 23:51:06.680000+00:00,56.046399,160.6007,28.04,1.22,-100.0,1
2015-11-13 00:01:38.820000+00:00,56.070154,160.633447,4.53,0.7,-100.0,1
2015-11-13 00:12:57.940000+00:00,55.668197,160.398812,14.0,0.66,-100.0,1
2015-11-13 00:28:13.480000+00:00,56.051668,160.606722,0.96,1.03,-0.76,1
2015-11-13 00:50:23.070000+00:00,56.059387,160.614941,34.73,1.33,-0.928,1
2015-11-13 01:33:33.600000+00:00,56.052104,160.605127,30.36,1.15,-0.891,1
2015-11-13 01:54:17.350000+00:00,56.065259,160.624951,-0.96,0.61,-100.0,1
2015-11-13 02:00:29.460000+00:00,56.055636,160.604671,32.99,1.4,-1.097,1
2015-11-13 02:06:50.640000+00:00,56.047978,160.591113,28.0,1.17,-0.865,1
2015-11-13 02:22:01.300000+00:00,56.046488,160.713672,-1.97,0.54,-100.0,1
2015-11-13 03:13:40.630000+00:00,56.045247,160.595866,26.93,1.11,-0.96,1
2015-11-13 03:21:35.580000+00:00,56.056392,160.610124,32.83,1.18,-100.0,1
2015-11-13 03:35:01.190000+00:00,56.067582,160.629671,-0.34,0.94,-100.0,1
2015-11-13 03:47:31.220000+00:00,56.051416,160.603369,30.5,1.04,-0.771,1
2015-11-13 04:26:10.480000+00:00,56.055225,160.606136,32.82,1.17,-0.878,1
2015-11-13 05:01:39.140000+00:00,56.047335,160.602555,29.28,1.43,-0.829,1
2015-11-13 06:03:30.940000+00:00,56.061764,160.612451,35.45,1.2,-100.0,1
2015-11-13 07:07:03.080000+00:00,56.056022,160.610921,34.73,1.35,-0.933,1
2015-11-13 07:32:55.860000+00:00,56.057772,160.606738,32.79,1.6,-0.975,1
2015-11-13 08:33:32.180000+00:00,56.137101,160.567936,25.58,0.82,-100.0,1
2015-11-13 08:34:54.560000+00:00,56.051758,160.602962,30.51,1.25,-0.679,1
2015-11-13 08:56:53.630000+00:00,56.14954,160.564274,14.62,1.11,-100.0,1
2015-11-13 09:18:28.060000+00:00,56.047795,160.587712,26.76,1.53,-0.943,1
2015-11-13 10:02:14.680000+00:00,55.537927,160.411344,20.91,0.96,-0.698,1
2015-11-13 10:08:32.190000+00:00,55.820369,160.381657,5.88,0.4,-100.0,1
2015-11-13 10:43:26.380000+00:00,56.054065,160.606836,31.5,1.2,-0.816,1
2015-11-13 10:45:21.510000+00:00,56.052429,160.601465,29.86,1.49,-0.831,1
2015-11-13 11:34:21.090000+00:00,56.042725,160.602523,34.48,1.29,-0.789,1
2015-11-13 12:15:15.470000+00:00,56.052043,160.603337,30.95,1.31,-0.953,1
2015-11-13 12:18:09.890000+00:00,56.04266,160.586702,26.72,1.23,-0.705,1
2015-11-13 13:20:39.840000+00:00,56.060311,160.604297,33.7,1.39,-0.912,1
2015-11-13 13:33:41.970000+00:00,55.972359,160.502783,15.89,1.09,-100.0,1
2015-11-13 13:47:48.070000+00:00,56.069983,160.628223,-0.23,0.85,-100.0,1
2015-11-13 13:50:21.500000+00:00,56.032857,160.670557,27.92,1.19,-0.602,1
2015-11-13 16:18:35.190000+00:00,56.064176,160.601709,37.05,1.4,-0.709,1
2015-11-13 17:12:38.160000+00:00,56.064107,160.625993,-0.82,0.9,-100.0,1
2015-11-13 20:32:40.100000+00:00,55.713371,160.446354,5.44,1.78,-0.275,1
2015-11-14 00:11:21.910000+00:00,56.064937,160.617773,-1.22,0.69,-100.0,1
2015-11-14 00:40:51.440000+00:00,56.07498,160.629753,0.39,1.22,-100.0,1
2015-11-14 03:04:06.700000+00:00,55.999561,160.817936,16.73,1.55,-0.193,1
2015-11-14 03:28:46.020000+00:00,56.053333,160.609928,31.4,1.19,-0.719,1
2015-11-14 04:26:49.400000+00:00,55.71047,160.41901,15.45,1.05,-0.284,1
2015-11-14 05:34:12.920000+00:00,56.120833,160.515983,8.98,0.66,-100.0,1
2015-11-14 05:39:43.070000+00:00,55.591325,160.338753,11.63,1.29,-0.182,1
2015-11-14 06:18:26.270000+00:00,55.543213,160.287533,15.43,1.54,-0.19,1
2015-11-14 06:22:26.560000+00:00,55.582292,160.456966,32.6,1.43,-0.247,1
2015-11-14 06:46:59.910000+00:00,55.703975,160.440723,9.44,0.51,-100.0,1
2015-11-14 07:05:39.460000+00:00,55.714783,160.444759,6.25,0.87,-0.085,1
2015-11-14 08:13:00.890000+00:00,55.997847,160.805697,16.97,1.15,0.081,1
2015-11-14 08:24:41.120000+00:00,56.118876,160.456348,5.7,0.85,-100.0,1
2015-11-14 08:27:54.770000+00:00,55.665125,160.430192,18.49,0.76,-100.0,1
2015-11-14 08:40:48.640000+00:00,56.044352,160.597786,27.74,1.56,-0.552,1
2015-11-14 08:44:39.740000+00:00,56.055029,160.617594,33.83,1.33,-0.673,1
2015-11-14 10:14:37.770000+00:00,56.046822,160.605632,29.82,0.95,-0.985,1
2015-11-14 10:37:32.160000+00:00,56.064705,160.617188,-1.37,0.95,-100.0,1
2015-11-14 11:14:09.620000+00:00,56.12651,160.715967,22.62,1.26,-100.0,1
2015-11-14 11:23:22.310000+00:00,56.065983,160.627897,-0.67,0.9,-0.721,1
2015-11-14 11:26:00.160000+00:00,56.061202,160.627734,-0.83,1.09,-100.0,1
2015-11-14 11:29:55.440000+00:00,56.045935,160.607064,27.45,1.2,-100.0,1
2015-11-14 11:47:10.150000+00:00,55.732642,160.460791,14.08,0.48,-100.0,1
2015-11-14 12:11:41.260000+00:00,56.132243,160.452816,5.84,0.79,-100.0,1
2015-11-14 12:29:06.350000+00:00,56.156372,160.383105,9.28,0.65,-100.0,1
2015-11-14 13:13:39.140000+00:00,56.066939,160.634782,5.32,0.53,-100.0,1
2015-11-14 13:24:44.890000+00:00,56.066414,160.628418,-0.46,0.82,-0.742,1
2015-11-14 13:48:35.270000+00:00,56.052486,160.60695,30.39,1.52,-0.78,1
2015-11-14 14:27:32.500000+00:00,55.712606,160.443945,5.53,1.0,-0.173,1
2015-11-14 15:00:36.880000+00:00,56.064787,160.623584,-1.67,0.96,-100.0,1
2015-11-14 15:51:43.950000+00:00,56.046041,160.591309,28.89,1.26,-0.248,1
2015-11-14 16:02:19.710000+00:00,56.150244,160.881901,28.02,1.29,-0.343,1
2015-11-14 16:42:13.250000+00:00,56.066097,160.629964,-0.48,0.96,-100.0,1
2015-11-14 16:48:43.020000+00:00,56.088318,160.517692,30.12,0.68,-0.697,1
2015-11-14 16:50:02.250000+00:00,56.068958,160.63304,6.16,1.21,-100.0,1
2015-11-14 17:20:21.400000+00:00,56.061401,160.622965,-1.67,1.08,-100.0,1
2015-11-14 18:22:24.840000+00:00,56.061023,160.630859,-1.17,0.7,-100.0,1
2015-11-14 18:42:29.800000+00:00,56.054122,160.610449,32.47,1.1,-0.795,1
2015-11-14 19:18:41.200000+00:00,56.065649,160.623958,-0.8,0.7,-100.0,1
2015-11-14 20:06:05.120000+00:00,56.060876,160.621777,-0.87,0.79,-100.0,1
2015-11-14 20:14:40.560000+00:00,55.725684,160.466797,5.02,0.74,-100.0,1
2015-11-14 20:44:35.640000+00:00,56.077218,160.629346,3.8,0.75,-100.0,1
2015-11-14 20:46:22.960000+00:00,56.054956,160.608805,32.75,1.38,-0.598,1
2015-11-14 22:09:47.760000+00:00,56.042013,160.62487,32.63,0.94,-100.0,1
2015-11-14 22:35:59.780000+00:00,55.705896,160.492757,4.29,0.64,-100.0,1
2015-11-14 23:21:21.480000+00:00,56.063582,160.624902,-0.62,0.78,-0.574,1
2015-11-14 23:36:15.040000+00:00,56.052421,160.603027,32.05,1.13,-0.663,1
2015-11-15 00:22:59.180000+00:00,55.717452,160.511133,10.56,0.83,-0.118,1
2015-11-15 00:45:49.050000+00:00,56.066724,160.621484,-1.33,0.73,-100.0,1
2015-11-15 01:08:52.430000+00:00,56.047078,160.597038,28.22,0.83,-0.64,1
2015-11-15 01:25:21.480000+00:00,56.043429,160.595785,28.82,0.85,-0.605,1
2015-11-15 01:33:34.760000+00:00,56.050016,160.598145,30.52,1.02,-0.625,1
2015-11-15 01:40:38.440000+00:00,56.078674,160.627946,17.69,0.97,-100.0,1
2015-11-15 01:44:58.960000+00:00,56.06617,160.62723,-0.69,1.06,-100.0,1
2015-11-15 02:35:52.460000+00:00,56.043685,160.615902,28.93,1.02,-100.0,1
2015-11-15 02:40:24.660000+00:00,56.051713,160.608057,35.24,0.66,-100.0,1
2015-11-15 02:49:42.400000+00:00,56.066121,160.619352,37.77,1.16,-0.637,1
2015-11-15 03:23:01.640000+00:00,56.128666,160.699121,24.88,0.87,-100.0,1
2015-11-15 04:14:14.810000+00:00,55.837252,160.476481,13.87,0.78,-0.536,1
2015-11-15 04:18:49.270000+00:00,55.69707,160.446338,13.2,0.83,0.016,1
2015-11-15 04:49:15.460000+00:00,56.04978,160.602425,30.05,1.05,-1.136,1
2015-11-15 05:32:20.940000+00:00,56.051794,160.60249,31.53,1.17,-0.91,1
2015-11-15 06:49:29.420000+00:00,56.050639,160.597559,29.39,0.93,-100.0,1
2015-11-15 07:32:15.480000+00:00,56.066459,160.622217,11.51,0.73,-100.0,1
2015-11-15 07:48:58.960000+00:00,56.055058,160.624723,33.99,0.93,-100.0,1
2015-11-15 07:51:33.980000+00:00,56.04707,160.626644,30.91,0.88,-0.62,1
2015-11-15 07:54:17.670000+00:00,56.058984,160.625244,-1.36,0.52,-100.0,1
2015-11-15 07:57:47.710000+00:00,56.133728,160.445492,6.39,0.79,-100.0,1
2015-11-15 08:06:08.320000+00:00,56.133854,160.723454,24.15,0.56,-100.0,1
2015-11-15 08:30:29.220000+00:00,56.133451,160.723421,24.37,0.81,-100.0,1
2015-11-15 08:39:11.850000+00:00,56.063851,160.63291,-0.62,0.73,-100.0,1
2015-11-15 08:40:19.720000+00:00,56.047493,160.595296,29.7,1.04,-0.791,1
2015-11-15 09:35:33.440000+00:00,56.12701,160.470166,10.02,0.58,-0.762,1
2015-11-15 09:56:58.670000+00:00,56.043929,160.592448,27.04,0.93,-0.812,1
2015-11-15 09:57:26.140000+00:00,55.711519,160.437679,13.6,0.29,-100.0,1
2015-11-15 09:59:23.140000+00:00,56.050374,160.606657,30.74,1.43,-0.763,1
2015-11-15 10:01:55.470000+00:00,56.064864,160.630208,-0.77,0.74,-100.0,1
2015-11-15 10:04:14.240000+00:00,56.038025,160.589827,24.04,0.88,-100.0,1
2015-11-15 10:08:00.010000+00:00,56.061279,160.618343,33.62,1.0,-100.0,1
2015-11-15 10:15:24.610000+00:00,56.064872,160.63151,-0.76,0.92,-100.0,1
2015-11-15 10:38:23.040000+00:00,56.051172,160.602181,31.11,1.19,-0.732,1
2015-11-15 10:46:54.700000+00:00,56.126843,160.447542,6.01,0.38,-0.53,1
2015-11-15 11:02:01.210000+00:00,56.064807,160.623519,-1.42,0.66,-100.0,1
2015-11-15 11:12:34.940000+00:00,56.066626,160.629118,-0.63,0.94,-100.0,1
2015-11-15 11:34:55.270000+00:00,56.043534,160.597868,28.05,0.64,-100.0,1
2015-11-15 11:44:14.280000+00:00,56.193254,160.862728,24.23,1.68,-0.089,1
2015-11-15 11:53:38.410000+00:00,56.054175,160.609847,32.28,0.84,-0.735,1
2015-11-15 12:16:13.850000+00:00,56.057113,160.622559,-1.7,1.04,-0.793,1
2015-11-15 12:28:38.350000+00:00,56.039836,160.605941,27.44,1.19,-100.0,1
2015-11-15 12:47:15.160000+00:00,56.063826,160.635156,0.57,0.8,-100.0,1
2015-11-15 12:51:12.750000+00:00,56.063647,160.647298,6.0,0.71,-100.0,1
2015-11-15 12:53:00.960000+00:00,56.064917,160.628141,-0.8,0.5,-100.0,1
2015-11-15 13:27:38.710000+00:00,56.121598,160.448747,6.3,0.17,-100.0,1
2015-11-15 13:30:51.080000+00:00,56.043656,160.599772,29.17,1.02,-0.701,1
2015-11-15 13:38:37.910000+00:00,56.12738,160.449772,6.84,0.51,-100.0,1
2015-11-15 13:39:49.370000+00:00,56.065584,160.631283,12.61,0.87,-100.0,1
2015-11-15 13:45:16.520000+00:00,56.049406,160.599186,29.02,0.84,-100.0,1
2015-11-15 14:07:30.690000+00:00,56.067729,160.634782,-0.35,0.76,-100.0,1
2015-11-15 14:09:35.910000+00:00,56.063127,160.607601,-1.45,0.68,-100.0,1
2015-11-15 14:45:58.630000+00:00,56.049194,160.602783,29.69,1.06,-0.691,1
2015-11-15 15:09:46.650000+00:00,56.050623,160.611523,30.67,1.34,-0.642,1
2015-11-15 16:14:49.070000+00:00,55.708931,160.423926,14.74,0.78,-0.238,1
2015-11-15 17:09:03+00:00,56.04919,160.587256,27.06,0.98,-0.728,1
2015-11-15 18:59:49+00:00,56.051693,160.598926,30.36,0.76,-100.0,1
2015-11-15 19:14:29.840000+00:00,56.05564,160.610221,32.12,1.15,-0.761,1
2015-11-15 19:16:08.080000+00:00,56.047314,160.600326,31.24,0.59,-100.0,1
2015-11-15 19:25:34.340000+00:00,56.054118,160.610775,33.99,1.28,-0.67,1
2015-11-15 19:40:50.320000+00:00,56.05002,160.602148,30.61,0.85,-100.0,1
2015-11-15 19:45:40.820000+00:00,56.063888,160.612842,35.03,1.14,-0.818,1
2015-11-15 19:50:01.220000+00:00,56.046757,160.597152,29.51,1.28,-0.894,1
2015-11-15 19:56:32.160000+00:00,56.057227,160.611393,34.31,0.9,-0.741,1
2015-11-15 19:58:44.180000+00:00,55.812508,160.497493,-0.72,0.81,-0.331,1
2015-11-15 20:24:20.620000+00:00,56.13112,160.444678,11.11,0.33,-0.759,1
2015-11-15 20:29:58.720000+00:00,56.057279,160.615999,32.19,1.42,-0.784,1
2015-11-15 20:37:14.760000+00:00,56.129777,160.712451,25.71,0.61,-100.0,1
2015-11-15 21:02:27.660000+00:00,56.054346,160.588867,27.62,0.6,-0.662,1
2015-11-15 21:09:58.840000+00:00,56.096655,160.625521,33.3,0.32,-100.0,1
2015-11-15 21:32:53.820000+00:00,56.053902,160.624886,34.67,0.78,-100.0,1
2015-11-15 21:54:34.800000+00:00,56.055615,160.609505,2.05,0.9,-100.0,1
2015-11-15 22:08:08.180000+00:00,56.049467,160.599463,29.46,1.11,-0.813,1
2015-11-15 22:30:01.360000+00:00,56.050854,160.602132,30.61,1.04,-0.694,1
2015-11-15 22:52:09.960000+00:00,56.04613,160.597526,27.19,1.0,-100.0,1
2015-11-15 22:53:08.580000+00:00,56.149703,160.855387,27.96,0.43,-100.0,1
2015-11-15 23:09:00.120000+00:00,56.049113,160.603776,29.62,0.82,-100.0,1
2015-11-15 23:16:20.640000+00:00,56.122257,160.70057,22.32,0.56,-100.0,1
2015-11-15 23:35:33.680000+00:00,56.065975,160.627441,12.75,0.72,-100.0,1
2015-11-16 00:01:43.540000+00:00,56.053414,160.602051,31.31,0.93,-0.661,1
2015-11-16 00:23:09.390000+00:00,56.020601,160.692757,26.8,0.98,-100.0,1
2015-11-16 00:43:28.500000+00:00,56.059717,160.573421,32.46,0.77,-100.0,1
2015-11-16 01:12:29.050000+00:00,56.055835,160.60542,32.24,0.64,-100.0,1
2015-11-16 01:23:38.890000+00:00,56.054028,160.606576,33.07,1.0,-100.0,1
2015-11-16 01:41:54.830000+00:00,56.055741,160.600293,31.49,0.94,-0.761,1
2015-11-16 01:56:46.200000+00:00,56.046867,160.60363,29.23,0.91,-100.0,1
2015-11-16 02:00:22.890000+00:00,56.145805,160.560498,12.18,0.84,-100.0,1
2015-11-16 02:03:57.870000+00:00,56.047164,160.600667,29.49,1.17,-0.679,1
2015-11-16 02:15:15.010000+00:00,56.060665,160.615218,35.46,0.94,-0.655,1
2015-11-16 02:28:47.250000+00:00,56.047498,160.595947,29.36,1.38,-0.625,1
2015-11-16 02:29:09.190000+00:00,56.052808,160.611572,30.55,1.64,-0.835,1
2015-11-16 02:33:50.310000+00:00,56.050199,160.597331,29.56,1.03,-0.736,1
2015-11-16 02:36:47.140000+00:00,56.053316,160.603857,34.16,1.17,-0.81,1
2015-11-16 02:38:04.960000+00:00,56.055273,160.607015,32.54,1.01,-0.581,1
2015-11-16 02:47:07.630000+00:00,56.104252,160.556071,10.23,0.68,-100.0,1
2015-11-16 02:48:20.450000+00:00,56.052075,160.603385,30.75,1.37,-0.922,1
2015-11-16 03:16:06.080000+00:00,55.729879,160.368555,39.13,1.36,-0.751,1
2015-11-16 03:26:16.730000+00:00,56.04991,160.606283,30.06,1.01,-0.623,1
2015-11-16 03:38:39.830000+00:00,56.156258,160.599105,24.79,0.83,-100.0,1
2015-11-16 03:45:31.450000+00:00,56.046891,160.593408,28.2,1.1,-0.71,1
2015-11-16 03:49:43.570000+00:00,56.067566,160.618148,-0.67,0.57,-100.0,1
2015-11-16 03:50:38.650000+00:00,56.048165,160.598877,29.28,0.91,-0.773,1
2015-11-16 03:51:25.340000+00:00,56.142098,160.495394,27.76,0.91,-100.0,1
2015-11-16 03:58:10.790000+00:00,56.073682,160.640381,4.14,0.55,-100.0,1
2015-11-16 04:02:14.630000+00:00,56.071887,160.626481,5.76,1.03,-0.155,1
2015-11-16 04:08:34.910000+00:00,56.069722,160.602262,31.72,0.68,-100.0,1
2015-11-16 04:18:19.840000+00:00,56.073482,160.643441,8.61,0.73,-100.0,1
2015-11-16 04:22:30.290000+00:00,56.051363,160.604476,30.54,1.15,-0.797,1
2015-11-16 04:35:12.960000+00:00,56.057418,160.608187,33.37,0.8,-0.65,1
2015-11-16 04:47:43.910000+00:00,56.048494,160.608008,31.86,1.15,-0.485,1
2015-11-16 04:49:18.870000+00:00,56.0474,160.606852,30.01,1.29,-0.638,1
2015-11-16 04:54:09.010000+00:00,56.056315,160.613477,33.1,0.86,-100.0,1
2015-11-16 04:55:43.300000+00:00,56.062341,160.629606,-1.12,1.23,-100.0,1
2015-11-16 04:55:55.750000+00:00,56.049023,160.601253,28.72,1.2,-0.638,1
2015-11-16 04:59:32.280000+00:00,56.064388,160.62627,-0.92,0.9,-100.0,1
2015-11-16 06:00:25.900000+00:00,56.058964,160.607747,34.97,1.42,-0.747,1
2015-11-16 06:36:21.750000+00:00,56.044674,160.601953,29.43,1.27,-0.753,1
2015-11-16 06:54:14.700000+00:00,56.05107,160.609326,30.82,1.55,-0.841,1
2015-11-16 07:10:52.970000+00:00,56.06486,160.6271,-0.68,0.85,-100.0,1
2015-11-16 07:15:29.830000+00:00,56.066484,160.624919,-0.52,0.92,-100.0,1
2015-11-16 07:26:34.010000+00:00,55.835478,160.398486,11.25,0.28,-100.0,1
2015-11-16 07:27:54.070000+00:00,55.814673,160.391781,4.52,0.36,-0.545,1
2015-11-16 07:41:40.160000+00:00,56.052897,160.600553,31.16,1.35,-0.655,1
2015-11-16 08:14:11.310000+00:00,55.5427,160.285921,15.65,1.0,-100.0,1
2015-11-16 08:54:39.240000+00:00,56.0455,160.604525,29.5,1.07,-0.916,1
2015-11-16 08:58:34.320000+00:00,55.874544,160.394515,8.69,0.84,-100.0,1
2015-11-16 09:01:24.820000+00:00,56.058911,160.611344,32.89,1.41,-0.782,1
2015-11-16 09:06:16.850000+00:00,56.049475,160.613086,31.48,0.99,-0.571,1
2015-11-16 09:48:13.230000+00:00,56.048604,160.607243,32.46,1.0,-100.0,1
2015-11-16 10:02:40.590000+00:00,56.054443,160.600423,32.22,1.42,-0.808,1
2015-11-16 10:09:49.770000+00:00,56.045882,160.609229,29.72,1.07,-100.0,1
2015-11-16 11:34:41.300000+00:00,56.06768,160.614193,41.25,1.67,-0.578,1
2015-11-16 12:14:51.160000+00:00,56.2559,160.923568,3.72,1.13,-100.0,1
2015-11-16 12:18:31.910000+00:00,56.101453,160.518213,36.98,1.48,-0.74,1
2015-11-16 12:19:43.390000+00:00,56.118986,160.460238,9.15,0.64,-100.0,1
2015-11-16 13:23:49.650000+00:00,56.050151,160.60179,31.0,1.3,-0.611,1
2015-11-16 13:51:24.970000+00:00,56.054968,160.613802,31.55,2.02,-0.683,1
2015-11-16 14:59:01.620000+00:00,55.712012,160.433968,15.71,0.86,-0.482,1
2015-11-16 15:47:36.500000+00:00,56.062256,160.6104,37.26,1.49,-0.673,1
2015-11-16 16:43:46.790000+00:00,56.061576,160.605941,33.77,1.43,-0.583,1
2015-11-16 16:51:07.430000+00:00,55.509281,160.455046,26.59,2.58,-0.851,1
2015-11-16 16:57:30.980000+00:00,55.881474,160.063379,11.92,1.07,-100.0,1
2015-11-16 17:38:59.900000+00:00,56.058712,160.601937,33.54,1.2,-0.581,1
2015-11-16 17:54:22.200000+00:00,56.120211,160.452002,0.65,0.57,-0.512,1
2015-11-16 18:17:18.240000+00:00,56.052319,160.606966,31.08,1.15,-0.566,1
2015-11-16 18:38:30.720000+00:00,56.05439,160.607829,30.89,0.78,-0.519,1
2015-11-16 19:15:37.720000+00:00,56.047843,160.598796,28.94,1.47,-0.678,1
2015-11-16 19:31:50.160000+00:00,56.056982,160.613542,34.16,1.71,-0.682,1
2015-11-16 20:05:08.720000+00:00,56.049622,160.59598,30.36,1.3,-0.578,1
2015-11-16 20:28:21.920000+00:00,56.058671,160.617236,34.38,1.32,-0.635,1
2015-11-16 20:37:08.160000+00:00,56.059306,160.614827,36.7,1.23,-100.0,1
2015-11-16 20:56:50.500000+00:00,56.065153,160.619548,35.32,1.3,-0.571,1
2015-11-16 21:10:47.360000+00:00,56.054944,160.608154,32.16,1.27,-0.518,1
2015-11-16 22:14:54.900000+00:00,56.054553,160.60848,32.87,1.49,-0.661,1
2015-11-16 22:18:13.240000+00:00,56.06106,160.618376,33.99,1.09,-100.0,1
2015-11-16 22:48:51.440000+00:00,56.068172,160.623421,36.3,1.18,-0.587,1
2015-11-16 22:56:33.700000+00:00,56.054224,160.602441,32.55,1.15,-0.758,1
2015-11-16 23:22:52.040000+00:00,56.05992,160.606673,37.4,1.49,-0.602,1
2015-11-16 23:52:59.400000+00:00,56.059619,160.608203,32.67,1.31,-0.694,1
2015-11-17 00:19:48.440000+00:00,55.697701,160.469906,-0.93,0.6,-100.0,1
2015-11-17 00:32:39.080000+00:00,56.059937,160.608268,33.89,1.32,-0.824,1
2015-11-17 00:50:08.360000+00:00,56.101461,160.795589,18.3,0.65,-100.0,1
2015-11-17 01:09:40.760000+00:00,56.060132,160.614811,32.69,1.14,-100.0,1
2015-11-17 01:39:01.050000+00:00,56.316455,160.975358,2.64,1.22,-0.306,1
2015-11-17 01:42:19.990000+00:00,56.058895,160.608333,32.79,1.07,-100.0,1
2015-11-17 01:44:22.280000+00:00,55.731368,160.379297,-1.84,0.92,-0.303,1
2015-11-17 02:46:23.680000+00:00,56.117554,160.467643,0.51,0.69,-100.0,1
2015-11-17 03:22:53.540000+00:00,56.054305,160.60778,32.32,1.3,-0.722,1
2015-11-17 04:16:20.660000+00:00,56.121688,160.726823,23.02,0.68,-100.0,1
2015-11-17 04:18:09.780000+00:00,55.823865,160.398226,0.53,0.45,-100.0,1
2015-11-17 04:46:37.650000+00:00,56.111523,160.717008,20.37,0.87,-0.585,1
2015-11-17 05:38:11.540000+00:00,56.047054,160.597184,28.08,1.31,-0.77,1
2015-11-17 06:19:12.320000+00:00,56.058321,160.610042,33.22,1.22,-0.463,1
2015-11-17 06:32:12.480000+00:00,56.102706,160.446696,-1.0,0.12,-100.0,1
2015-11-17 07:06:00.350000+00:00,56.0323,160.427669,13.56,0.69,-100.0,1
2015-11-17 08:34:02.850000+00:00,56.068433,160.614795,34.95,1.48,-0.612,1
2015-11-17 10:44:56.440000+00:00,56.05201,160.615202,34.97,1.0,-0.611,1
2015-11-17 10:49:53.420000+00:00,56.128459,160.457064,0.03,0.56,-0.513,1
2015-11-17 12:55:29.160000+00:00,56.059941,160.61582,33.58,1.29,-0.552,1
2015-11-17 12:56:09.160000+00:00,56.063639,160.604476,34.12,0.86,-100.0,1
2015-11-17 13:25:06.450000+00:00,56.049748,160.608968,30.98,0.7,-100.0,1
2015-11-17 14:10:29.180000+00:00,56.070097,160.60153,35.17,0.78,-100.0,1
2015-11-17 15:09:55.980000+00:00,56.053369,160.610677,32.42,1.04,-0.562,1
2015-11-17 15:11:37.470000+00:00,56.068457,160.634066,0.27,0.37,-100.0,1
2015-11-17 15:29:09.760000+00:00,56.053398,160.611589,31.12,0.86,-100.0,1
2015-11-17 16:22:27.620000+00:00,56.050549,160.601904,31.16,1.53,-0.662,1
2015-11-17 16:27:15.210000+00:00,56.05223,160.603516,30.92,1.05,-100.0,1
2015-11-17 16:33:28.550000+00:00,56.054915,160.609684,32.88,1.47,-0.606,1
2015-11-17 16:44:43.630000+00:00,56.114201,160.463981,-0.39,0.51,-0.547,1
2015-11-17 17:10:19.640000+00:00,56.054224,160.60752,31.51,1.43,-0.679,1
2015-11-17 17:34:47.280000+00:00,55.709786,160.464274,11.65,0.6,-0.4,1
2015-11-17 17:45:16.620000+00:00,56.063908,160.632422,-0.94,0.67,-100.0,1
2015-11-17 18:01:37.720000+00:00,56.12441,160.45306,5.36,0.69,-0.697,1
2015-11-17 18:44:15.800000+00:00,55.5415,160.678564,26.54,1.0,-0.363,1
2015-11-17 18:44:22.100000+00:00,56.077116,160.410042,18.89,1.26,-100.0,1
2015-11-17 19:57:39.400000+00:00,56.054635,160.610726,33.12,1.09,-0.569,1
2015-11-17 20:14:33.620000+00:00,55.647424,160.384554,15.29,0.38,-100.0,1
2015-11-17 20:22:02.840000+00:00,56.056087,160.618994,33.61,1.09,-100.0,1
2015-11-17 20:43:32.600000+00:00,56.064319,160.612793,35.48,0.8,-100.0,1
2015-11-17 20:48:04.440000+00:00,56.135246,160.887044,27.98,1.06,-100.0,1
2015-11-17 21:19:37.460000+00:00,56.049674,160.606608,29.98,1.06,-100.0,1
2015-11-17 21:39:44.520000+00:00,56.052974,160.604932,36.8,0.92,-100.0,1
2015-11-17 22:02:28.700000+00:00,56.121045,160.457845,8.33,0.74,-0.546,1
2015-11-17 22:10:21.420000+00:00,56.047778,160.604964,29.36,1.65,-0.741,1
2015-11-17 23:29:37.440000+00:00,55.702913,160.438623,6.58,1.31,-0.221,1
2015-11-17 23:32:06.460000+00:00,55.566117,160.260156,15.33,1.03,-100.0,1
2015-11-18 00:13:13.170000+00:00,56.054313,160.606445,31.2,0.92,-0.634,1
2015-11-18 00:57:13.520000+00:00,56.042013,160.615316,28.98,0.96,-100.0,1
2015-11-18 01:29:55.330000+00:00,56.039982,160.600651,26.71,0.88,-100.0,1
2015-11-18 02:12:53.140000+00:00,56.051847,160.607552,32.45,1.3,-0.668,1
2015-11-18 02:16:43.990000+00:00,56.063973,160.622917,-0.7,0.86,-100.0,1
2015-11-18 02:39:21.060000+00:00,56.051131,160.598584,31.66,1.26,-0.565,1
2015-11-18 02:40:45.080000+00:00,55.801396,160.256104,25.75,1.17,-0.667,1
2015-11-18 02:58:30.620000+00:00,56.16934,160.356706,12.46,0.91,-100.0,1
2015-11-18 03:04:44.060000+00:00,56.04963,160.601986,30.93,1.17,-0.673,1
2015-11-18 03:29:04.220000+00:00,56.212329,160.802604,-0.69,1.6,-0.196,1
2015-11-18 03:29:49.130000+00:00,56.224443,160.829867,23.11,1.83,-0.183,1
2015-11-18 03:47:19.640000+00:00,56.050513,160.598421,30.01,1.33,-0.587,1
2015-11-18 03:53:12.330000+00:00,56.0585,160.614274,32.02,0.77,-0.624,1
2015-11-18 04:39:38.130000+00:00,56.043526,160.595182,28.34,1.23,-0.638,1
2015-11-18 05:06:59.090000+00:00,56.051184,160.602799,31.43,1.13,-0.639,1
2015-11-18 05:41:39.280000+00:00,56.049878,160.604508,31.03,1.29,-0.692,1
2015-11-18 06:06:12.560000+00:00,56.053092,160.605452,31.05,1.02,-0.663,1
2015-11-18 06:24:10.110000+00:00,56.051811,160.602669,31.34,1.15,-0.614,1
2015-11-18 07:07:33.370000+00:00,56.051436,160.600033,31.49,1.26,-0.709,1
2015-11-18 07:35:42.150000+00:00,56.049902,160.599935,30.68,1.25,-0.712,1
2015-11-18 08:07:28.630000+00:00,56.048234,160.601009,29.92,1.2,-0.662,1
2015-11-18 08:25:29.690000+00:00,55.714653,160.463021,-0.09,0.71,-100.0,1
2015-11-18 08:33:47.250000+00:00,56.040812,160.61307,27.74,1.27,-100.0,1
2015-11-18 08:36:25.470000+00:00,56.059627,160.604183,34.34,1.4,-0.638,1
2015-11-18 09:12:08.330000+00:00,56.052734,160.604639,31.13,1.15,-0.704,1
2015-11-18 09:32:56.160000+00:00,56.054651,160.617513,0.72,0.95,-0.67,1
2015-11-18 09:36:00.340000+00:00,56.051851,160.600277,31.63,1.14,-0.762,1
2015-11-18 10:08:14.940000+00:00,56.053768,160.602441,31.66,1.15,-0.695,1
2015-11-18 10:38:17.090000+00:00,56.049113,160.598926,31.51,1.05,-0.639,1
2015-11-18 11:08:10.790000+00:00,56.055432,160.600993,32.16,1.18,-0.612,1
2015-11-18 11:14:59.740000+00:00,56.04932,160.593457,29.33,1.1,-0.681,1
2015-11-18 11:37:42.400000+00:00,56.049731,160.603451,31.64,1.13,-0.612,1
2015-11-18 12:30:07.240000+00:00,56.057678,160.614242,34.23,1.06,-100.0,1
2015-11-18 12:43:10.970000+00:00,56.050517,160.60179,31.21,1.1,-0.639,1
2015-11-18 13:12:17.300000+00:00,56.051025,160.602653,30.99,0.89,-0.655,1
2015-11-18 13:19:07.850000+00:00,56.228162,160.335124,1.7,0.66,-100.0,1
2015-11-18 13:24:55.460000+00:00,56.05529,160.612321,32.11,0.86,-100.0,1
2015-11-18 13:27:04.010000+00:00,56.052205,160.608252,31.79,1.08,-0.682,1
2015-11-18 13:35:55.060000+00:00,56.055408,160.600667,31.9,0.95,-100.0,1
2015-11-18 13:49:50.620000+00:00,56.136991,160.458105,8.38,0.76,-100.0,1
2015-11-18 13:58:45.680000+00:00,56.050195,160.60599,31.75,1.01,-0.616,1
2015-11-18 14:45:06.870000+00:00,56.046635,160.60529,30.2,1.04,-0.632,1
2015-11-18 14:58:20.200000+00:00,56.008618,160.036117,35.83,0.68,-100.0,1
2015-11-18 15:11:29.270000+00:00,56.058321,160.608773,32.21,1.01,-0.637,1
2015-11-18 15:42:03.870000+00:00,56.057109,160.603809,33.07,0.88,-0.605,1
2015-11-18 16:07:17.330000+00:00,56.046155,160.598519,29.79,0.96,-100.0,1
2015-11-18 16:37:26.840000+00:00,56.052596,160.60529,32.98,1.05,-0.765,1
2015-11-18 16:58:23.260000+00:00,56.052938,160.603174,31.42,1.73,-0.669,1
2015-11-18 17:10:56.660000+00:00,56.125098,160.450114,5.63,0.66,-0.585,1
2015-11-18 17:44:53.480000+00:00,56.048674,160.599658,30.79,1.13,-0.622,1
2015-11-18 17:57:33.640000+00:00,56.060254,160.615234,35.15,1.15,-0.707,1
2015-11-18 18:07:33.240000+00:00,56.121525,160.804639,28.44,0.78,-100.0,1
2015-11-18 18:31:06.120000+00:00,56.050639,160.59917,30.1,1.09,-0.674,1
2015-11-18 18:58:38.040000+00:00,56.053076,160.60319,31.38,1.05,-0.605,1
2015-11-18 19:04:29.480000+00:00,56.114901,160.698844,22.08,0.56,-100.0,1
2015-11-18 19:35:56.100000+00:00,56.051884,160.600977,31.78,1.08,-0.7,1
2015-11-18 20:03:08.780000+00:00,55.704854,160.437598,6.99,0.91,-0.311,1
2015-11-18 20:10:01.480000+00:00,56.052279,160.611784,29.34,1.17,-100.0,1
2015-11-18 20:15:20.120000+00:00,56.051388,160.604183,32.58,1.08,-100.0,1
2015-11-18 20:48:49.520000+00:00,55.831274,160.383366,5.54,0.41,-100.0,1
2015-11-18 20:58:41.460000+00:00,56.050627,160.601807,31.85,1.01,-0.666,1
2015-11-18 21:12:46.560000+00:00,55.824927,160.215625,16.78,0.75,-100.0,1
2015-11-18 21:13:55.480000+00:00,55.834998,160.37513,0.67,0.38,-100.0,1
2015-11-18 21:17:46.220000+00:00,55.833309,160.37998,10.92,0.28,-100.0,1
2015-11-18 21:20:15.640000+00:00,55.835449,160.390706,12.14,0.41,-100.0,1
2015-11-18 21:20:51.440000+00:00,55.830298,160.410156,12.53,0.18,-100.0,1
2015-11-18 21:27:55.800000+00:00,55.838334,160.368799,11.88,0.42,-100.0,1
2015-11-18 21:30:19.880000+00:00,55.842716,160.418685,14.53,0.24,-100.0,1
2015-11-18 21:30:50.760000+00:00,56.062105,160.616488,34.16,1.06,-0.593,1
2015-11-18 21:34:23.160000+00:00,55.834399,160.379199,14.97,0.46,-100.0,1
2015-11-18 21:35:46.480000+00:00,56.05446,160.602165,32.2,1.09,-0.589,1
2015-11-18 21:36:40.200000+00:00,55.841374,160.382601,16.31,0.33,-100.0,1
2015-11-18 21:41:07.200000+00:00,55.838741,160.406413,1.0,0.44,-100.0,1
2015-11-18 21:42:43.480000+00:00,55.819629,160.37098,15.73,0.44,-100.0,1
2015-11-18 22:20:40.440000+00:00,56.055758,160.601676,32.21,1.12,-0.73,1
2015-11-18 22:58:37.960000+00:00,55.827397,160.379378,0.44,0.45,-100.0,1
2015-11-18 23:06:39.360000+00:00,56.048653,160.602604,31.23,1.1,-0.691,1
2015-11-18 23:15:03.180000+00:00,56.068359,160.629069,-0.34,0.65,-100.0,1
2015-11-18 23:41:40.420000+00:00,56.052132,160.606266,31.76,1.56,-0.728,1
2015-11-19 00:02:22.190000+00:00,56.049996,160.597591,30.86,1.09,-0.766,1
2015-11-19 00:31:21.120000+00:00,55.825203,160.389062,3.96,0.41,-0.693,1
2015-11-19 00:32:32.850000+00:00,55.828857,160.381559,3.16,0.4,-100.0,1
2015-11-19 00:49:01.940000+00:00,55.834534,160.38278,9.04,0.54,-100.0,1
2015-11-19 00:49:59.700000+00:00,56.049723,160.603239,30.36,1.16,-0.719,1
2015-11-19 01:06:10.310000+00:00,55.831734,160.374609,13.24,0.35,-100.0,1
2015-11-19 01:16:31.400000+00:00,55.841976,160.383577,15.0,0.36,-100.0,1
2015-11-19 01:43:31.090000+00:00,56.063631,160.622249,36.8,1.18,-0.77,1
2015-11-19 02:18:47.970000+00:00,56.051265,160.60498,31.68,1.18,-0.672,1
2015-11-19 03:10:45.710000+00:00,56.045304,160.59196,26.6,1.09,-0.7,1
2015-11-19 03:46:20.540000+00:00,56.04991,160.601107,30.34,1.14,-0.722,1
2015-11-19 03:50:46.260000+00:00,56.052242,160.609245,30.8,1.35,-0.599,1
2015-11-19 04:08:32.620000+00:00,56.055892,160.608822,33.21,1.17,-0.68,1
2015-11-19 04:58:34.380000+00:00,56.117078,160.4611,0.1,0.35,-100.0,1
2015-11-19 05:00:59.300000+00:00,56.054574,160.597786,31.47,1.15,-0.679,1
2015-11-19 05:03:31.140000+00:00,56.058223,160.611328,33.64,1.37,-0.598,1
2015-11-19 05:15:19.810000+00:00,56.134001,160.471322,7.48,0.51,-100.0,1
2015-11-19 06:20:21.440000+00:00,56.06193,160.623486,35.72,1.07,-0.638,1
2015-11-19 06:45:48.040000+00:00,56.05072,160.598958,29.8,1.12,-0.648,1
2015-11-19 07:14:47.150000+00:00,56.150024,160.871354,27.04,0.71,-100.0,1
2015-11-19 08:06:36.150000+00:00,56.048027,160.598975,30.04,1.07,-0.643,1
2015-11-19 08:30:06.970000+00:00,56.172632,160.829964,18.28,1.25,-0.273,1
2015-11-19 08:33:25.190000+00:00,56.125399,160.455046,6.92,0.64,-0.644,1
2015-11-19 08:37:21.170000+00:00,56.056799,160.603874,32.4,1.18,-0.645,1
2015-11-19 09:00:26.270000+00:00,56.130729,160.451595,0.42,0.77,-0.627,1
2015-11-19 09:01:12.790000+00:00,56.042692,160.587858,24.96,1.1,-0.564,1
2015-11-19 09:21:34.570000+00:00,56.045487,160.605876,29.13,1.07,-0.629,1
2015-11-19 09:22:01.420000+00:00,56.223796,160.831299,22.96,1.33,-0.262,1
2015-11-19 09:31:17.510000+00:00,56.057943,160.610042,33.66,1.22,-0.675,1
2015-11-19 09:35:06.100000+00:00,55.829171,160.379199,1.04,0.4,-0.657,1
2015-11-19 10:45:21.800000+00:00,56.061051,160.61276,34.83,1.2,-0.643,1
2015-11-19 10:48:19.710000+00:00,56.049223,160.59943,30.1,1.16,-0.72,1
2015-11-19 11:35:33.980000+00:00,56.049707,160.599365,30.36,1.05,-0.738,1
2015-11-19 12:12:47.570000+00:00,56.051681,160.60944,31.76,1.22,-0.752,1
2015-11-19 12:28:11.940000+00:00,56.146407,160.392497,6.6,0.48,-100.0,1
2015-11-19 12:32:06.920000+00:00,56.144108,160.907178,24.86,0.51,-100.0,1
2015-11-19 12:39:28.920000+00:00,56.048649,160.597445,29.98,1.1,-0.658,1
2015-11-19 13:36:46.720000+00:00,55.676668,160.40153,12.75,0.39,-100.0,1
2015-11-19 13:37:17.370000+00:00,56.050155,160.600081,30.14,1.18,-0.676,1
2015-11-19 14:32:27.470000+00:00,56.050541,160.599723,30.34,1.11,-0.78,1
2015-11-19 14:42:33.880000+00:00,56.134648,160.762581,23.94,0.59,-100.0,1
2015-11-19 15:13:16.810000+00:00,56.057719,160.611686,35.56,1.17,-0.591,1
2015-11-19 15:14:22.600000+00:00,55.697868,160.424967,9.02,0.6,-0.343,1
2015-11-19 15:21:29.010000+00:00,56.060445,160.612728,34.3,1.14,-0.692,1
2015-11-19 15:25:37.410000+00:00,55.687431,160.404102,15.24,0.66,-100.0,1
2015-11-19 15:51:54.210000+00:00,56.050602,160.608464,30.8,0.98,-0.629,1
2015-11-19 16:00:39.460000+00:00,56.048108,160.597314,30.12,1.17,-0.702,1
2015-11-19 16:02:27.520000+00:00,56.109143,160.415137,8.13,0.94,-0.73,1
2015-11-19 16:22:42.610000+00:00,56.080135,160.614616,39.58,0.91,-100.0,1
2015-11-19 16:26:02.390000+00:00,55.694389,160.425553,11.04,0.62,-0.241,1
2015-11-19 16:31:09.650000+00:00,56.053682,160.61027,32.66,1.29,-0.654,1
2015-11-19 16:46:33.310000+00:00,56.328711,160.441764,26.74,1.14,-0.279,1
2015-11-19 16:49:42.330000+00:00,56.056095,160.60026,32.86,1.08,-0.509,1
2015-11-19 17:24:22.420000+00:00,56.04871,160.601758,31.16,1.16,-0.664,1
2015-11-19 17:34:24.760000+00:00,56.172929,160.827165,17.5,0.99,-100.0,1
2015-11-19 17:44:51.680000+00:00,56.14777,160.864665,25.76,1.2,-0.319,1
2015-11-19 18:11:25.440000+00:00,56.047949,160.597135,29.37,1.18,-0.757,1
2015-11-19 18:15:55.240000+00:00,55.70293,160.439355,6.36,0.64,-0.353,1
2015-11-19 18:17:02.560000+00:00,55.667318,160.394417,12.86,0.7,-0.194,1
2015-11-19 18:27:17.400000+00:00,56.169084,160.814583,18.85,0.96,-100.0,1
2015-11-19 18:45:59.680000+00:00,56.048771,160.595573,29.94,1.17,-0.671,1
2015-11-19 19:13:42.840000+00:00,56.050586,160.600146,30.87,1.09,-0.767,1
2015-11-19 19:20:40.680000+00:00,56.053369,160.611442,33.08,1.23,-0.702,1
2015-11-19 19:32:40.580000+00:00,55.823885,160.380111,0.51,0.32,-100.0,1
2015-11-19 19:34:32.720000+00:00,56.047274,160.601481,31.06,0.97,-0.637,1
2015-11-19 20:04:41.880000+00:00,56.05046,160.596973,30.92,1.17,-0.677,1
2015-11-19 20:22:47.420000+00:00,56.049288,160.598161,30.27,0.96,-0.777,1
2015-11-19 20:41:34.580000+00:00,56.131873,160.463249,5.22,0.87,-100.0,1
2015-11-19 20:47:00.140000+00:00,56.05741,160.601204,34.51,1.07,-0.686,1
2015-11-19 21:00:40.680000+00:00,56.062138,160.61473,35.98,1.19,-0.738,1
2015-11-19 21:15:03.060000+00:00,56.051672,160.599609,30.83,1.03,-0.776,1
2015-11-19 21:39:11.080000+00:00,56.049247,160.59821,32.34,0.93,-0.677,1
2015-11-19 21:58:46.680000+00:00,56.043587,160.58387,30.18,1.01,-0.27,1
2015-11-19 22:01:40.400000+00:00,56.062675,160.619792,35.22,1.04,-0.686,1
2015-11-19 22:22:13.040000+00:00,56.052287,160.608008,32.18,0.93,-0.516,1
2015-11-19 22:35:29.640000+00:00,56.05072,160.597868,30.46,0.98,-0.653,1
2015-11-19 22:54:41.240000+00:00,56.050476,160.598584,31.52,1.14,-0.619,1
2015-11-19 22:55:09.680000+00:00,56.060254,160.610628,33.57,1.25,-0.603,1
2015-11-19 23:17:12.440000+00:00,56.055518,160.59598,32.28,1.1,-0.688,1
2015-11-19 23:36:00.820000+00:00,56.053377,160.610986,32.33,1.05,-0.607,1
2015-11-19 23:46:01.720000+00:00,56.049231,160.592773,30.27,1.05,-0.705,1
2015-11-19 23:56:42.540000+00:00,56.051518,160.600732,31.53,1.14,-0.747,1
2015-11-20 00:01:02.100000+00:00,56.061727,160.609505,34.45,1.17,-0.601,1
2015-11-20 00:01:49.600000+00:00,56.121676,160.451595,6.39,0.15,-100.0,1
2015-11-20 00:09:50.750000+00:00,56.051025,160.599251,30.72,1.11,-0.727,1
2015-11-20 00:21:06.620000+00:00,56.04519,160.594645,29.17,0.81,-0.624,1
2015-11-20 00:25:25.180000+00:00,56.05575,160.605046,33.27,1.05,-0.514,1
2015-11-20 00:32:48.140000+00:00,56.05531,160.598649,32.95,1.11,-0.688,1
2015-11-20 00:45:10.320000+00:00,56.051375,160.600586,31.46,0.96,-0.653,1
2015-11-20 00:52:06.770000+00:00,55.835457,160.38693,13.39,0.13,-100.0,1
2015-11-20 01:00:27.890000+00:00,56.049467,160.598991,31.41,1.08,-0.622,1
2015-11-20 01:16:13.640000+00:00,55.696008,160.480501,-0.17,0.56,-100.0,1
2015-11-20 01:17:06.430000+00:00,56.05011,160.608805,32.63,1.06,-0.702,1
2015-11-20 01:18:14.310000+00:00,56.051123,160.589665,29.16,0.88,-100.0,1
2015-11-20 01:37:54.670000+00:00,56.048674,160.596322,30.3,1.04,-0.642,1
2015-11-20 01:39:51.900000+00:00,55.826676,160.374089,1.01,0.62,-0.701,1
2015-11-20 01:53:40.870000+00:00,56.044942,160.590625,29.79,0.9,-100.0,1
2015-11-20 02:07:54.540000+00:00,56.049215,160.59821,30.51,1.18,-0.584,1
2015-11-20 02:17:45.450000+00:00,56.048792,160.60179,30.03,0.82,-100.0,1
2015-11-20 02:42:44.610000+00:00,56.049988,160.600212,30.99,0.99,-0.754,1
2015-11-20 02:47:03.250000+00:00,56.049984,160.607161,31.46,1.2,-0.686,1
2015-11-20 02:50:38.640000+00:00,56.061003,160.611556,34.29,1.18,-0.707,1
2015-11-20 03:00:15.630000+00:00,56.054468,160.594336,32.8,1.13,-0.619,1
2015-11-20 03:08:17.050000+00:00,56.051213,160.609294,31.81,0.84,-0.764,1
2015-11-20 03:23:51.030000+00:00,56.051896,160.605648,31.19,0.94,-0.549,1
2015-11-20 03:36:46.310000+00:00,56.050793,160.596973,30.37,1.32,-0.663,1
2015-11-20 03:48:28.800000+00:00,56.051563,160.608724,31.43,1.38,-0.841,1
2015-11-20 03:49:05.500000+00:00,56.047375,160.60485,31.41,0.99,-0.553,1
2015-11-20 04:05:35.020000+00:00,56.050012,160.598747,30.18,1.21,-0.575,1
2015-11-20 04:26:42.920000+00:00,56.052714,160.605306,32.24,0.99,-0.78,1
2015-11-20 04:41:57.030000+00:00,56.060592,160.616927,35.38,0.71,-100.0,1
2015-11-20 04:44:40.980000+00:00,56.050602,160.600895,30.67,1.19,-0.568,1
2015-11-20 04:48:06.690000+00:00,56.052877,160.604004,31.45,1.27,-0.771,1
2015-11-20 04:57:25.900000+00:00,56.052209,160.608333,31.62,1.14,-0.526,1
2015-11-20 05:19:41.340000+00:00,56.045431,160.602897,30.49,1.16,-0.633,1
2015-11-20 05:36:11.860000+00:00,56.053516,160.609049,31.03,1.16,-0.64,1
2015-11-20 05:51:28.260000+00:00,56.05059,160.601742,31.29,0.99,-0.571,1
2015-11-20 06:09:45.870000+00:00,56.050981,160.600977,31.48,1.03,-0.535,1
2015-11-20 06:31:53.570000+00:00,56.051782,160.598682,30.48,1.19,-0.586,1
2015-11-20 06:39:08.860000+00:00,56.056083,160.606217,33.81,1.08,-0.576,1
2015-11-20 06:41:13.240000+00:00,56.054976,160.608252,34.87,0.92,-0.601,1
2015-11-20 06:46:05.810000+00:00,56.057931,160.607454,33.03,0.89,-100.0,1
2015-11-20 06:56:36.150000+00:00,56.048523,160.59165,29.71,1.22,-0.598,1
2015-11-20 07:06:48.410000+00:00,56.048002,160.605452,31.16,0.88,-0.633,1
2015-11-20 07:20:15.270000+00:00,56.049015,160.601432,30.12,0.96,-0.73,1
2015-11-20 07:27:36.740000+00:00,55.680941,160.400749,14.55,0.83,-0.217,1
2015-11-20 07:32:37.430000+00:00,56.047555,160.612061,32.03,0.83,-100.0,1
2015-11-20 07:46:42.500000+00:00,56.048421,160.599642,29.53,1.04,-0.663,1
2015-11-20 07:46:59.460000+00:00,55.70319,160.438428,6.64,1.34,-0.229,1
2015-11-20 07:49:59.700000+00:00,56.051978,160.601823,31.09,1.15,-0.677,1
2015-11-20 07:56:05.260000+00:00,56.055701,160.607845,32.43,0.91,-0.776,1
2015-11-20 08:03:14.970000+00:00,56.052405,160.591048,31.29,0.86,-0.55,1
2015-11-20 08:22:08.050000+00:00,56.048824,160.602523,29.84,1.3,-0.603,1
2015-11-20 08:38:57.350000+00:00,56.049976,160.602572,30.56,0.9,-0.541,1
2015-11-20 08:53:31.640000+00:00,56.058089,160.614893,34.43,1.03,-0.72,1
2015-11-20 08:58:53.930000+00:00,56.050989,160.604427,31.5,1.18,-0.645,1
2015-11-20 09:16:22.180000+00:00,56.050761,160.603158,31.13,1.03,-0.692,1
2015-11-20 09:37:03.430000+00:00,56.051025,160.599821,30.31,1.13,-0.659,1
2015-11-20 09:54:30.500000+00:00,56.04906,160.605957,31.0,0.91,-0.843,1
2015-11-20 10:13:24.510000+00:00,56.051347,160.605452,31.1,0.97,-0.716,1
2015-11-20 10:17:33.290000+00:00,56.054525,160.606071,34.26,1.16,-0.626,1
2015-11-20 10:40:19.410000+00:00,56.048295,160.602018,30.81,1.01,-0.711,1
2015-11-20 10:47:43.460000+00:00,56.106913,160.972705,-0.2,0.79,-0.522,1
2015-11-20 11:05:49.150000+00:00,56.050297,160.599886,31.09,1.06,-0.644,1
2015-11-20 11:08:43.940000+00:00,56.275476,160.457503,18.93,0.59,-100.0,1
2015-11-20 11:27:24.980000+00:00,56.037931,160.597949,25.88,0.84,-100.0,1
2015-11-20 11:47:12.770000+00:00,56.049487,160.599105,30.66,1.17,-0.663,1
2015-11-20 11:53:59.380000+00:00,55.731921,160.305241,-0.67,0.15,-100.0,1
2015-11-20 11:57:50.170000+00:00,56.050997,160.604574,31.34,1.26,-0.663,1
2015-11-20 12:21:09.450000+00:00,56.053829,160.601497,31.15,1.08,-0.876,1
2015-11-20 12:21:38.880000+00:00,56.04786,160.598324,29.62,1.06,-0.655,1
2015-11-20 12:28:18.570000+00:00,55.863794,160.199756,19.82,1.75,-0.141,1
2015-11-20 12:42:35.420000+00:00,56.057715,160.601562,30.99,1.15,-0.644,1
2015-11-20 13:25:10.270000+00:00,56.046391,160.599512,29.87,1.04,-0.685,1
2015-11-20 13:45:01.270000+00:00,56.048783,160.609733,28.14,0.71,-100.0,1
2015-11-20 14:00:40.090000+00:00,56.047249,160.596452,29.25,1.06,-0.765,1
2015-11-20 14:24:47.920000+00:00,56.047437,160.602979,30.0,0.94,-100.0,1
2015-11-20 14:38:23.500000+00:00,56.056775,160.599023,35.28,0.84,-100.0,1
2015-11-20 14:49:50.870000+00:00,56.057422,160.612744,30.1,1.0,-0.509,1
2015-11-20 14:56:20.570000+00:00,56.045687,160.593408,28.08,0.92,-0.738,1
2015-11-20 15:24:18.070000+00:00,55.674548,160.391064,14.8,1.27,-0.215,1
2015-11-20 15:39:49.130000+00:00,56.048828,160.596647,29.3,1.04,-0.69,1
2015-11-20 15:58:47.430000+00:00,56.05352,160.599251,31.88,0.94,-100.0,1
2015-11-20 16:28:38.730000+00:00,56.051164,160.601514,31.98,1.0,-0.797,1
2015-11-20 16:34:19.170000+00:00,56.100387,160.465527,12.2,0.24,-100.0,1
2015-11-20 16:45:30.950000+00:00,56.044368,160.599707,28.06,0.74,-100.0,1
2015-11-20 16:51:24.340000+00:00,56.055245,160.620882,4.98,1.55,-0.735,1
2015-11-20 17:04:48.760000+00:00,55.793079,160.343994,0.21,0.82,-0.346,1
2015-11-20 17:08:04.200000+00:00,55.707137,160.436442,9.92,0.68,-100.0,1
2015-11-20 17:11:30.640000+00:00,56.051347,160.59432,29.89,1.02,-0.688,1
2015-11-20 17:26:53.240000+00:00,56.118758,160.433219,4.91,1.14,-1.025,1
2015-11-20 17:28:23.120000+00:00,56.054826,160.611523,33.59,1.03,-0.63,1
2015-11-20 17:39:21.980000+00:00,56.048385,160.608447,33.02,0.8,-0.714,1
2015-11-20 18:06:22.360000+00:00,56.0493,160.599707,30.17,1.03,-0.702,1
2015-11-20 18:08:38.320000+00:00,56.106331,160.450342,-0.25,0.23,-100.0,1
2015-11-20 18:16:06.920000+00:00,56.126078,160.607324,16.33,1.06,-0.052,1
2015-11-20 18:28:34.920000+00:00,56.044401,160.590332,27.5,0.93,-100.0,1
2015-11-20 18:40:08.940000+00:00,56.055343,160.606868,32.3,1.19,-0.754,1
2015-11-20 18:50:41.440000+00:00,56.050826,160.603662,30.33,0.64,-100.0,1
2015-11-20 19:11:44.700000+00:00,56.050081,160.594987,31.27,1.01,-0.729,1
2015-11-20 19:17:45.200000+00:00,56.174504,160.438363,24.49,0.65,-100.0,1
2015-11-20 19:35:51.320000+00:00,56.165173,160.862858,26.05,0.89,-0.297,1
2015-11-20 19:41:04.060000+00:00,56.088485,160.409147,9.15,0.29,-100.0,1
2015-11-20 19:42:10.620000+00:00,56.049532,160.606576,31.03,0.93,-0.639,1
2015-11-20 20:11:10.440000+00:00,56.047453,160.598307,28.82,0.8,-0.649,1
2015-11-20 20:11:51.480000+00:00,56.056982,160.608008,34.09,1.16,-0.847,1
2015-11-20 20:22:13.880000+00:00,56.049679,160.59738,30.28,1.09,-0.594,1
2015-11-20 20:47:49.760000+00:00,56.049894,160.598551,30.5,0.99,-0.661,1
2015-11-20 20:49:35.240000+00:00,55.755424,160.431527,12.38,0.51,-0.626,1
2015-11-20 20:52:18.640000+00:00,56.112838,160.411247,4.48,0.72,-0.769,1
2015-11-20 21:03:35.080000+00:00,56.050179,160.595459,29.46,0.86,-100.0,1
2015-11-20 21:18:59.520000+00:00,56.064547,160.614746,34.86,1.43,-0.683,1
2015-11-20 21:27:08.680000+00:00,56.051428,160.598226,31.91,0.91,-0.662,1
2015-11-20 21:32:10.220000+00:00,56.063643,160.625049,-1.07,0.56,-100.0,1
2015-11-20 21:33:57.680000+00:00,56.054907,160.60026,32.37,0.73,-100.0,1
2015-11-20 22:10:42.160000+00:00,56.109713,160.501742,19.31,0.86,-0.853,1
2015-11-20 22:15:23.480000+00:00,56.156612,160.83999,28.09,1.18,-100.0,1
2015-11-20 23:10:15.280000+00:00,56.051339,160.603776,31.08,1.02,-0.785,1
2015-11-20 23:10:36.560000+00:00,56.056698,160.589535,29.88,1.28,-100.0,1
2015-11-20 23:19:56.780000+00:00,55.543551,160.287077,15.32,1.42,-0.164,1
2015-11-20 23:34:42.960000+00:00,56.045512,160.579411,26.41,1.09,-0.678,1
2015-11-20 23:54:47.920000+00:00,56.053931,160.602702,31.93,1.03,-0.742,1
2015-11-21 00:30:17.810000+00:00,56.097026,160.447982,-0.28,0.4,-0.689,1
2015-11-21 00:30:47.900000+00:00,56.064246,160.61141,35.91,1.3,-0.749,1
2015-11-21 00:50:35.460000+00:00,56.048059,160.615381,31.35,1.04,-0.609,1
2015-11-21 00:55:25.160000+00:00,55.5245,160.331527,16.06,0.48,-100.0,1
2015-11-21 01:05:31.900000+00:00,56.029838,160.588167,26.5,0.65,-100.0,1
2015-11-21 01:10:51.020000+00:00,56.04294,160.597428,26.97,0.75,-100.0,1
2015-11-21 01:40:56.910000+00:00,56.058561,160.605013,32.46,0.7,-100.0,1
2015-11-21 01:57:32.990000+00:00,56.051103,160.6014,31.79,1.02,-0.713,1
2015-11-21 02:18:25.210000+00:00,56.051001,160.608626,30.89,1.79,-0.783,1
2015-11-21 02:23:49.030000+00:00,56.050403,160.597673,30.01,0.88,-0.611,1
2015-11-21 02:28:25.900000+00:00,56.053642,160.602002,32.35,0.78,-100.0,1
2015-11-21 02:29:31.370000+00:00,56.063774,160.625146,-1.22,0.6,-100.0,1
2015-11-21 02:37:50.330000+00:00,56.117863,160.860042,26.36,0.65,-100.0,1
2015-11-21 02:41:35.080000+00:00,56.053162,160.598112,33.46,0.94,-100.0,1
2015-11-21 02:45:35.310000+00:00,56.052279,160.595085,30.63,0.81,-0.603,1
2015-11-21 02:48:26.590000+00:00,55.713688,160.448665,6.3,1.06,-0.187,1
2015-11-21 02:49:58.650000+00:00,55.690739,160.45568,13.79,0.59,-0.331,1
2015-11-21 03:12:28.810000+00:00,56.052181,160.593929,30.22,0.9,-0.813,1
2015-11-21 03:13:40.350000+00:00,56.068481,160.615739,37.69,0.99,-0.592,1
2015-11-21 03:31:55.370000+00:00,56.130664,160.566064,6.64,0.47,-100.0,1
2015-11-21 03:32:53.110000+00:00,56.08973,160.517627,30.24,0.5,-0.607,1
2015-11-21 03:37:36.990000+00:00,56.048832,160.578695,26.11,0.72,-100.0,1
2015-11-21 03:42:59.100000+00:00,56.047937,160.633789,30.9,0.85,-100.0,1
2015-11-21 04:19:05.690000+00:00,55.82664,160.517725,14.74,0.67,-0.215,1
2015-11-21 04:26:36.670000+00:00,56.048576,160.594482,28.3,0.83,-0.697,1
2015-11-21 04:43:01.420000+00:00,56.124231,160.458285,10.12,1.05,-0.998,1
2015-11-21 04:53:34.670000+00:00,56.051054,160.596712,31.24,0.75,-0.726,1
2015-11-21 05:08:07.150000+00:00,56.049764,160.600195,30.2,1.38,-0.589,1
2015-11-21 05:22:24.320000+00:00,56.051782,160.601432,29.44,0.75,-100.0,1
2015-11-21 05:23:01.630000+00:00,55.70992,160.456852,10.58,0.58,-100.0,1
2015-11-21 05:31:39.120000+00:00,55.755347,160.430127,8.61,0.74,-0.755,1
2015-11-21 05:46:19.330000+00:00,56.046065,160.606689,29.63,0.74,-0.637,1
2015-11-21 06:17:33.870000+00:00,56.051208,160.600016,31.34,1.09,-0.642,1
2015-11-21 06:20:46.690000+00:00,55.699919,160.458643,9.99,0.06,-100.0,1
2015-11-21 06:53:08.760000+00:00,56.14082,160.840381,21.94,0.92,-100.0,1
2015-11-21 06:53:20.160000+00:00,56.050924,160.603499,32.07,0.94,-100.0,1
2015-11-21 07:00:16.400000+00:00,56.056942,160.604622,32.45,0.76,-100.0,1
2015-11-21 07:21:00.660000+00:00,56.055391,160.605534,34.38,0.75,-0.655,1
2015-11-21 07:40:00.630000+00:00,56.044421,160.613932,-0.52,0.72,-100.0,1
2015-11-21 07:41:54+00:00,56.052254,160.600765,29.9,1.37,-0.872,1
2015-11-21 08:00:47.010000+00:00,56.051864,160.599137,31.46,1.07,-0.713,1
2015-11-21 08:06:24.040000+00:00,55.705257,160.466455,11.02,0.56,-0.233,1
2015-11-21 08:07:31.420000+00:00,56.068075,160.626953,-0.0,0.3,-100.0,1
2015-11-21 08:10:09.890000+00:00,56.062655,160.613428,35.0,0.93,-0.656,1
2015-11-21 08:35:29.610000+00:00,56.059155,160.587061,30.28,0.53,-100.0,1
2015-11-21 08:50:50.930000+00:00,56.049316,160.600407,30.09,1.05,-0.49,1
2015-11-21 09:07:32+00:00,56.041695,160.607585,29.34,0.6,-100.0,1
2015-11-21 09:16:53.530000+00:00,55.592586,160.385563,9.69,1.59,-100.0,1
2015-11-21 09:19:37.160000+00:00,56.050643,160.604753,32.04,0.92,-100.0,1
2015-11-21 09:35:08.340000+00:00,56.054915,160.603288,33.35,0.99,-0.618,1
2015-11-21 09:51:50.650000+00:00,56.053817,160.609847,30.53,1.36,-0.657,1
2015-11-21 09:59:49.110000+00:00,56.039579,160.266325,9.77,0.73,-0.257,1
2015-11-21 10:28:09.370000+00:00,56.126062,160.457275,7.63,0.26,-100.0,1
2015-11-21 10:44:15.720000+00:00,56.052075,160.603027,31.08,0.72,-0.733,1
2015-11-21 10:59:38.640000+00:00,56.051282,160.606673,-0.29,0.83,-100.0,1
2015-11-21 11:44:25.230000+00:00,56.143091,160.490739,4.31,0.92,-0.84,1
2015-11-21 11:50:13.650000+00:00,56.048682,160.595492,29.74,0.89,-0.667,1
2015-11-21 12:27:32.360000+00:00,56.076583,160.540609,29.21,0.64,-0.712,1
2015-11-21 12:30:39.690000+00:00,56.059664,160.598372,33.14,1.48,-0.851,1
2015-11-21 12:33:44.980000+00:00,56.056038,160.604557,32.26,0.84,-0.678,1
2015-11-21 12:58:58.650000+00:00,56.034839,160.58641,30.1,0.87,-0.565,1
2015-11-21 13:51:07.570000+00:00,56.060042,160.614502,35.22,1.17,-0.732,1
2015-11-21 14:00:40.410000+00:00,56.050663,160.601497,30.89,0.7,-0.567,1
2015-11-21 14:13:49.150000+00:00,56.051961,160.609098,31.26,1.06,-0.549,1
2015-11-21 14:35:53.700000+00:00,56.109762,160.602474,20.95,0.44,-0.673,1
2015-11-21 14:45:48.070000+00:00,56.05105,160.601188,30.64,1.09,-0.694,1
2015-11-21 14:55:24.190000+00:00,56.121411,160.456104,0.49,0.37,-0.518,1
2015-11-21 15:29:15.030000+00:00,56.050415,160.614502,32.38,0.72,-100.0,1
2015-11-21 16:01:23.460000+00:00,56.050012,160.602393,29.61,1.26,-0.823,1
2015-11-21 16:30:01.860000+00:00,55.68689,160.374512,15.28,0.41,-0.444,1
2015-11-21 16:33:12.900000+00:00,56.128882,160.593392,25.97,0.78,-0.662,1
2015-11-21 16:48:29.930000+00:00,55.671179,160.414095,12.21,0.5,-100.0,1
2015-11-21 16:56:04.320000+00:00,56.055717,160.609408,32.94,1.09,-0.558,1
2015-11-21 17:08:04.320000+00:00,56.064014,160.614176,35.34,1.18,-0.549,1
2015-11-21 17:29:33.380000+00:00,56.053569,160.608838,32.54,0.7,-0.621,1
2015-11-21 17:44:01.080000+00:00,56.134212,160.538151,9.06,0.34,-0.53,1
2015-11-21 18:02:12.760000+00:00,56.051082,160.599658,31.2,1.37,-0.602,1
2015-11-21 18:09:34.360000+00:00,56.126705,160.455176,7.79,0.84,-0.579,1
2015-11-21 18:25:44.060000+00:00,56.203198,160.415299,24.68,0.38,-100.0,1
2015-11-21 18:33:26.800000+00:00,56.084045,160.447396,7.86,0.73,-0.703,1
2015-11-21 18:47:46.780000+00:00,56.056608,160.61014,32.79,0.87,-0.659,1
2015-11-21 19:32:44.760000+00:00,56.061112,160.610091,34.67,0.95,-0.806,1
2015-11-21 19:43:28.240000+00:00,56.069401,160.613444,33.89,1.14,-100.0,1
2015-11-21 20:21:10.440000+00:00,56.062683,160.630127,39.69,1.28,-0.688,1
2015-11-21 21:11:50.660000+00:00,56.119381,160.467155,0.64,0.6,-0.759,1
2015-11-21 22:02:54.540000+00:00,56.059208,160.609701,34.09,1.22,-0.748,1
2015-11-21 22:05:49.520000+00:00,56.054203,160.605062,30.49,1.06,-0.599,1
2015-11-21 22:51:25.260000+00:00,56.11827,160.463981,-1.8,0.19,-100.0,1
2015-11-22 00:25:26.410000+00:00,56.06263,160.620166,34.39,1.64,-0.675,1
2015-11-22 01:20:57.840000+00:00,56.058545,160.610807,-2.3,1.1,-100.0,1
2015-11-22 02:58:46.950000+00:00,56.049841,160.597721,30.63,0.84,-100.0,1
2015-11-22 03:22:24.830000+00:00,56.057288,160.605518,33.79,1.07,-0.743,1
2015-11-22 03:27:05.970000+00:00,56.053992,160.602751,30.36,0.85,-100.0,1
2015-11-22 04:14:58.830000+00:00,56.057979,160.58623,30.02,0.87,-100.0,1
2015-11-22 04:47:23.560000+00:00,56.081527,160.481803,26.44,0.47,-100.0,1
2015-11-22 04:51:26.020000+00:00,55.707735,160.436344,12.35,1.25,-0.169,1
2015-11-22 04:52:50.510000+00:00,56.03997,160.351774,34.33,0.94,-0.685,1
2015-11-22 05:29:56.420000+00:00,56.034587,160.619238,33.07,1.19,-0.617,1
2015-11-22 05:30:00.790000+00:00,56.047306,160.600586,29.02,1.2,-0.617,1
2015-11-22 05:30:58.270000+00:00,56.060848,160.606283,34.38,0.96,-100.0,1
2015-11-22 05:41:18.420000+00:00,56.153027,160.879085,24.2,2.13,-0.217,1
2015-11-22 06:06:12.300000+00:00,56.047111,160.469206,33.94,1.12,-0.663,1
2015-11-22 06:07:01.460000+00:00,56.053573,160.590153,28.44,0.78,-100.0,1
2015-11-22 06:10:32.450000+00:00,56.05367,160.61888,33.13,0.9,-100.0,1
2015-11-22 06:13:01.530000+00:00,55.873173,160.624821,0.31,0.41,-100.0,1
2015-11-22 06:31:23.470000+00:00,56.037813,160.583154,24.08,0.82,-0.549,1
2015-11-22 06:32:48.750000+00:00,56.054366,160.601204,31.74,0.81,-100.0,1
2015-11-22 06:37:38.020000+00:00,56.055111,160.610156,33.08,0.95,-100.0,1
2015-11-22 06:46:03.350000+00:00,56.058297,160.604264,31.87,0.94,-100.0,1
2015-11-22 07:17:15.020000+00:00,56.050081,160.602848,31.59,0.66,-100.0,1
2015-11-22 07:20:47.700000+00:00,56.055322,160.608936,33.37,0.68,-100.0,1
2015-11-22 07:24:52.030000+00:00,56.052507,160.60249,30.59,1.51,-0.72,1
2015-11-22 07:42:08.400000+00:00,56.056047,160.607845,33.35,0.87,-0.762,1
2015-11-22 07:53:40.410000+00:00,56.153678,160.881315,26.68,1.06,-0.209,1
2015-11-22 08:07:23.900000+00:00,56.063216,160.477816,28.3,0.7,-100.0,1
2015-11-22 08:15:38.840000+00:00,56.056205,160.604688,31.84,0.69,-100.0,1
2015-11-22 08:19:17.290000+00:00,56.056991,160.601335,31.77,0.69,-100.0,1
2015-11-22 08:30:30.220000+00:00,56.05092,160.600553,30.9,0.78,-0.572,1
2015-11-22 08:33:09.780000+00:00,56.053642,160.611735,30.99,0.84,-100.0,1
2015-11-22 09:24:17.220000+00:00,56.145426,160.8743,24.24,0.57,-100.0,1
2015-11-22 09:45:18.370000+00:00,56.104631,160.408203,10.4,0.37,-100.0,1
2015-11-22 10:14:36.780000+00:00,56.05127,160.596224,30.16,0.79,-100.0,1
2015-11-22 11:15:28.220000+00:00,56.046106,160.610547,17.83,1.48,-0.69,1
2015-11-22 11:15:56.480000+00:00,56.234143,160.881592,27.34,1.4,-100.0,1
2015-11-22 11:17:52.650000+00:00,56.056348,160.597884,31.16,0.69,-100.0,1
2015-11-22 11:37:00.370000+00:00,56.111324,160.568701,12.74,0.79,-100.0,1
2015-11-22 12:33:11.930000+00:00,55.758032,160.468408,5.99,0.3,-100.0,1
2015-11-22 13:03:54.030000+00:00,56.04917,160.599756,30.38,0.7,-100.0,1
2015-11-22 13:43:18.060000+00:00,56.062512,160.60778,36.0,1.21,-0.719,1
2015-11-22 14:13:14.640000+00:00,56.140401,160.893831,25.88,1.11,-100.0,1
2015-11-22 14:25:39.900000+00:00,55.836711,160.392122,-2.24,0.4,-100.0,1
2015-11-22 14:48:17.540000+00:00,56.067965,160.607145,35.09,0.85,-100.0,1
2015-11-22 15:13:15.450000+00:00,56.055534,160.609098,33.63,0.98,-100.0,1
2015-11-22 16:08:04.430000+00:00,56.051221,160.602995,30.63,1.22,-0.656,1
2015-11-22 17:53:12.960000+00:00,56.054435,160.607829,31.09,1.51,-0.713,1
2015-11-22 18:32:47.440000+00:00,56.050399,160.606315,30.95,1.41,-0.769,1
2015-11-22 18:36:20.100000+00:00,55.827279,160.382064,4.24,0.2,-100.0,1
2015-11-22 19:18:13.560000+00:00,56.051786,160.599186,30.96,1.32,-0.626,1
2015-11-22 19:20:32.360000+00:00,55.720203,160.468424,0.74,0.72,-100.0,1
2015-11-22 19:26:52.320000+00:00,55.706734,160.435433,12.32,0.35,-100.0,1
2015-11-22 20:22:34.040000+00:00,56.045549,160.603564,28.91,1.63,-0.577,1
2015-11-22 21:14:06.220000+00:00,56.145569,160.395931,8.71,0.6,-100.0,1
2015-11-22 21:18:49.280000+00:00,56.049353,160.59668,29.28,1.08,-0.577,1
2015-11-22 23:11:35.360000+00:00,56.050228,160.599251,30.64,0.89,-0.709,1
2015-11-22 23:18:37.760000+00:00,56.055111,160.611507,32.78,1.03,-0.559,1
2015-11-22 23:34:08.200000+00:00,56.12017,160.453158,0.39,0.57,-100.0,1
2015-11-22 23:54:01.720000+00:00,56.049927,160.611475,30.73,1.19,-0.544,1
2015-11-23 00:04:03.510000+00:00,56.059009,160.619727,34.61,1.39,-0.57,2
2015-11-23 00:50:41.830000+00:00,56.11438,160.458138,0.01,0.44,-0.585,2
2015-11-23 00:57:45.030000+00:00,56.043677,160.601693,28.93,1.27,-0.673,2
2015-11-23 01:13:55.790000+00:00,56.053227,160.602425,31.96,1.05,-0.57,2
2015-11-23 01:16:38.950000+00:00,56.051624,160.606771,31.17,1.07,-0.665,2
2015-11-23 01:23:19.310000+00:00,56.04751,160.603857,27.99,1.54,-0.807,2
2015-11-23 01:30:53.580000+00:00,56.046838,160.602604,30.17,1.51,-0.697,2
2015-11-23 01:38:55.020000+00:00,56.045451,160.596712,28.71,0.79,-0.556,2
2015-11-23 01:41:58.230000+00:00,56.04408,160.597249,26.16,0.83,-100.0,2
2015-11-23 01:49:07.380000+00:00,56.047896,160.609147,31.99,1.37,-0.69,2
2015-11-23 01:53:03.790000+00:00,56.049943,160.598161,29.45,0.99,-0.64,2
2015-11-23 01:55:16.510000+00:00,55.68337,160.299788,11.95,0.76,-100.0,2
2015-11-23 02:00:57.340000+00:00,56.05544,160.60376,32.55,1.02,-0.542,2
2015-11-23 02:02:48.840000+00:00,56.049874,160.585417,29.78,1.04,-100.0,2
2015-11-23 02:04:28.160000+00:00,56.045846,160.600228,29.57,1.2,-0.616,2
2015-11-23 02:06:22.610000+00:00,56.051847,160.597998,31.11,1.53,-0.593,2
2015-11-23 02:12:56.430000+00:00,56.062109,160.600488,32.24,1.28,-0.623,2
2015-11-23 02:14:12.110000+00:00,56.060632,160.597607,32.14,0.83,-100.0,2
2015-11-23 02:17:28.130000+00:00,56.047266,160.590804,28.11,0.95,-0.614,2
2015-11-23 02:24:49.740000+00:00,56.052478,160.606657,31.72,0.98,-0.457,2
2015-11-23 02:25:23.210000+00:00,56.047896,160.599805,29.72,0.99,-100.0,2
2015-11-23 02:29:02.900000+00:00,56.050395,160.607764,30.17,1.49,-0.623,2
2015-11-23 02:29:47.060000+00:00,56.039164,160.603223,27.89,1.17,-100.0,2
2015-11-23 02:30:28.470000+00:00,56.051062,160.602637,29.75,0.95,-100.0,2
2015-11-23 02:31:30.740000+00:00,56.05623,160.610612,32.88,1.32,-0.524,2
2015-11-23 02:32:13+00:00,56.047327,160.604297,28.83,1.47,-0.789,2
2015-11-23 02:40:17.990000+00:00,56.047807,160.601318,29.18,1.16,-0.587,2
2015-11-23 02:43:16.500000+00:00,56.048922,160.61014,31.68,0.98,-0.69,2
2015-11-23 02:48:44.440000+00:00,56.039722,160.602002,28.21,0.84,-100.0,2
2015-11-23 02:52:20.320000+00:00,56.050574,160.605745,31.23,1.55,-0.608,2
2015-11-23 02:53:20.730000+00:00,56.060457,160.613184,34.64,0.94,-0.65,2
2015-11-23 02:56:00.340000+00:00,56.054598,160.608838,31.81,1.07,-100.0,2
2015-11-23 03:00:05.670000+00:00,56.061483,160.60874,33.44,1.1,-100.0,2
2015-11-23 03:00:32.910000+00:00,56.053227,160.605257,31.88,0.93,-0.654,2
2015-11-23 03:00:55.550000+00:00,56.049341,160.60599,30.18,1.26,-0.584,2
2015-11-23 03:01:51.170000+00:00,56.056344,160.61748,34.15,1.19,-100.0,2
2015-11-23 03:10:14.120000+00:00,56.05566,160.61333,32.65,1.33,-0.553,2
2015-11-23 03:11:21.310000+00:00,56.06095,160.618164,33.92,0.92,-100.0,2
2015-11-23 03:13:19.660000+00:00,56.075334,160.620573,38.23,1.11,-0.731,2
2015-11-23 03:13:44.510000+00:00,56.041138,160.588802,27.25,1.19,-0.631,2
2015-11-23 03:16:03.890000+00:00,56.055143,160.602946,32.35,0.55,-100.0,2
2015-11-23 03:17:35.010000+00:00,56.060624,160.613298,33.92,1.27,-0.513,2
2015-11-23 03:18:13.940000+00:00,56.057886,160.604297,32.39,1.31,-0.455,2
2015-11-23 03:18:38.550000+00:00,56.053849,160.604948,31.35,1.88,-0.669,2
2015-11-23 03:20:24.290000+00:00,56.050537,160.607422,30.86,1.2,-0.563,2
2015-11-23 03:25:19.690000+00:00,56.064347,160.617546,35.96,1.54,-0.576,2
2015-11-23 03:31:56.700000+00:00,56.048588,160.597933,29.05,1.99,-0.782,2
2015-11-23 03:34:49.090000+00:00,56.054753,160.605697,32.48,1.01,-0.641,2
2015-11-23 03:37:18.500000+00:00,56.054472,160.615723,32.29,1.9,-0.725,2
2015-11-23 03:37:48.660000+00:00,56.054224,160.605908,33.09,1.8,-0.735,2
2015-11-23 03:41:02.850000+00:00,56.051579,160.612191,30.89,1.53,-0.613,2
2015-11-23 03:41:21.130000+00:00,56.056254,160.607275,31.62,1.67,-0.549,2
2015-11-23 03:43:20.480000+00:00,56.015389,160.553532,30.9,1.42,-0.557,2
2015-11-23 03:45:41.660000+00:00,56.023112,160.624707,15.96,0.57,-100.0,2
2015-11-23 03:48:00.390000+00:00,56.045516,160.605632,28.14,1.79,-0.641,2
2015-11-23 03:49:39.940000+00:00,56.052006,160.597559,32.06,1.17,-0.678,2
2015-11-23 03:58:10.310000+00:00,56.047152,160.588525,27.09,0.85,-0.671,2
2015-11-23 04:00:45.880000+00:00,56.05081,160.604492,30.88,1.54,-0.566,2
2015-11-23 04:03:40.020000+00:00,56.054313,160.609863,34.77,0.95,-100.0,2
2015-11-23 04:13:51.670000+00:00,56.052747,160.59904,30.67,1.17,-0.542,2
2015-11-23 04:14:43.460000+00:00,56.052303,160.613753,31.59,1.09,-0.535,2
2015-11-23 04:18:32.350000+00:00,56.046859,160.605957,34.19,0.77,-100.0,2
2015-11-23 04:21:37.420000+00:00,56.061792,160.586947,30.04,1.25,-0.632,2
2015-11-23 04:22:33.220000+00:00,56.056616,160.609782,32.74,1.96,-0.827,2
2015-11-23 04:23:04.220000+00:00,56.058728,160.612549,33.84,1.84,-0.79,2
2015-11-23 04:23:55.860000+00:00,56.075366,160.60542,39.78,1.8,-100.0,2
2015-11-23 04:24:07.560000+00:00,56.051143,160.607699,30.41,1.69,-100.0,2
2015-11-23 04:24:26.420000+00:00,56.055355,160.606657,31.79,1.81,-0.729,2
2015-11-23 04:25:11.950000+00:00,56.051241,160.605941,30.99,1.81,-0.765,2
2015-11-23 04:26:39.800000+00:00,56.052035,160.608512,29.91,1.8,-0.477,2
2015-11-23 04:28:27.530000+00:00,56.065055,160.619059,36.56,1.68,-0.685,2
2015-11-23 04:29:23.970000+00:00,56.04895,160.608447,29.87,1.72,-0.768,2
2015-11-23 04:31:39.440000+00:00,56.06213,160.615381,32.91,1.9,-100.0,2
2015-11-23 04:34:17.400000+00:00,56.056714,160.619141,31.62,2.03,-0.799,2
2015-11-23 04:36:56.960000+00:00,56.048999,160.618994,31.51,1.76,-0.819,2
2015-11-23 04:40:29.520000+00:00,56.049923,160.608643,30.4,1.78,-0.552,2
2015-11-23 04:41:30.770000+00:00,56.053805,160.606087,31.92,1.5,-0.408,2
2015-11-23 04:41:52.810000+00:00,56.057495,160.607682,33.73,1.66,-0.618,2
2015-11-23 04:42:33.170000+00:00,56.053837,160.606234,31.7,1.22,-0.524,2
2015-11-23 04:43:54.670000+00:00,56.053235,160.606934,31.56,1.78,-0.707,2
2015-11-23 04:46:07.440000+00:00,56.060608,160.613053,31.74,1.16,-0.429,2
2015-11-23 04:46:31.220000+00:00,56.058704,160.610954,33.44,1.69,-100.0,2
2015-11-23 04:47:34.440000+00:00,56.05118,160.610563,30.45,1.41,-0.527,2
2015-11-23 04:47:59.840000+00:00,56.051379,160.609245,31.86,1.45,-0.54,2
2015-11-23 04:49:09.670000+00:00,56.055957,160.608724,31.36,1.07,-100.0,2
2015-11-23 04:49:34.280000+00:00,56.054712,160.613102,33.07,1.24,-100.0,2
2015-11-23 04:50:11.880000+00:00,56.053841,160.607601,31.65,1.4,-0.637,2
2015-11-23 04:51:52.920000+00:00,56.051331,160.607161,30.86,1.34,-0.481,2
2015-11-23 04:52:27.650000+00:00,56.062882,160.630208,36.24,1.27,-0.587,2
2015-11-23 04:53:41.250000+00:00,56.056966,160.613216,33.39,1.22,-0.543,2
2015-11-23 04:54:12.590000+00:00,56.048401,160.606803,30.7,1.08,-0.722,2
2015-11-23 04:54:58.230000+00:00,56.052543,160.609863,31.83,1.12,-0.625,2
2015-11-23 04:55:14.300000+00:00,56.056169,160.605827,32.16,1.31,-0.743,2
2015-11-23 04:55:54.220000+00:00,56.050183,160.595947,31.58,1.1,-100.0,2
2015-11-23 04:56:36.560000+00:00,56.061458,160.603451,34.57,1.48,-0.556,2
2015-11-23 04:56:53.520000+00:00,56.054468,160.603678,31.73,1.67,-0.498,2
2015-11-23 04:57:22.240000+00:00,56.055798,160.609652,31.39,1.56,-0.7,2
2015-11-23 04:58:40.330000+00:00,56.053455,160.608903,32.48,1.23,-0.644,2
2015-11-23 04:59:34.810000+00:00,56.048047,160.598454,29.57,1.29,-0.572,2
2015-11-23 05:00:24.730000+00:00,56.052214,160.601318,29.79,1.05,-0.513,2
2015-11-23 05:01:00.300000+00:00,56.05811,160.604053,31.37,1.02,-0.598,2
2015-11-23 05:01:31.720000+00:00,56.054134,160.611344,32.38,1.1,-0.435,2
2015-11-23 05:01:51.470000+00:00,56.050195,160.601807,29.59,1.8,-0.628,2
2015-11-23 05:03:08.820000+00:00,55.705505,160.438428,10.2,1.07,-0.218,2
2015-11-23 05:04:09.500000+00:00,56.054586,160.610661,33.01,1.25,-0.641,2
2015-11-23 05:05:12.210000+00:00,56.048039,160.606429,31.36,0.91,-0.619,2
2015-11-23 05:05:51.710000+00:00,56.063558,160.629557,34.67,1.54,-0.802,2
2015-11-23 05:06:26.470000+00:00,56.051994,160.602767,32.92,1.68,-0.51,2
2015-11-23 05:08:42.670000+00:00,56.054089,160.605859,32.71,1.12,-0.592,2
2015-11-23 05:09:25.750000+00:00,56.054032,160.60708,34.35,1.04,-0.11,2
2015-11-23 05:10:29.360000+00:00,56.053617,160.61084,32.02,1.1,-100.0,2
2015-11-23 05:12:33.750000+00:00,56.037651,160.59113,24.27,1.31,-0.635,2
2015-11-23 05:13:38.080000+00:00,56.051965,160.602507,29.89,0.91,-100.0,2
2015-11-23 05:14:03.050000+00:00,56.052661,160.603581,31.76,1.16,-0.508,2
2015-11-23 05:15:39.140000+00:00,56.040422,160.595947,26.83,1.18,-0.665,2
2015-11-23 05:16:33.840000+00:00,56.051054,160.612793,32.48,0.98,-100.0,2
2015-11-23 05:17:10.600000+00:00,56.044706,160.600684,31.55,0.91,-0.687,2
2015-11-23 05:18:16.150000+00:00,56.050895,160.609798,33.53,1.03,-100.0,2
2015-11-23 05:18:46.550000+00:00,56.042948,160.601742,29.64,0.89,-0.481,2
2015-11-23 05:19:44.900000+00:00,56.046077,160.605469,29.56,0.98,-0.662,2
2015-11-23 05:20:20.600000+00:00,56.077653,160.603792,37.81,1.03,-0.085,2
2015-11-23 05:21:26.690000+00:00,56.054114,160.615039,33.02,1.32,-0.53,2
2015-11-23 05:23:05.930000+00:00,56.045772,160.5993,30.26,1.06,-100.0,2
2015-11-23 05:23:56.260000+00:00,56.055066,160.610693,33.73,1.15,-0.553,2
2015-11-23 05:24:38.460000+00:00,56.050476,160.605713,30.06,1.58,-0.622,2
2015-11-23 05:25:32.540000+00:00,56.154049,160.581624,18.02,1.43,-0.617,2
2015-11-23 05:27:49.480000+00:00,56.0639,160.603613,33.31,1.12,-0.642,2
2015-11-23 05:28:10.480000+00:00,56.049386,160.611784,31.03,1.26,-0.569,2
2015-11-23 05:29:42.710000+00:00,56.047595,160.602555,30.39,1.09,-100.0,2
2015-11-23 05:31:19.110000+00:00,56.057772,160.613525,35.34,1.41,-0.728,2
2015-11-23 05:32:11.860000+00:00,56.056388,160.616162,27.3,0.88,-100.0,2
2015-11-23 05:33:38.730000+00:00,56.054716,160.602913,32.45,1.28,-0.638,2
2015-11-23 05:34:32.950000+00:00,56.056881,160.610384,33.99,1.24,-0.64,2
2015-11-23 05:37:38.130000+00:00,56.052205,160.607992,30.75,1.92,-0.788,2
2015-11-23 05:39:29.310000+00:00,56.047982,160.604167,32.17,1.81,-0.593,2
2015-11-23 05:40:25.790000+00:00,56.047583,160.614355,31.54,1.56,-0.671,2
2015-11-23 05:41:54.980000+00:00,56.063725,160.46333,24.0,0.9,-100.0,2
2015-11-23 05:45:14.010000+00:00,56.064091,160.60721,34.39,1.55,-0.709,2
2015-11-23 05:45:53.740000+00:00,56.053361,160.609505,30.91,1.5,-0.835,2
2015-11-23 05:46:11.910000+00:00,56.059395,160.619222,31.68,1.92,-0.99,2
2015-11-23 05:48:48.710000+00:00,56.056694,160.606396,30.28,1.56,-0.724,2
2015-11-23 05:49:43.110000+00:00,56.058915,160.613151,31.76,1.36,-0.738,2
2015-11-23 05:50:36.720000+00:00,56.055672,160.60721,31.15,1.75,-0.581,2
2015-11-23 05:51:15.510000+00:00,56.055074,160.612191,29.5,1.57,-100.0,2
2015-11-23 05:51:39+00:00,56.052543,160.614437,31.39,2.17,-1.14,2
2015-11-23 05:52:46.560000+00:00,56.057796,160.610547,33.99,1.56,-0.704,2
2015-11-23 05:53:38.420000+00:00,56.05887,160.611995,32.67,1.75,-0.758,2
2015-11-23 05:53:57+00:00,56.056828,160.619401,33.41,1.79,-1.024,2
2015-11-23 05:54:38.390000+00:00,56.062891,160.62002,37.14,1.53,-0.795,2
2015-11-23 05:55:07.280000+00:00,56.055363,160.613395,31.66,2.17,-0.946,2
2015-11-23 05:56:38.890000+00:00,56.055904,160.612565,31.46,1.59,-0.924,2
2015-11-23 05:57:06.990000+00:00,56.057804,160.609733,32.58,1.5,-0.948,2
2015-11-23 05:58:31.910000+00:00,56.055778,160.613249,32.84,2.06,-0.878,2
2015-11-23 06:00:10.030000+00:00,56.057955,160.618001,33.82,1.34,-0.745,2
2015-11-23 06:01:11.700000+00:00,56.063,160.62251,34.67,1.33,-0.706,2
2015-11-23 06:01:51.010000+00:00,56.056547,160.615804,4.18,1.44,-0.956,2
2015-11-23 06:03:12.650000+00:00,56.056152,160.621794,33.1,1.17,-0.831,2
2015-11-23 06:03:51.400000+00:00,56.061255,160.627718,33.94,1.54,-0.749,2
2015-11-23 06:04:55.380000+00:00,56.056437,160.619629,31.95,1.96,-0.8,2
2015-11-23 06:07:42.090000+00:00,56.054228,160.614274,31.84,1.43,-0.839,2
2015-11-23 06:09:52.260000+00:00,56.049162,160.612126,30.13,1.38,-0.864,2
2015-11-23 06:11:29.120000+00:00,56.056616,160.612256,31.7,1.15,-0.773,2
2015-11-23 06:12:54.340000+00:00,56.05592,160.615951,33.15,1.06,-0.791,2
2015-11-23 06:13:14.560000+00:00,56.068559,160.633008,37.67,1.24,-0.701,2
2015-11-23 06:14:48.250000+00:00,56.039303,160.598958,27.5,1.5,-0.782,2
2015-11-23 06:14:50.600000+00:00,56.063981,160.565462,1.44,1.17,-0.782,2
2015-11-23 06:15:58.760000+00:00,56.06722,160.619499,39.64,1.05,-100.0,2
2015-11-23 06:16:23.640000+00:00,56.060942,160.614518,33.46,1.29,-0.692,2
2015-11-23 06:16:57.330000+00:00,56.054456,160.617757,31.2,1.48,-0.905,2
2015-11-23 06:17:42.710000+00:00,56.061503,160.620768,35.12,1.5,-0.722,2
2015-11-23 06:18:12.690000+00:00,55.667688,160.414876,12.47,0.94,-0.157,2
2015-11-23 06:18:41.490000+00:00,56.056128,160.61416,31.9,1.83,-0.852,2
2015-11-23 06:20:02.650000+00:00,56.038932,160.337174,34.39,1.57,-0.718,2
2015-11-23 06:22:39.790000+00:00,56.049158,160.581901,27.76,1.25,-0.889,2
2015-11-23 06:23:49.490000+00:00,56.04963,160.607764,30.11,1.01,-0.635,2
2015-11-23 06:24:55.310000+00:00,56.061495,160.600505,32.81,1.35,-100.0,2
2015-11-23 06:25:13.820000+00:00,56.051917,160.620394,31.74,1.95,-0.827,2
2015-11-23 06:30:27.760000+00:00,56.051729,160.600244,31.62,1.08,-0.647,2
2015-11-23 06:33:17.360000+00:00,56.050521,160.612549,30.31,1.1,-100.0,2
2015-11-23 06:34:31.050000+00:00,56.060571,160.611784,33.07,1.39,-0.815,2
2015-11-23 06:36:19.050000+00:00,56.050793,160.599398,29.99,1.48,-0.735,2
2015-11-23 06:37:05.980000+00:00,56.058606,160.626009,35.8,1.11,-0.905,2
2015-11-23 06:38:19.330000+00:00,56.045426,160.603092,31.45,1.17,-0.682,2
2015-11-23 06:41:53.850000+00:00,56.049296,160.616162,31.0,1.77,-0.95,2
2015-11-23 06:42:57.680000+00:00,56.050513,160.60625,29.56,1.2,-0.734,2
2015-11-23 06:44:13.220000+00:00,56.046375,160.601025,30.52,1.03,-0.601,2
2015-11-23 06:44:48.970000+00:00,56.050614,160.601465,30.92,1.25,-0.629,2
2015-11-23 06:46:22.110000+00:00,56.053349,160.611312,31.5,1.79,-0.912,2
2015-11-23 06:50:27.320000+00:00,56.059713,160.605908,34.06,0.98,-0.604,2
2015-11-23 06:51:04.260000+00:00,56.059941,160.615934,31.33,1.19,-0.716,2
2015-11-23 06:53:12.990000+00:00,56.049915,160.616146,30.05,1.19,-0.512,2
2015-11-23 06:58:06.390000+00:00,56.054036,160.614274,31.56,1.51,-0.85,2
2015-11-23 07:05:08.290000+00:00,56.051172,160.601888,31.34,1.18,-100.0,2
2015-11-23 07:07:29.610000+00:00,55.830221,160.380827,4.94,0.3,-100.0,2
2015-11-23 07:07:46.830000+00:00,56.054915,160.605745,32.13,1.14,-0.566,2
2015-11-23 07:11:34.020000+00:00,56.056608,160.618392,29.29,1.26,-0.593,2
2015-11-23 07:12:39.580000+00:00,55.831474,160.384261,5.13,0.46,-100.0,2
2015-11-23 07:13:06.260000+00:00,56.04928,160.604785,30.8,1.08,-0.731,2
2015-11-23 07:14:15.420000+00:00,56.057776,160.614827,34.14,1.05,-0.622,2
2015-11-23 07:17:02.270000+00:00,56.05459,160.618164,31.79,0.96,-100.0,2
2015-11-23 07:17:28.020000+00:00,56.130432,160.459782,7.29,0.69,-100.0,2
2015-11-23 07:23:58.510000+00:00,56.125456,160.459473,7.46,0.79,-100.0,2
2015-11-23 07:24:55.240000+00:00,56.054932,160.608984,32.53,1.33,-0.744,2
2015-11-23 07:28:46.910000+00:00,56.04871,160.6,29.0,0.81,-100.0,2
2015-11-23 07:31:13.310000+00:00,56.05695,160.604411,31.47,0.8,-100.0,2
2015-11-23 07:33:24.060000+00:00,56.060706,160.620947,30.08,1.36,-0.642,2
2015-11-23 07:34:06.220000+00:00,56.076685,160.559408,16.7,0.91,-100.0,2
2015-11-23 07:43:07.460000+00:00,56.056299,160.607731,32.95,1.2,-0.615,2
2015-11-23 07:52:50.510000+00:00,56.057007,160.614567,28.58,1.36,-0.577,2
2015-11-23 07:59:51.690000+00:00,56.061422,160.614583,35.21,1.0,-0.508,2
2015-11-23 08:06:59.380000+00:00,56.130953,160.449935,9.02,0.51,-100.0,2
2015-11-23 08:10:22.030000+00:00,56.051868,160.626449,27.35,0.93,-0.553,2
2015-11-23 08:14:52.300000+00:00,56.0545,160.59471,31.73,0.73,-100.0,2
2015-11-23 08:17:37.820000+00:00,56.048747,160.600944,30.81,1.01,-100.0,2
2015-11-23 08:19:02.510000+00:00,56.049955,160.603581,30.91,1.02,-0.655,2
2015-11-23 08:22:05.460000+00:00,56.050757,160.611816,31.11,1.15,-0.635,2
2015-11-23 08:23:11.050000+00:00,56.106685,160.623926,34.68,1.18,-0.79,2
2015-11-23 08:25:38.080000+00:00,56.052165,160.606266,31.4,1.01,-0.638,2
2015-11-23 08:27:48.300000+00:00,56.058639,160.625439,33.27,0.82,-100.0,2
2015-11-23 08:29:30.650000+00:00,56.058,160.620719,34.15,1.19,-0.641,2
2015-11-23 08:29:53.310000+00:00,56.049992,160.605794,29.74,1.28,-0.655,2
2015-11-23 08:31:24.580000+00:00,56.053735,160.602979,32.32,1.61,-0.853,2
2015-11-23 08:35:59.670000+00:00,56.049585,160.601595,30.29,1.78,-0.834,2
2015-11-23 08:39:38.740000+00:00,56.057487,160.617253,32.11,1.73,-0.996,2
2015-11-23 08:40:54.160000+00:00,56.058142,160.6139,31.07,0.97,-0.579,2
2015-11-23 08:59:01.650000+00:00,56.049821,160.609408,31.13,1.37,-0.712,2
2015-11-23 09:02:14.030000+00:00,56.055355,160.615479,27.97,1.26,-0.59,2
2015-11-23 09:12:51.860000+00:00,56.05328,160.605876,32.99,1.01,-100.0,2
2015-11-23 09:26:56.420000+00:00,56.049719,160.59873,28.97,1.21,-0.634,2
2015-11-23 09:28:16.470000+00:00,56.048442,160.606071,29.43,0.85,-100.0,2
2015-11-23 09:28:58.240000+00:00,56.053202,160.603809,31.18,1.08,-0.587,2
2015-11-23 09:31:44.520000+00:00,56.057125,160.614355,27.39,1.03,-0.541,2
2015-11-23 09:35:29.890000+00:00,56.053044,160.607796,32.28,1.52,-0.554,2
2015-11-23 09:39:47.210000+00:00,56.043701,160.619238,31.0,1.2,-100.0,2
2015-11-23 09:40:36.730000+00:00,56.051668,160.600358,30.1,1.02,-0.654,2
2015-11-23 09:42:37.740000+00:00,56.054818,160.61001,32.11,1.18,-100.0,2
2015-11-23 09:44:31.090000+00:00,56.049955,160.602458,29.05,0.83,-0.497,2
2015-11-23 09:48:32.660000+00:00,56.051477,160.595329,30.7,1.39,-0.585,2
2015-11-23 09:52:19.210000+00:00,56.054447,160.614274,33.62,0.97,-100.0,2
2015-11-23 09:54:13.180000+00:00,56.050854,160.600537,32.12,1.15,-0.576,2
2015-11-23 09:55:33.920000+00:00,56.049565,160.609098,31.18,1.46,-0.541,2
2015-11-23 09:56:26.650000+00:00,56.054911,160.606169,31.52,1.37,-0.713,2
2015-11-23 09:57:04.070000+00:00,56.048405,160.594531,29.66,1.37,-0.552,2
2015-11-23 10:02:23.210000+00:00,56.056759,160.604281,32.81,1.46,-0.811,2
2015-11-23 10:07:06.870000+00:00,56.056958,160.615706,33.0,1.15,-100.0,2
2015-11-23 10:10:11.550000+00:00,56.059257,160.61696,35.38,1.14,-100.0,2
2015-11-23 10:15:33.990000+00:00,56.050712,160.604069,31.25,0.96,-0.645,2
2015-11-23 10:16:36.800000+00:00,56.057515,160.617025,29.11,1.31,-0.691,2
2015-11-23 10:18:18.220000+00:00,56.163192,160.856738,25.15,1.24,-0.255,2
2015-11-23 10:32:49.430000+00:00,56.150838,160.801644,22.41,2.75,-0.186,2
2015-11-23 10:38:41.870000+00:00,56.05308,160.619613,34.58,1.11,-0.611,2
2015-11-23 10:40:03.170000+00:00,56.041032,160.59707,28.39,0.73,-100.0,2
2015-11-23 10:41:27.940000+00:00,55.9849,160.596273,23.44,0.81,-100.0,2
2015-11-23 10:45:40.550000+00:00,56.051034,160.596891,32.73,1.02,-0.75,2
2015-11-23 10:54:22.540000+00:00,56.054883,160.604997,31.59,0.96,-100.0,2
2015-11-23 10:55:24.300000+00:00,56.052482,160.60625,33.41,0.94,-100.0,2
2015-11-23 10:56:40.930000+00:00,56.161922,160.858805,25.66,1.25,-0.286,2
2015-11-23 11:07:39.870000+00:00,56.04292,160.592253,26.82,0.87,-100.0,2
2015-11-23 11:16:10.120000+00:00,56.049512,160.61735,30.19,0.98,-0.633,2
2015-11-23 11:21:31.040000+00:00,56.04928,160.605241,29.73,0.77,-0.655,2
2015-11-23 11:22:21.980000+00:00,56.057003,160.619303,33.65,1.05,-0.556,2
2015-11-23 11:23:28.480000+00:00,56.049825,160.60555,30.41,1.07,-0.747,2
2015-11-23 11:23:55.200000+00:00,56.057446,160.616357,34.15,0.94,-100.0,2
2015-11-23 11:25:37.770000+00:00,56.055994,160.604753,31.93,1.05,-0.671,2
2015-11-23 11:25:58.770000+00:00,56.058362,160.609229,33.59,1.04,-0.612,2
2015-11-23 11:28:00.640000+00:00,56.049491,160.620394,32.0,0.94,-100.0,2
2015-11-23 11:29:44.850000+00:00,56.056266,160.607503,31.9,1.24,-0.532,2
2015-11-23 11:31:35.990000+00:00,56.052604,160.608805,31.57,1.01,-0.686,2
2015-11-23 11:34:31.460000+00:00,56.053487,160.611393,32.59,1.24,-0.652,2
2015-11-23 11:36:17.620000+00:00,56.048446,160.611133,0.32,0.8,-100.0,2
2015-11-23 11:37:00.230000+00:00,56.03551,160.612988,32.11,0.98,-100.0,2
2015-11-23 11:39:29.920000+00:00,56.053304,160.6104,32.59,1.09,-0.636,2
2015-11-23 11:40:39.920000+00:00,56.054989,160.615381,32.49,1.03,-0.681,2
2015-11-23 11:41:27.670000+00:00,56.047127,160.56945,24.81,0.75,-100.0,2
2015-11-23 11:42:00.940000+00:00,56.054985,160.616618,33.15,1.09,-0.748,2
2015-11-23 11:44:18.830000+00:00,56.053792,160.620915,32.95,0.79,-100.0,2
2015-11-23 11:45:30.790000+00:00,56.044991,160.595589,31.9,0.76,-0.579,2
2015-11-23 11:50:15.650000+00:00,56.051957,160.604557,32.03,0.9,-0.6,2
2015-11-23 11:54:18.410000+00:00,56.049443,160.607048,30.84,1.0,-0.638,2
2015-11-23 11:59:52.620000+00:00,56.045976,160.608464,31.49,0.82,-100.0,2
2015-11-23 12:03:49.900000+00:00,56.061263,160.612891,32.25,0.95,-0.588,2
2015-11-23 12:04:46.770000+00:00,55.874947,160.667887,-0.2,0.92,-100.0,2
2015-11-23 12:10:14.080000+00:00,56.050411,160.609473,30.89,1.08,-0.835,2
2015-11-23 12:16:56.440000+00:00,56.051636,160.609798,32.4,1.06,-100.0,2
2015-11-23 12:22:47.780000+00:00,56.054586,160.608936,31.58,1.17,-0.753,2
2015-11-23 12:26:26.240000+00:00,56.047347,160.603109,30.11,1.08,-100.0,2
2015-11-23 12:27:09.290000+00:00,56.049581,160.595443,-0.46,0.96,-100.0,2
2015-11-23 12:29:44.470000+00:00,56.055119,160.596842,32.04,1.14,-0.765,2
2015-11-23 12:34:56.070000+00:00,56.053658,160.605794,33.39,0.91,-100.0,2
2015-11-23 12:35:14.170000+00:00,56.053658,160.597461,30.07,1.06,-0.696,2
2015-11-23 12:36:51.330000+00:00,56.072428,160.614453,35.02,1.14,-100.0,2
2015-11-23 12:40:03.730000+00:00,56.084233,160.569906,31.23,0.82,-100.0,2
2015-11-23 12:42:19.320000+00:00,56.050916,160.613867,34.17,0.98,-0.692,2
2015-11-23 12:43:18.610000+00:00,56.051404,160.604639,31.04,0.93,-0.596,2
2015-11-23 12:43:55.250000+00:00,56.056169,160.600618,32.46,1.15,-0.753,2
2015-11-23 12:50:35.330000+00:00,56.052059,160.605436,31.89,1.02,-0.76,2
2015-11-23 12:53:10.890000+00:00,56.055937,160.615316,30.94,0.94,-0.744,2
2015-11-23 12:56:19.110000+00:00,56.05544,160.605941,32.58,1.11,-0.656,2
2015-11-23 12:58:19.540000+00:00,56.061068,160.624023,35.93,0.88,-100.0,2
2015-11-23 13:03:37.100000+00:00,56.051803,160.602116,29.81,1.0,-0.74,2
2015-11-23 13:07:06.610000+00:00,56.063875,160.629215,34.78,0.86,-0.595,2
2015-11-23 13:09:52.050000+00:00,56.061255,160.621468,34.27,1.01,-100.0,2
2015-11-23 13:10:54.910000+00:00,56.051156,160.603337,31.35,1.23,-0.827,2
2015-11-23 13:16:53.280000+00:00,56.048625,160.604134,31.27,0.97,-0.744,2
2015-11-23 13:20:43.940000+00:00,56.132703,160.45389,7.62,0.58,-0.542,2
2015-11-23 13:23:28.510000+00:00,56.050867,160.625326,30.79,0.72,-0.913,2
2015-11-23 13:24:30+00:00,56.055961,160.620296,32.81,1.28,-0.785,2
2015-11-23 13:27:18.090000+00:00,56.063265,160.550163,26.84,0.99,-0.601,2
2015-11-23 13:29:28.130000+00:00,56.053076,160.612191,31.02,1.96,-0.958,2
2015-11-23 13:31:03.710000+00:00,56.061707,160.612516,35.2,0.95,-0.655,2
2015-11-23 13:33:37.510000+00:00,56.050924,160.599626,30.42,1.1,-100.0,2
2015-11-23 13:36:59.150000+00:00,56.043534,160.599854,28.62,0.85,-0.645,2
2015-11-23 13:39:11.670000+00:00,56.055432,160.614193,32.61,1.1,-100.0,2
2015-11-23 13:42:05.600000+00:00,56.050191,160.605583,31.04,1.26,-0.686,2
2015-11-23 13:43:28.760000+00:00,56.058223,160.615186,34.47,1.06,-0.737,2
2015-11-23 13:53:43.720000+00:00,56.053479,160.611621,29.69,1.05,-0.618,2
2015-11-23 13:57:54.200000+00:00,56.063708,160.617725,35.59,1.01,-0.575,2
2015-11-23 14:00:58.170000+00:00,56.075814,160.623844,37.63,1.4,-0.722,2
2015-11-23 14:02:59.550000+00:00,56.05352,160.608431,33.32,1.01,-0.781,2
2015-11-23 14:11:02.260000+00:00,55.974052,160.697054,28.15,0.87,-100.0,2
2015-11-23 14:11:24.010000+00:00,56.053809,160.6104,32.68,1.06,-0.726,2
2015-11-23 14:14:10.930000+00:00,56.053389,160.615381,31.84,1.2,-100.0,2
2015-11-23 14:14:50.720000+00:00,56.051074,160.605192,31.01,1.28,-0.847,2
2015-11-23 14:18:41.940000+00:00,56.061849,160.61748,35.09,1.07,-0.682,2
2015-11-23 14:23:17.290000+00:00,56.060221,160.602897,31.29,1.18,-0.724,2
2015-11-23 14:24:21.480000+00:00,56.057153,160.625505,32.66,1.21,-0.924,2
2015-11-23 14:29:09.200000+00:00,56.064624,160.614469,33.15,1.1,-0.824,2
2015-11-23 14:34:46.850000+00:00,56.052486,160.607747,31.94,1.29,-0.631,2
2015-11-23 14:43:39.140000+00:00,56.058537,160.605908,33.01,1.13,-0.706,2
2015-11-23 14:44:31.080000+00:00,56.05625,160.608285,31.29,1.42,-0.815,2
2015-11-23 14:46:33.630000+00:00,56.049931,160.610352,32.42,1.1,-0.619,2
2015-11-23 14:54:56.990000+00:00,56.053121,160.603434,32.08,1.22,-0.714,2
2015-11-23 14:55:59.530000+00:00,56.051628,160.606331,31.71,1.34,-0.811,2
2015-11-23 14:57:19.220000+00:00,56.058521,160.623861,34.13,1.09,-0.602,2
2015-11-23 14:59:32.030000+00:00,56.058419,160.606429,34.09,0.95,-0.735,2
2015-11-23 15:00:19.430000+00:00,56.064624,160.622591,-0.79,0.74,-100.0,2
2015-11-23 15:04:39.990000+00:00,56.052401,160.601725,33.57,0.87,-100.0,2
2015-11-23 15:12:36.840000+00:00,56.069507,160.622217,35.71,1.2,-0.695,2
2015-11-23 15:13:03.800000+00:00,56.051001,160.603776,31.16,1.21,-0.811,2
2015-11-23 15:16:41.820000+00:00,56.070675,160.600814,36.73,1.14,-100.0,2
2015-11-23 15:22:20.630000+00:00,56.050362,160.615527,32.58,0.95,-100.0,2
2015-11-23 15:24:17.530000+00:00,56.043306,160.596794,30.11,0.9,-100.0,2
2015-11-23 15:25:46.160000+00:00,56.04869,160.604818,31.19,1.17,-0.737,2
2015-11-23 15:34:34.130000+00:00,56.056722,160.606722,32.67,1.47,-0.922,2
2015-11-23 15:36:56.090000+00:00,56.037976,160.607129,31.77,0.98,-100.0,2
2015-11-23 15:40:09.630000+00:00,56.060978,160.629248,36.42,1.32,-0.887,2
2015-11-23 15:42:03.420000+00:00,56.051168,160.603353,31.2,1.28,-1.017,2
2015-11-23 15:42:40.140000+00:00,56.057088,160.614193,32.88,1.03,-0.668,2
2015-11-23 15:48:23.870000+00:00,56.052246,160.597917,30.94,1.11,-100.0,2
2015-11-23 15:53:46+00:00,56.052885,160.605534,31.95,1.14,-0.719,2
2015-11-23 15:55:22.820000+00:00,56.05555,160.623112,32.49,1.07,-100.0,2
2015-11-23 16:00:33.410000+00:00,56.050427,160.604606,30.62,1.22,-0.723,2
2015-11-23 16:03:37.710000+00:00,56.053784,160.602555,30.76,1.06,-0.722,2
2015-11-23 16:11:20.050000+00:00,56.061674,160.623682,33.98,1.02,-0.756,2
2015-11-23 16:12:18.680000+00:00,56.070398,160.649756,40.61,1.09,-0.704,2
2015-11-23 16:17:51.950000+00:00,56.065222,160.60415,34.4,1.06,-100.0,2
2015-11-23 16:19:59.870000+00:00,56.050346,160.612419,31.63,1.22,-100.0,2
2015-11-23 16:28:01.770000+00:00,56.05282,160.612451,33.45,1.08,-100.0,2
2015-11-23 17:03:49.200000+00:00,56.065727,160.646224,37.38,1.14,-100.0,2
2015-11-23 17:17:54.560000+00:00,56.060795,160.621908,36.38,1.16,-100.0,2
2015-11-23 17:19:50.440000+00:00,56.069137,160.568327,41.17,1.15,-0.623,2
2015-11-23 17:22:23.440000+00:00,56.056596,160.618018,31.99,1.49,-0.78,2
2015-11-23 17:24:22.360000+00:00,56.055196,160.643652,31.8,1.11,-100.0,2
2015-11-23 17:35:26.360000+00:00,56.059359,160.621794,34.09,1.0,-0.758,2
2015-11-23 17:43:37.560000+00:00,56.064152,160.620378,34.25,0.93,-100.0,2
2015-11-23 17:49:54+00:00,56.06189,160.645231,33.56,0.67,-100.0,2
2015-11-23 17:50:56.480000+00:00,56.05424,160.605566,30.15,0.99,-100.0,2
2015-11-23 17:56:48.960000+00:00,56.052315,160.610856,33.09,0.98,-100.0,2
2015-11-23 18:00:43.720000+00:00,56.044128,160.599837,29.87,1.07,-0.716,2
2015-11-23 18:04:37.100000+00:00,56.053198,160.607178,32.33,0.97,-100.0,2
2015-11-23 18:09:42.660000+00:00,56.05839,160.618522,33.96,0.94,-100.0,2
2015-11-23 18:12:18.400000+00:00,56.053414,160.606787,31.11,1.06,-100.0,2
2015-11-23 18:13:41.620000+00:00,56.057267,160.623617,33.59,1.25,-100.0,2
2015-11-23 18:19:46.720000+00:00,56.050549,160.607194,34.44,1.12,-100.0,2
2015-11-23 18:29:53.400000+00:00,56.057149,160.612988,33.04,1.31,-0.631,2
2015-11-23 18:33:54.720000+00:00,56.059322,160.610173,34.15,1.4,-0.774,2
2015-11-23 18:36:35.080000+00:00,56.058167,160.625928,33.79,1.04,-0.689,2
2015-11-23 18:37:27.040000+00:00,56.052543,160.608545,30.8,1.33,-0.98,2
2015-11-23 18:41:57.600000+00:00,56.049483,160.609652,30.45,1.02,-0.9,2
2015-11-23 18:48:45.740000+00:00,56.050411,160.608659,29.94,1.16,-100.0,2
2015-11-23 18:53:18.080000+00:00,56.050203,160.60096,29.76,1.6,-0.753,2
2015-11-23 18:55:39.320000+00:00,56.047111,160.606755,30.15,0.97,-100.0,2
2015-11-23 18:56:42.720000+00:00,56.052889,160.606299,31.0,1.22,-100.0,2
2015-11-23 19:01:20.780000+00:00,56.080554,160.535059,27.07,1.05,-0.615,2
2015-11-23 19:06:03.880000+00:00,56.055957,160.609668,33.84,1.26,-0.739,2
2015-11-23 19:11:39.160000+00:00,56.053963,160.611654,32.44,1.14,-100.0,2
2015-11-23 19:19:51.040000+00:00,56.051892,160.606104,32.72,1.07,-100.0,2
2015-11-23 19:22:20.840000+00:00,56.056323,160.609245,32.02,1.15,-0.653,2
2015-11-23 19:25:14.460000+00:00,56.06318,160.628304,33.46,1.15,-0.661,2
2015-11-23 19:27:00.520000+00:00,56.055078,160.614339,31.98,1.05,-0.634,2
2015-11-23 19:31:09.960000+00:00,56.049524,160.607682,30.43,1.1,-0.66,2
2015-11-23 19:34:47.600000+00:00,56.0592,160.614535,32.5,0.98,-100.0,2
2015-11-23 19:37:45.360000+00:00,56.055037,160.612988,32.31,1.08,-0.718,2
2015-11-23 19:46:04.520000+00:00,56.046436,160.596794,28.45,1.15,-0.76,2
2015-11-23 19:51:21.760000+00:00,56.05516,160.611296,33.21,1.19,-0.767,2
2015-11-23 19:53:21.460000+00:00,56.053023,160.611963,32.96,1.08,-0.751,2
2015-11-23 19:58:54.720000+00:00,56.059245,160.610449,33.6,0.99,-100.0,2
2015-11-23 20:00:13.240000+00:00,56.062834,160.608903,35.95,0.97,-100.0,2
2015-11-23 20:03:28.600000+00:00,56.06158,160.61154,35.0,1.01,-100.0,2
2015-11-23 20:04:40.120000+00:00,56.05214,160.605339,31.15,1.11,-0.827,2
2015-11-23 20:08:31.640000+00:00,56.059521,160.619515,34.15,0.99,-100.0,2
2015-11-23 20:10:37.920000+00:00,56.054366,160.607292,32.26,1.16,-0.639,2
2015-11-23 20:14:11.320000+00:00,56.049622,160.602083,30.25,1.24,-0.538,2
2015-11-23 20:17:57.520000+00:00,56.065422,160.686849,15.04,0.81,-0.775,2
2015-11-23 20:19:06.520000+00:00,56.061796,160.605664,34.71,0.88,-100.0,2
2015-11-23 20:24:48.680000+00:00,56.044352,160.605778,32.24,1.01,-0.631,2
2015-11-23 20:28:15.800000+00:00,56.056787,160.601628,29.89,0.93,-100.0,2
2015-11-23 20:30:44.600000+00:00,56.051526,160.604248,30.53,0.99,-0.726,2
2015-11-23 20:38:25.440000+00:00,56.092948,160.629639,4.35,0.8,-100.0,2
2015-11-23 20:39:37.400000+00:00,56.090255,160.487402,27.6,0.84,-100.0,2
2015-11-23 20:40:58.760000+00:00,56.063184,160.623763,35.29,0.87,-100.0,2
2015-11-23 20:49:56.560000+00:00,56.054301,160.612744,32.92,1.04,-0.813,2
2015-11-23 20:53:19.800000+00:00,56.058126,160.612809,33.58,0.96,-0.698,2
2015-11-23 20:57:36.060000+00:00,56.054456,160.612516,33.25,0.97,-100.0,2
2015-11-23 21:09:19.040000+00:00,56.044942,160.597445,29.42,0.95,-100.0,2
2015-11-23 21:16:48.880000+00:00,56.051139,160.615495,29.85,0.93,-100.0,2
2015-11-23 21:18:55.500000+00:00,56.114132,160.506462,15.29,0.84,-100.0,2
2015-11-23 21:23:34.760000+00:00,56.053109,160.611768,30.99,1.05,-100.0,2
2015-11-23 21:31:41.240000+00:00,56.037972,160.600342,28.61,0.94,-100.0,2
2015-11-23 21:33:41.280000+00:00,56.053748,160.614551,34.36,1.19,-0.683,2
2015-11-23 21:51:55.380000+00:00,56.120056,160.464437,31.63,0.87,-100.0,2
2015-11-23 22:06:53.580000+00:00,56.045024,160.588184,24.55,0.85,-100.0,2
2015-11-23 22:21:26.600000+00:00,56.054012,160.621631,32.33,1.24,-0.843,2
2015-11-23 22:31:14.420000+00:00,56.049255,160.610026,30.89,0.96,-100.0,2
2015-11-23 22:38:40.800000+00:00,56.054415,160.616097,32.51,1.04,-0.676,2
2015-11-23 22:40:55.160000+00:00,56.056514,160.618571,34.2,1.04,-100.0,2
2015-11-23 22:55:09.700000+00:00,56.05459,160.603044,31.56,1.18,-0.673,2
2015-11-23 23:01:00.100000+00:00,56.050488,160.607943,30.27,1.22,-0.636,2
2015-11-23 23:08:43.360000+00:00,56.076689,160.637565,41.03,1.2,-100.0,2
2015-11-23 23:10:15.440000+00:00,56.026819,160.566325,22.63,0.94,-100.0,2
2015-11-23 23:10:47.880000+00:00,56.04668,160.589827,28.75,1.01,-100.0,2
2015-11-23 23:19:40.600000+00:00,56.04613,160.618457,32.22,1.04,-100.0,2
2015-11-23 23:21:51.200000+00:00,56.048218,160.606429,29.53,1.1,-0.725,2
2015-11-23 23:34:06.480000+00:00,56.062557,160.591634,26.75,0.92,-100.0,2
2015-11-23 23:38:41.300000+00:00,56.03997,160.6007,29.41,0.7,-100.0,2
2015-11-23 23:57:56.400000+00:00,56.052348,160.626546,31.32,0.93,-100.0,2
2015-11-24 00:01:46.360000+00:00,56.053166,160.602376,31.79,1.31,-0.842,2
2015-11-24 00:11:24+00:00,56.110933,160.555648,33.53,1.04,-100.0,2
2015-11-24 00:16:30.280000+00:00,56.053935,160.605046,31.12,1.16,-100.0,2
2015-11-24 00:18:54.840000+00:00,56.052356,160.563639,27.94,0.97,-100.0,2
2015-11-24 00:21:00.600000+00:00,56.04432,160.602458,28.44,1.04,-100.0,2
2015-11-24 00:45:12.680000+00:00,56.049007,160.60293,30.17,1.25,-0.652,2
2015-11-24 01:03:23.870000+00:00,56.048946,160.585433,34.34,0.34,-0.489,2
2015-11-24 01:08:27.520000+00:00,56.051127,160.601758,31.25,1.42,-0.869,2
2015-11-24 01:12:27.640000+00:00,56.124129,160.435238,-0.81,1.04,-100.0,2
2015-11-24 01:15:13.770000+00:00,56.152661,160.802702,22.59,1.5,-0.094,2
2015-11-24 01:24:01.300000+00:00,56.057817,160.604655,32.83,1.04,-0.503,2
2015-11-24 01:26:44.290000+00:00,56.052673,160.606364,32.78,1.16,-0.809,2
2015-11-24 01:54:54.840000+00:00,56.050488,160.592318,30.4,0.99,-100.0,2
2015-11-24 01:59:34.340000+00:00,56.052816,160.606624,30.51,1.05,-100.0,2
2015-11-24 02:03:43.500000+00:00,56.066976,160.606087,34.33,1.28,-0.739,2
2015-11-24 02:22:34.110000+00:00,56.063249,160.604997,36.01,0.68,-100.0,2
2015-11-24 02:24:57.420000+00:00,55.827641,160.383691,0.98,0.4,-100.0,2
2015-11-24 02:25:24.120000+00:00,55.829057,160.381201,1.02,1.01,-0.674,2
2015-11-24 02:29:30.040000+00:00,56.08289,160.596403,31.13,0.86,-100.0,2
2015-11-24 02:32:47.070000+00:00,55.831905,160.379964,0.12,0.68,-0.759,2
2015-11-24 02:35:58.260000+00:00,55.830973,160.381787,0.99,0.37,-0.911,2
2015-11-24 02:36:51.230000+00:00,55.838273,160.383268,-1.07,0.29,-100.0,2
2015-11-24 02:38:51.980000+00:00,56.055396,160.593587,31.03,1.05,-0.606,2
2015-11-24 02:47:54.070000+00:00,55.831079,160.381348,6.51,0.38,-0.546,2
2015-11-24 02:48:28.990000+00:00,56.048499,160.593262,28.32,0.98,-100.0,2
2015-11-24 02:56:35.700000+00:00,55.823267,160.375,2.45,0.37,-100.0,2
2015-11-24 03:04:20.260000+00:00,56.058297,160.60861,32.41,1.02,-100.0,2
2015-11-24 03:09:40.510000+00:00,55.835046,160.382943,10.2,0.21,-100.0,2
2015-11-24 03:10:05.780000+00:00,55.84672,160.358089,11.54,0.41,-100.0,2
2015-11-24 03:12:07.760000+00:00,55.838448,160.384603,10.9,0.57,-0.308,2
2015-11-24 03:13:08.730000+00:00,55.837345,160.385563,11.09,0.39,-0.462,2
2015-11-24 03:13:46.570000+00:00,55.836178,160.388802,11.51,0.63,-100.0,2
2015-11-24 03:14:43.360000+00:00,56.048161,160.607731,32.81,0.9,-100.0,2
2015-11-24 03:15:25.790000+00:00,55.838318,160.385807,12.63,0.2,-100.0,2
2015-11-24 03:16:22.060000+00:00,55.838867,160.390413,14.78,0.34,-100.0,2
2015-11-24 03:16:53.330000+00:00,56.145239,160.892676,28.82,1.36,-0.119,2
2015-11-24 03:29:16.190000+00:00,56.047034,160.596663,27.42,0.69,-100.0,2
2015-11-24 03:40:00.860000+00:00,56.041809,160.599544,26.64,1.15,-0.614,2
2015-11-24 03:42:54.740000+00:00,55.840959,160.379215,12.86,0.1,-100.0,2
2015-11-24 03:49:15.860000+00:00,55.832251,160.417871,17.7,0.37,-100.0,2
2015-11-24 04:00:31.050000+00:00,56.054891,160.600212,32.03,1.1,-0.399,2
2015-11-24 04:14:45.100000+00:00,56.020487,160.641406,23.23,0.9,-0.627,2
2015-11-24 04:15:23.780000+00:00,56.074426,160.616846,37.09,1.12,-0.784,2
2015-11-24 04:26:58.600000+00:00,56.050289,160.596826,28.13,1.02,-100.0,2
2015-11-24 04:27:55.620000+00:00,56.054049,160.60262,32.07,1.1,-0.632,2
2015-11-24 04:44:23.480000+00:00,56.090637,160.652327,36.2,1.2,-0.775,2
2015-11-24 04:50:24.460000+00:00,56.048539,160.596224,29.12,1.09,-0.592,2
2015-11-24 04:58:59.880000+00:00,55.733573,160.401123,9.08,0.45,-100.0,2
2015-11-24 05:07:56.850000+00:00,56.053133,160.603727,31.47,0.83,-100.0,2
2015-11-24 05:19:06.540000+00:00,56.066935,160.609163,34.81,0.87,-100.0,2
2015-11-24 05:23:01.480000+00:00,56.048783,160.597868,29.76,0.99,-0.457,2
2015-11-24 05:27:59.540000+00:00,56.12476,160.451497,9.26,0.67,-0.718,2
2015-11-24 05:35:45.800000+00:00,56.055489,160.603906,30.6,0.88,-100.0,2
2015-11-24 05:41:48.010000+00:00,56.048503,160.594157,28.77,0.91,-0.445,2
2015-11-24 05:49:43.870000+00:00,56.064941,160.592025,34.01,1.49,-0.798,2
2015-11-24 06:11:43.500000+00:00,56.046395,160.604053,31.81,0.67,-100.0,2
2015-11-24 06:15:37.370000+00:00,56.051054,160.603271,30.44,1.41,-0.904,2
2015-11-24 06:30:43.910000+00:00,56.052002,160.598437,31.29,1.1,-0.397,2
2015-11-24 06:38:08.910000+00:00,56.135881,160.446305,5.29,1.09,-0.911,2
2015-11-24 06:44:20.320000+00:00,56.06591,160.610303,37.32,0.98,-0.497,2
2015-11-24 06:51:42.670000+00:00,56.048263,160.603141,29.58,1.4,-0.905,2
2015-11-24 06:54:52.510000+00:00,55.982279,160.601628,21.59,0.8,-0.498,2
2015-11-24 06:56:07.970000+00:00,56.069149,160.557227,29.12,1.18,-0.709,2
2015-11-24 07:03:56.300000+00:00,56.05234,160.615462,32.38,1.21,-0.696,2
2015-11-24 07:18:00.770000+00:00,56.051046,160.597982,30.69,1.24,-0.512,2
2015-11-24 07:20:24.860000+00:00,56.050203,160.615218,32.44,1.25,-0.752,2
2015-11-24 07:31:29.020000+00:00,56.055766,160.597461,30.66,1.22,-0.573,2
2015-11-24 07:39:54.190000+00:00,56.059367,160.605762,32.93,1.04,-0.588,2
2015-11-24 07:40:18.810000+00:00,56.05988,160.531543,26.38,1.45,-0.578,2
2015-11-24 07:51:24+00:00,56.054631,160.604948,31.84,1.19,-0.822,2
2015-11-24 07:55:40.250000+00:00,56.047054,160.592204,28.24,1.06,-0.479,2
2015-11-24 08:03:59.950000+00:00,56.07019,160.488363,25.92,0.79,-0.543,2
2015-11-24 08:05:01.420000+00:00,56.051213,160.613167,31.61,1.1,-0.749,2
2015-11-24 08:08:45.430000+00:00,56.057552,160.578874,29.86,1.0,-100.0,2
2015-11-24 08:19:49.550000+00:00,56.097493,160.451481,0.45,0.44,-0.69,2
2015-11-24 08:22:39.460000+00:00,56.053341,160.604525,31.49,1.15,-0.713,2
2015-11-24 08:28:03+00:00,56.052791,160.595378,30.54,1.12,-0.556,2
2015-11-24 08:38:06.640000+00:00,56.051998,160.598307,30.66,1.04,-0.55,2
2015-11-24 08:39:49.040000+00:00,56.053223,160.610449,31.14,1.13,-0.718,2
2015-11-24 08:49:32.130000+00:00,56.051615,160.607894,31.12,1.28,-0.624,2
2015-11-24 08:58:24.640000+00:00,56.051807,160.616829,1.21,0.99,-0.804,2
2015-11-24 09:02:52.400000+00:00,56.051282,160.593441,29.22,1.05,-0.646,2
2015-11-24 09:11:18.320000+00:00,56.055522,160.603646,32.77,1.14,-0.556,2
2015-11-24 09:14:37.480000+00:00,56.059314,160.624235,4.82,1.4,-0.807,2
2015-11-24 09:24:32.980000+00:00,56.060974,160.611735,34.08,1.27,-0.706,2
2015-11-24 09:29:27.530000+00:00,56.04351,160.594629,27.04,0.86,-0.581,2
2015-11-24 09:32:49.290000+00:00,56.051416,160.611816,31.3,1.4,-0.797,2
2015-11-24 09:43:45.290000+00:00,56.059981,160.630778,33.88,1.11,-100.0,2
2015-11-24 09:52:30.060000+00:00,56.101689,160.73016,21.4,0.62,-0.605,2
2015-11-24 09:53:21.890000+00:00,56.051672,160.601644,31.12,0.79,-0.55,2
2015-11-24 09:59:37.550000+00:00,56.049866,160.60721,31.97,1.27,-0.986,2
2015-11-24 10:01:12.760000+00:00,56.053951,160.618294,30.36,0.98,-100.0,2
2015-11-24 10:05:06.340000+00:00,56.038936,160.599495,29.77,0.6,-100.0,2
2015-11-24 10:08:13.760000+00:00,56.050924,160.600732,31.91,1.04,-0.414,2
2015-11-24 10:10:05.800000+00:00,56.05376,160.611995,31.89,1.18,-0.774,2
2015-11-24 10:20:11.370000+00:00,56.055168,160.613818,32.82,1.07,-0.806,2
2015-11-24 10:28:20.650000+00:00,56.056848,160.60734,32.85,1.22,-0.807,2
2015-11-24 10:30:00.650000+00:00,56.02146,160.550212,29.14,0.94,-100.0,2
2015-11-24 10:32:34.590000+00:00,56.053015,160.605127,31.62,1.1,-0.753,2
2015-11-24 10:37:47.460000+00:00,56.049227,160.6,31.22,1.05,-0.568,2
2015-11-24 10:46:19.940000+00:00,56.044364,160.600814,30.98,1.15,-100.0,2
2015-11-24 10:53:42.780000+00:00,56.049536,160.595329,29.96,0.91,-0.479,2
2015-11-24 10:55:54.720000+00:00,56.054574,160.605892,31.5,1.27,-0.939,2
2015-11-24 11:01:18.380000+00:00,56.038208,160.58195,37.84,1.07,-100.0,2
2015-11-24 11:11:02.220000+00:00,56.052812,160.603467,31.76,1.06,-0.66,2
2015-11-24 11:15:49.650000+00:00,56.056262,160.608545,31.96,1.37,-0.689,2
2015-11-24 11:20:07.250000+00:00,56.051803,160.58667,31.01,0.81,-0.589,2
2015-11-24 11:25:24.070000+00:00,56.117476,160.324886,19.07,0.78,-100.0,2
2015-11-24 11:27:48.090000+00:00,56.049577,160.60153,30.96,1.08,-0.549,2
2015-11-24 11:37:18.970000+00:00,56.062056,160.604655,33.64,1.07,-0.538,2
2015-11-24 11:38:08.640000+00:00,56.048303,160.611914,32.72,1.35,-0.717,2
2015-11-24 11:41:44.840000+00:00,56.047388,160.618506,33.91,0.9,-0.799,2
2015-11-24 11:44:41.820000+00:00,56.050846,160.607585,31.07,0.99,-0.486,2
2015-11-24 11:53:12.910000+00:00,56.062838,160.606722,34.02,0.75,-0.519,2
2015-11-24 11:58:01.860000+00:00,56.057487,160.607194,33.11,1.21,-0.719,2
2015-11-24 12:02:50.220000+00:00,56.046956,160.591992,28.43,1.13,-0.563,2
2015-11-24 12:07:14.350000+00:00,56.066492,160.618148,38.42,0.92,-0.565,2
2015-11-24 12:15:34.210000+00:00,56.048051,160.604346,30.84,1.11,-0.558,2
2015-11-24 12:17:06.550000+00:00,56.057808,160.602604,36.17,1.26,-0.68,2
2015-11-24 12:22:39.580000+00:00,56.049487,160.60472,31.3,0.71,-0.503,2
2015-11-24 12:32:34.070000+00:00,56.043742,160.619303,31.24,1.35,-0.754,2
2015-11-24 12:40:47.770000+00:00,56.03348,160.642725,21.86,1.04,-100.0,2
2015-11-24 12:41:06.120000+00:00,56.043384,160.606917,26.8,1.53,-100.0,2
2015-11-24 12:41:42.380000+00:00,56.052218,160.607275,30.83,1.34,-0.755,2
2015-11-24 12:53:52.430000+00:00,56.061715,160.615788,34.42,1.22,-0.719,2
2015-11-24 12:53:55.640000+00:00,56.052055,160.600179,31.81,0.93,-0.719,2
2015-11-24 12:58:52.680000+00:00,56.051115,160.596224,30.96,1.07,-0.545,2
2015-11-24 13:00:49.770000+00:00,56.051721,160.610645,30.15,0.98,-0.731,2
2015-11-24 13:04:47.680000+00:00,56.054618,160.605322,34.53,0.91,-100.0,2
2015-11-24 13:09:11.410000+00:00,56.048958,160.600553,31.51,1.03,-0.602,2
2015-11-24 13:16:23.630000+00:00,56.054692,160.596419,31.66,1.07,-0.579,2
2015-11-24 13:19:03.290000+00:00,56.055086,160.607617,32.69,1.18,-0.737,2
2015-11-24 13:28:01.810000+00:00,55.524129,160.310417,16.77,2.58,-1.265,2
2015-11-24 13:32:16.630000+00:00,56.049927,160.606478,32.27,1.22,-100.0,2
2015-11-24 13:37:26.080000+00:00,56.058126,160.619971,32.6,1.0,-0.715,2
2015-11-24 13:43:06.510000+00:00,56.052873,160.59668,29.9,0.83,-0.498,2
2015-11-24 13:54:19.180000+00:00,56.05505,160.607357,31.22,1.21,-0.853,2
2015-11-24 14:05:23.620000+00:00,56.053426,160.596289,30.78,1.14,-0.541,2
2015-11-24 14:10:25.570000+00:00,56.054395,160.611344,31.17,1.26,-0.833,2
2015-11-24 14:23:51.980000+00:00,56.05142,160.604215,33.03,1.05,-0.68,2
2015-11-24 14:25:09.840000+00:00,56.07404,160.599089,30.56,0.7,-100.0,2
2015-11-24 14:30:21.660000+00:00,56.059436,160.60599,35.74,1.24,-0.789,2
2015-11-24 14:33:56.060000+00:00,56.054606,160.601058,32.89,1.1,-0.542,2
2015-11-24 14:44:07.160000+00:00,56.059281,160.6104,33.23,0.91,-100.0,2
2015-11-24 14:51:47.790000+00:00,56.047156,160.592139,30.47,0.93,-0.548,2
2015-11-24 14:53:33.030000+00:00,56.054806,160.611963,32.37,1.3,-0.837,2
2015-11-24 14:59:22.100000+00:00,56.047823,160.59209,30.61,0.89,-0.562,2
2015-11-24 15:03:47.540000+00:00,56.051249,160.5979,29.98,0.99,-0.562,2
2015-11-24 15:08:50.890000+00:00,56.064156,160.613704,36.0,1.11,-0.665,2
2015-11-24 15:13:50.410000+00:00,56.131921,160.452669,8.24,0.11,-100.0,2
2015-11-24 15:16:21.130000+00:00,56.04908,160.59082,29.44,0.97,-0.447,2
2015-11-24 15:17:44.360000+00:00,56.057365,160.618099,33.18,0.75,-0.777,2
2015-11-24 15:27:27.220000+00:00,55.98092,160.731136,13.51,0.58,-0.531,2
2015-11-24 15:37:55.240000+00:00,56.059493,160.602897,32.61,1.0,-0.524,2
2015-11-24 15:44:25.090000+00:00,56.046619,160.606673,30.07,1.26,-0.822,2
2015-11-24 16:00:22.750000+00:00,56.059611,160.598828,33.22,0.95,-100.0,2
2015-11-24 16:12:33.130000+00:00,56.060758,160.604801,33.76,0.9,-0.496,2
2015-11-24 16:23:24.660000+00:00,56.058846,160.602523,33.02,0.88,-0.546,2
2015-11-24 16:42:25.700000+00:00,56.054586,160.610449,0.54,0.72,-0.482,2
2015-11-24 16:47:01.110000+00:00,56.055941,160.612728,33.66,1.21,-0.72,2
2015-11-24 16:52:13.880000+00:00,56.055164,160.610189,34.09,1.04,-0.536,2
2015-11-24 17:00:36.760000+00:00,56.056799,160.608757,34.25,0.99,-0.667,2
2015-11-24 17:01:38.520000+00:00,55.842721,160.604443,35.77,0.99,-100.0,2
2015-11-24 17:09:53.840000+00:00,56.056856,160.602751,32.28,1.14,-0.508,2
2015-11-24 17:21:16.820000+00:00,56.049687,160.597689,30.12,0.97,-0.556,2
2015-11-24 17:22:01+00:00,56.030973,160.678841,24.31,1.14,-0.726,2
2015-11-24 17:35:40.780000+00:00,56.046057,160.598584,27.9,1.19,-0.611,2
2015-11-24 17:45:27.040000+00:00,56.053992,160.601497,34.16,0.84,-0.52,2
2015-11-24 17:56:43.580000+00:00,56.04598,160.600814,30.91,0.89,-0.553,2
2015-11-24 18:06:59.640000+00:00,56.055538,160.604997,30.23,0.84,-0.52,2
2015-11-24 18:08:47.120000+00:00,56.063452,160.619531,31.06,1.07,-0.626,2
2015-11-24 18:16:27.280000+00:00,56.048576,160.601921,28.86,1.18,-0.528,2
2015-11-24 18:27:07.920000+00:00,56.053101,160.601107,32.16,0.89,-0.59,2
2015-11-24 18:27:57.960000+00:00,56.057039,160.613851,33.1,1.17,-0.875,2
2015-11-24 18:38:59.960000+00:00,56.053324,160.597754,30.82,0.85,-0.539,2
2015-11-24 18:44:11.860000+00:00,56.066146,160.615462,40.11,0.69,-0.6,2
2015-11-24 18:49:39.360000+00:00,56.052197,160.595931,31.38,0.93,-0.521,2
2015-11-24 18:54:43.640000+00:00,56.05365,160.605697,30.8,0.81,-0.784,2
2015-11-24 18:56:03.400000+00:00,56.062952,160.605778,34.16,0.64,-100.0,2
2015-11-24 19:01:12.900000+00:00,56.05461,160.611621,31.47,1.0,-0.827,2
2015-11-24 19:08:32.180000+00:00,56.052714,160.597412,30.37,0.92,-0.64,2
2015-11-24 19:18:53.080000+00:00,56.049817,160.608447,31.0,0.85,-100.0,2
2015-11-24 19:19:25.520000+00:00,55.982825,160.510758,9.68,0.92,-0.789,2
2015-11-24 19:30:08.840000+00:00,56.055098,160.608757,33.74,1.0,-0.624,2
2015-11-24 19:37:24.200000+00:00,56.049939,160.593848,29.5,0.77,-0.521,2
2015-11-24 19:47:03.720000+00:00,56.045825,160.605062,30.16,0.91,-0.634,2
2015-11-24 19:50:30.020000+00:00,56.139111,160.454297,4.73,0.96,-100.0,2
2015-11-24 19:56:56.140000+00:00,56.049919,160.594987,30.22,1.1,-0.442,2
2015-11-24 20:21:27.640000+00:00,56.05623,160.600928,32.9,1.0,-0.582,2
2015-11-24 20:33:48.040000+00:00,56.047864,160.599854,30.61,0.88,-0.578,2
2015-11-24 20:39:10.200000+00:00,55.827816,160.382633,0.14,0.52,-100.0,2
2015-11-24 20:42:13.160000+00:00,56.058044,160.59738,31.53,0.76,-0.546,2
2015-11-24 20:50:46.080000+00:00,55.702299,160.433903,12.5,0.26,-100.0,2
2015-11-24 20:51:02.640000+00:00,56.051457,160.598242,30.49,1.14,-0.656,2
2015-11-24 20:55:19.640000+00:00,56.07002,160.643392,41.56,0.65,-100.0,2
2015-11-24 21:00:23.040000+00:00,56.053625,160.599316,30.28,0.84,-0.687,2
2015-11-24 21:10:16.080000+00:00,56.048104,160.60625,27.65,1.06,-0.5,2
2015-11-24 21:21:57.320000+00:00,56.050464,160.603239,30.94,1.01,-0.589,2
2015-11-24 21:25:51.320000+00:00,55.509326,160.53859,26.31,1.24,-100.0,2
2015-11-24 21:29:21.760000+00:00,56.126595,160.736019,26.84,0.97,-0.434,2
2015-11-24 21:30:47.080000+00:00,56.052364,160.597201,31.64,0.95,-0.545,2
2015-11-24 21:38:03.200000+00:00,56.065348,160.634359,35.27,1.14,-100.0,2
2015-11-24 21:39:09.720000+00:00,56.048987,160.606527,31.92,1.02,-0.73,2
2015-11-24 21:47:34.840000+00:00,56.057129,160.604134,32.94,1.07,-0.541,2
2015-11-24 21:56:54.820000+00:00,56.051506,160.598112,30.74,0.85,-0.662,2
2015-11-24 22:04:15.280000+00:00,56.0493,160.589958,27.57,1.29,-0.924,2
2015-11-24 22:08:11.400000+00:00,56.052507,160.598063,30.02,1.01,-0.566,2
2015-11-24 22:17:41.080000+00:00,56.059359,160.60236,33.8,0.96,-0.57,2
2015-11-24 22:28:57.720000+00:00,56.052055,160.600114,31.74,1.05,-0.599,2
2015-11-24 22:39:40.960000+00:00,56.041772,160.592985,25.23,0.74,-0.6,2
2015-11-24 22:49:21.800000+00:00,56.05273,160.595117,31.04,0.98,-0.497,2
2015-11-24 22:59:00.460000+00:00,56.053101,160.602197,31.89,0.97,-0.559,2
2015-11-24 23:03:12.760000+00:00,55.80448,160.387712,39.46,2.34,-1.166,2
2015-11-24 23:08:25.080000+00:00,55.799674,160.392806,37.59,2.34,-1.117,2
2015-11-24 23:27:01.040000+00:00,56.058919,160.609049,34.02,0.93,-100.0,2
2015-11-24 23:36:32.060000+00:00,56.060071,160.599349,32.93,1.04,-0.528,2
2015-11-24 23:45:41.960000+00:00,56.055676,160.601937,33.16,1.08,-0.56,2
2015-11-24 23:53:26.500000+00:00,56.050289,160.601188,30.77,1.37,-0.749,2
2015-11-24 23:55:42.180000+00:00,56.109375,160.487109,12.34,0.93,-100.0,2
2015-11-24 23:56:20.520000+00:00,56.053723,160.592904,30.51,0.88,-0.562,2
2015-11-25 00:05:48.240000+00:00,56.050106,160.596175,30.55,1.06,-0.533,1
2015-11-25 00:16:43.070000+00:00,56.049984,160.596468,30.2,1.03,-0.475,1
2015-11-25 00:20:59.950000+00:00,56.041357,160.62111,27.57,1.04,-0.678,1
2015-11-25 00:25:03.980000+00:00,56.051522,160.597412,31.62,1.04,-0.488,1
2015-11-25 00:34:52.060000+00:00,56.053072,160.604541,30.5,0.93,-0.602,1
2015-11-25 00:39:54.780000+00:00,56.056958,160.605778,34.8,0.99,-100.0,1
2015-11-25 00:45:06.120000+00:00,56.051042,160.598779,30.56,0.98,-0.435,1
2015-11-25 00:53:58.740000+00:00,56.200989,160.717887,33.71,1.14,-0.708,1
2015-11-25 00:58:06.220000+00:00,56.048132,160.586816,31.19,0.8,-0.815,1
2015-11-25 01:00:48.470000+00:00,56.027144,160.295605,33.74,1.1,-0.61,1
2015-11-25 01:12:25.460000+00:00,56.058809,160.609831,34.47,0.95,-0.394,1
2015-11-25 01:18:11.820000+00:00,56.050073,160.613786,30.71,0.92,-100.0,1
2015-11-25 01:21:07.870000+00:00,56.060498,160.610726,35.92,0.91,-0.593,1
2015-11-25 01:30:02.450000+00:00,56.065137,160.605892,36.4,0.9,-0.602,1
2015-11-25 01:36:51.090000+00:00,56.054313,160.595459,28.98,0.68,-100.0,1
2015-11-25 01:38:58.320000+00:00,56.050212,160.585026,26.78,0.66,-100.0,1
2015-11-25 01:49:24.340000+00:00,56.048238,160.597412,29.32,0.92,-0.468,1
2015-11-25 01:50:44.030000+00:00,56.127063,160.455176,8.01,0.84,-100.0,1
2015-11-25 01:58:50.970000+00:00,56.054895,160.606852,34.26,1.18,-0.648,1
2015-11-25 02:06:31.930000+00:00,56.097758,160.545199,15.5,1.0,-0.15,1
2015-11-25 02:08:41.190000+00:00,56.050439,160.606771,31.69,1.01,-0.555,1
2015-11-25 02:11:35.690000+00:00,56.049227,160.608008,30.79,1.06,-0.65,1
2015-11-25 02:28:19.130000+00:00,56.057414,160.611279,35.15,1.07,-0.613,1
2015-11-25 02:35:44.060000+00:00,56.138131,160.86154,22.95,1.05,-0.209,1
2015-11-25 02:40:18.720000+00:00,55.803837,160.315072,15.55,0.65,-0.297,1
2015-11-25 02:45:48.480000+00:00,56.064555,160.611507,38.43,0.95,-0.678,1
2015-11-25 02:53:25.170000+00:00,56.046667,160.592952,27.26,1.0,-0.494,1
2015-11-25 03:02:25.530000+00:00,56.049536,160.594287,27.61,1.02,-0.635,1
2015-11-25 03:09:37.430000+00:00,56.058488,160.597542,33.23,1.0,-100.0,1
2015-11-25 03:11:31.550000+00:00,56.053955,160.607796,30.97,0.8,-0.497,1
2015-11-25 03:20:29.440000+00:00,56.047738,160.600114,31.64,1.35,-0.853,1
2015-11-25 03:29:53.700000+00:00,56.062817,160.613688,38.71,0.86,-0.57,1
2015-11-25 03:38:39.230000+00:00,56.051807,160.597412,30.49,1.04,-0.609,1
2015-11-25 03:52:07.650000+00:00,56.052494,160.593815,31.87,0.87,-100.0,1
2015-11-25 03:59:52.390000+00:00,55.815218,160.357031,0.3,0.67,-0.241,1
2015-11-25 04:09:20.370000+00:00,55.828833,160.38265,-2.13,0.49,-0.412,1
2015-11-25 04:11:50.200000+00:00,56.052352,160.600537,29.51,0.76,-0.547,1
2015-11-25 04:28:11.610000+00:00,56.052466,160.605664,33.15,0.82,-0.488,1
2015-11-25 04:29:06.940000+00:00,56.055868,160.61958,30.95,0.92,-100.0,1
2015-11-25 04:43:54.170000+00:00,56.05566,160.599902,32.36,0.76,-100.0,1
2015-11-25 04:49:32.550000+00:00,56.043518,160.611182,2.63,0.24,-0.533,1
2015-11-25 04:50:01.780000+00:00,56.050834,160.596045,28.95,1.36,-0.908,1
2015-11-25 04:57:54.860000+00:00,56.050749,160.599723,28.98,1.44,-0.504,1
2015-11-25 05:03:05.990000+00:00,55.837195,160.385921,-0.04,0.2,-100.0,1
2015-11-25 05:07:17.080000+00:00,56.053564,160.600749,31.33,1.15,-0.543,1
2015-11-25 05:27:17.500000+00:00,56.047156,160.61097,31.61,0.69,-100.0,1
2015-11-25 05:40:18.220000+00:00,56.051701,160.601074,30.77,1.03,-0.511,1
2015-11-25 05:50:14.950000+00:00,56.055554,160.600098,32.04,0.9,-0.588,1
2015-11-25 05:56:53.410000+00:00,56.047196,160.59764,31.14,0.9,-0.57,1
2015-11-25 06:05:35.860000+00:00,56.051375,160.602734,31.07,1.36,-0.912,1
2015-11-25 06:13:52.150000+00:00,56.060168,160.604997,35.33,1.03,-0.431,1
2015-11-25 06:23:35.450000+00:00,56.049992,160.600407,31.05,1.07,-0.623,1
2015-11-25 06:27:57.260000+00:00,55.86193,160.803662,1.48,1.02,-100.0,1
2015-11-25 06:32:41.900000+00:00,56.053422,160.606657,30.88,0.66,-0.556,1
2015-11-25 06:40:07.690000+00:00,56.055603,160.590267,28.16,0.85,-100.0,1
2015-11-25 06:41:24.240000+00:00,56.053874,160.60223,32.42,1.0,-0.536,1
2015-11-25 07:07:20.530000+00:00,56.048747,160.601742,29.92,0.87,-0.752,1
2015-11-25 07:16:19.030000+00:00,56.057422,160.600667,31.21,1.04,-0.4,1
2015-11-25 07:24:09.730000+00:00,55.70498,160.439307,9.92,1.72,-0.229,1
2015-11-25 07:25:38.190000+00:00,56.053133,160.602246,29.08,0.82,-0.664,1
2015-11-25 07:38:29.490000+00:00,56.050326,160.597038,29.37,0.97,-0.685,1
2015-11-25 07:41:14.800000+00:00,56.053178,160.602148,29.83,0.98,-100.0,1
2015-11-25 07:48:26.620000+00:00,56.05328,160.596126,29.32,0.81,-0.578,1
2015-11-25 07:58:15.770000+00:00,56.062325,160.608187,32.27,0.68,-0.679,1
2015-11-25 08:02:13.420000+00:00,55.765824,160.39751,16.59,0.95,-0.645,1
2015-11-25 08:10:07.360000+00:00,56.211064,160.425537,20.42,0.57,-100.0,1
2015-11-25 08:12:42.280000+00:00,55.99351,160.627035,14.85,0.52,-100.0,1
2015-11-25 08:14:52.940000+00:00,56.04755,160.629704,20.09,0.57,-0.518,1
2015-11-25 08:23:48.020000+00:00,56.058643,160.591048,43.87,1.01,-0.587,1
2015-11-25 08:28:36.580000+00:00,56.069336,160.607764,36.49,0.84,-100.0,1
2015-11-25 08:36:07.140000+00:00,55.814164,160.597184,36.65,1.0,-100.0,1
2015-11-25 09:25:34.190000+00:00,56.063155,160.53374,25.97,0.81,-0.222,1
2015-11-25 09:36:51.800000+00:00,56.037817,160.635693,31.7,0.91,-100.0,1
2015-11-25 09:52:32.230000+00:00,56.043937,160.598226,27.64,1.21,-0.84,1
2015-11-25 10:01:59.600000+00:00,56.061625,160.60848,34.15,0.78,-0.59,1
2015-11-25 10:24:48.420000+00:00,56.056612,160.616357,35.29,0.73,-0.586,1
2015-11-25 10:52:15.870000+00:00,56.052181,160.601904,31.8,1.13,-0.616,1
2015-11-25 10:56:20.650000+00:00,56.047774,160.601139,28.06,0.81,-100.0,1
2015-11-25 11:31:16.090000+00:00,56.049015,160.596452,29.72,1.16,-0.566,1
2015-11-25 12:09:42.060000+00:00,56.056685,160.604118,33.27,1.0,-0.612,1
2015-11-25 12:13:51.270000+00:00,56.106885,160.535612,8.42,0.89,-100.0,1
2015-11-25 12:22:28.140000+00:00,56.049674,160.608008,33.92,0.92,-100.0,1
2015-11-25 12:35:55+00:00,56.050643,160.606462,32.98,0.95,-0.709,1
2015-11-25 12:56:45.660000+00:00,56.053011,160.596647,31.15,1.04,-0.666,1
2015-11-25 13:07:55.800000+00:00,56.048149,160.604053,31.83,0.7,-100.0,1
2015-11-25 13:13:22.350000+00:00,56.044661,160.596875,27.66,0.71,-0.609,1
2015-11-25 13:14:52.300000+00:00,56.10979,160.466227,0.79,0.2,-100.0,1
2015-11-25 13:22:28.300000+00:00,56.058081,160.607422,27.33,0.84,-100.0,1
2015-11-25 13:33:11.360000+00:00,56.046708,160.590218,30.21,0.78,-0.829,1
2015-11-25 13:43:24.840000+00:00,56.05623,160.601742,32.3,0.76,-100.0,1
2015-11-25 13:49:42.320000+00:00,56.045536,160.606348,29.74,0.76,-100.0,1
2015-11-25 13:53:10.590000+00:00,56.052433,160.601709,31.42,1.01,-0.565,1
2015-11-25 14:08:22.920000+00:00,56.049593,160.598877,26.86,0.7,-0.782,1
2015-11-25 14:09:53.050000+00:00,56.050199,160.598991,30.1,1.03,-0.441,1
2015-11-25 14:22:38.190000+00:00,56.056514,160.611117,32.97,0.95,-100.0,1
2015-11-25 14:56:11.460000+00:00,56.103743,160.458252,1.43,0.68,-100.0,1
2015-11-25 14:57:40.270000+00:00,56.05175,160.595898,30.77,1.16,-0.672,1
2015-11-25 15:26:45.440000+00:00,56.048299,160.596012,29.1,1.12,-0.692,1
2015-11-25 15:36:01+00:00,56.05931,160.594043,32.2,0.69,-0.5,1
2015-11-25 15:39:43.770000+00:00,56.054688,160.608691,33.18,1.08,-0.419,1
2015-11-25 15:44:30.980000+00:00,56.041174,160.59904,28.27,0.82,-100.0,1
2015-11-25 15:55:58.170000+00:00,56.052189,160.598096,30.73,1.01,-0.636,1
2015-11-25 16:12:47.200000+00:00,56.049272,160.595768,29.08,0.98,-0.677,1
2015-11-25 16:19:38+00:00,56.049963,160.594027,27.65,0.74,-100.0,1
2015-11-25 16:22:47.510000+00:00,56.037109,160.602295,29.47,0.87,-100.0,1
2015-11-25 16:51:02.050000+00:00,55.814966,160.373698,-0.24,0.57,-100.0,1
2015-11-25 17:09:11.640000+00:00,56.049654,160.597314,29.89,1.03,-0.555,1
2015-11-25 17:14:52.880000+00:00,55.727511,160.461133,11.16,0.79,-0.139,1
2015-11-25 17:21:14.120000+00:00,56.048027,160.598877,29.98,1.11,-0.473,1
2015-11-25 17:30:36.160000+00:00,56.051013,160.598128,28.25,1.06,-0.574,1
2015-11-25 17:46:04.080000+00:00,56.04965,160.599268,30.03,1.35,-0.79,1
2015-11-25 17:49:23.600000+00:00,56.065336,160.595068,34.78,0.87,-0.735,1
2015-11-25 18:08:52.040000+00:00,56.050301,160.61154,31.59,1.05,-0.686,1
2015-11-25 18:31:25.280000+00:00,56.056209,160.60752,34.18,1.13,-0.598,1
2015-11-25 18:49:30.280000+00:00,56.157955,160.392741,11.97,0.41,-100.0,1
2015-11-25 18:50:27.080000+00:00,56.049833,160.604362,30.84,0.95,-0.726,1
2015-11-25 18:53:14.200000+00:00,56.05413,160.610661,33.95,1.01,-100.0,1
2015-11-25 19:34:55.680000+00:00,56.049858,160.600293,30.22,1.0,-0.535,1
2015-11-25 20:23:25.540000+00:00,55.869503,160.793929,1.12,0.89,-100.0,1
2015-11-25 20:28:04.040000+00:00,56.081531,160.578239,27.04,0.79,-100.0,1
2015-11-25 20:41:32.800000+00:00,56.05109,160.599821,30.91,0.99,-0.633,1
2015-11-25 20:46:26.140000+00:00,55.837288,160.450081,9.7,0.54,-100.0,1
2015-11-25 21:01:32.320000+00:00,56.047847,160.608008,31.41,0.9,-100.0,1
2015-11-25 21:09:40.040000+00:00,56.054781,160.604997,33.11,1.04,-0.785,1
2015-11-25 21:54:18.260000+00:00,56.052368,160.603027,31.85,1.17,-0.638,1
2015-11-25 22:02:18.020000+00:00,56.204464,160.86429,24.48,1.21,-100.0,1
2015-11-25 22:23:04.440000+00:00,55.825513,160.377995,2.46,0.21,-0.349,1
2015-11-25 22:24:12.960000+00:00,56.05352,160.600391,32.07,1.04,-0.577,1
2015-11-25 22:25:17.720000+00:00,55.80675,160.384554,5.17,0.28,-100.0,1
2015-11-25 22:41:19.280000+00:00,56.113472,160.467187,0.03,0.42,-100.0,1
2015-11-25 22:52:10.200000+00:00,56.052059,160.605599,31.0,0.94,-0.643,1
2015-11-25 23:24:56.780000+00:00,56.052169,160.602132,30.42,1.03,-0.44,1
2015-11-25 23:36:27.600000+00:00,56.047432,160.604769,26.14,0.93,-100.0,1
2015-11-25 23:53:52.160000+00:00,56.064449,160.61084,36.36,1.11,-0.503,1
2015-11-26 00:00:39.680000+00:00,56.067037,160.732308,27.32,1.14,-100.0,2
2015-11-26 00:01:33.610000+00:00,56.055745,160.608057,33.44,0.76,-100.0,2
2015-11-26 00:07:45.460000+00:00,56.055326,160.595964,30.93,0.85,-100.0,2
2015-11-26 00:21:35.270000+00:00,56.051823,160.604525,33.35,0.79,-0.488,2
2015-11-26 00:28:04.640000+00:00,56.053105,160.637988,15.15,1.02,-100.0,2
2015-11-26 00:31:50.460000+00:00,56.142265,160.611572,15.97,0.95,-100.0,2
2015-11-26 00:37:16.080000+00:00,56.052279,160.593278,31.02,1.27,-0.55,2
2015-11-26 00:40:18.030000+00:00,56.049101,160.6021,30.45,1.06,-0.428,2
2015-11-26 00:43:04.680000+00:00,55.70872,160.38291,12.58,0.75,-100.0,2
2015-11-26 01:00:41.810000+00:00,56.049227,160.602588,30.33,1.01,-0.607,2
2015-11-26 01:02:56.240000+00:00,55.828723,160.378385,-0.36,0.72,-0.792,2
2015-11-26 01:03:20.370000+00:00,56.04845,160.598112,29.45,0.94,-0.59,2
2015-11-26 01:05:32.470000+00:00,56.057129,160.603044,36.77,0.93,-100.0,2
2015-11-26 01:06:34.200000+00:00,56.090597,160.555973,28.0,1.4,-100.0,2
2015-11-26 01:09:12.140000+00:00,55.66401,160.406413,12.73,0.41,-100.0,2
2015-11-26 01:19:06.640000+00:00,56.069397,160.63055,4.57,0.61,-100.0,2
2015-11-26 01:20:33.100000+00:00,56.053206,160.606055,31.84,1.05,-0.568,2
2015-11-26 01:22:50.690000+00:00,56.058553,160.606136,33.47,0.99,-100.0,2
2015-11-26 01:26:19.840000+00:00,56.061739,160.621143,-1.2,0.85,-100.0,2
2015-11-26 01:44:12.480000+00:00,56.049915,160.599186,31.81,1.03,-0.544,2
2015-11-26 01:45:44.140000+00:00,56.117155,160.565169,33.49,0.7,-100.0,2
2015-11-26 01:46:26.310000+00:00,56.068014,160.629346,4.98,0.57,-100.0,2
2015-11-26 01:50:22.230000+00:00,56.063139,160.623047,-1.23,0.87,-0.278,2
2015-11-26 01:51:54.910000+00:00,56.064189,160.629215,-1.32,0.8,-100.0,2
2015-11-26 01:56:37.100000+00:00,56.056722,160.595573,30.98,1.08,-0.528,2
2015-11-26 02:00:58.570000+00:00,56.052958,160.60861,31.67,1.01,-0.475,2
2015-11-26 02:02:26.620000+00:00,56.120207,160.648438,4.36,0.81,-100.0,2
2015-11-26 02:08:44.320000+00:00,56.052498,160.6104,27.66,0.69,-100.0,2
2015-11-26 02:09:37.130000+00:00,56.057308,160.613216,34.6,1.02,-0.534,2
2015-11-26 02:12:46.220000+00:00,56.057137,160.619124,36.75,0.57,-100.0,2
2015-11-26 02:20:58.870000+00:00,56.051558,160.600146,31.91,1.04,-0.64,2
2015-11-26 02:34:07.800000+00:00,56.048751,160.562842,34.81,0.63,-100.0,2
2015-11-26 02:43:38.800000+00:00,56.062826,160.611702,0.36,0.96,-0.511,2
2015-11-26 02:50:07.910000+00:00,56.032723,160.623242,31.41,0.73,-100.0,2
2015-11-26 02:53:24.210000+00:00,56.062252,160.651286,38.08,1.27,-0.884,2
2015-11-26 03:00:21.810000+00:00,55.605575,160.53016,27.96,1.18,-100.0,2
2015-11-26 03:06:53.120000+00:00,56.055595,160.605192,33.41,0.96,-0.542,2
2015-11-26 03:08:56.280000+00:00,56.048153,160.598584,30.68,0.66,-100.0,2
2015-11-26 03:11:21.010000+00:00,56.056108,160.612174,34.76,0.78,-100.0,2
2015-11-26 03:11:57.300000+00:00,56.059049,160.608171,34.22,0.83,-100.0,2
2015-11-26 03:12:39.400000+00:00,56.05343,160.60931,31.82,0.75,-0.458,2
2015-11-26 03:16:19.480000+00:00,56.070662,160.591325,33.57,0.79,-100.0,2
2015-11-26 03:17:01.540000+00:00,56.052983,160.598307,31.45,0.71,-100.0,2
2015-11-26 03:17:34.110000+00:00,56.052901,160.606006,33.2,0.42,-100.0,2
2015-11-26 03:18:06.350000+00:00,56.054875,160.600586,32.28,0.94,-0.387,2
2015-11-26 03:18:31.540000+00:00,56.051624,160.600635,29.67,0.99,-100.0,2
2015-11-26 03:20:54.530000+00:00,56.06005,160.614795,33.63,0.83,-0.534,2
2015-11-26 03:26:24.560000+00:00,56.076388,160.609196,36.62,0.84,-100.0,2
2015-11-26 03:27:12.900000+00:00,56.057959,160.614567,34.53,0.65,-100.0,2
2015-11-26 03:27:56.300000+00:00,56.070487,160.629997,5.37,0.59,-100.0,2
2015-11-26 03:30:03.300000+00:00,56.052669,160.611849,33.67,0.85,-100.0,2
2015-11-26 03:33:18.900000+00:00,56.050041,160.603581,31.38,0.73,-100.0,2
2015-11-26 03:37:09.010000+00:00,56.033358,160.594368,25.92,0.79,-0.507,2
2015-11-26 03:39:42.590000+00:00,56.049988,160.612028,33.78,1.01,-100.0,2
2015-11-26 03:42:38.200000+00:00,56.063607,160.625635,-1.17,0.74,-0.475,2
2015-11-26 03:43:16.650000+00:00,56.051388,160.597754,32.14,0.92,-0.409,2
2015-11-26 03:48:07.770000+00:00,56.109989,160.489583,31.24,0.89,-0.302,2
2015-11-26 04:00:35.500000+00:00,56.047209,160.588428,28.4,0.74,-0.412,2
2015-11-26 04:02:08.750000+00:00,56.051172,160.592952,32.24,0.94,-100.0,2
2015-11-26 04:03:23.100000+00:00,56.051318,160.620785,34.86,0.88,-0.517,2
2015-11-26 04:04:23.770000+00:00,56.131364,160.610075,6.45,0.67,-100.0,2
2015-11-26 04:04:58.360000+00:00,56.049874,160.596696,29.94,0.92,-100.0,2
2015-11-26 04:05:36.510000+00:00,56.067607,160.610596,35.04,0.8,-100.0,2
2015-11-26 04:07:36.680000+00:00,56.051339,160.613851,32.64,0.66,-100.0,2
2015-11-26 04:08:27.370000+00:00,56.039815,160.61154,26.89,0.83,-0.476,2
2015-11-26 04:10:20.730000+00:00,56.055188,160.596794,32.34,0.89,-0.551,2
2015-11-26 04:10:54.850000+00:00,56.052946,160.605973,33.04,0.83,-100.0,2
2015-11-26 04:12:56.020000+00:00,56.054138,160.595182,33.34,0.89,-0.45,2
2015-11-26 04:13:26.390000+00:00,56.041154,160.596533,27.14,0.82,-100.0,2
2015-11-26 04:13:47.570000+00:00,56.035022,160.620264,24.62,0.83,-0.625,2
2015-11-26 04:14:08.130000+00:00,56.057739,160.604736,31.72,0.82,-100.0,2
2015-11-26 04:14:35.800000+00:00,56.026742,160.630029,42.6,1.02,-0.279,2
2015-11-26 04:17:03.080000+00:00,56.051489,160.601237,32.03,1.03,-0.682,2
2015-11-26 04:18:32.400000+00:00,56.047782,160.60363,31.34,0.87,-100.0,2
2015-11-26 04:19:40.570000+00:00,56.045829,160.619092,34.08,1.08,-0.406,2
2015-11-26 04:20:25.570000+00:00,56.097941,160.415511,27.56,0.57,-100.0,2
2015-11-26 04:26:44.380000+00:00,56.055579,160.603206,32.71,0.88,-0.53,2
2015-11-26 04:28:05.690000+00:00,56.048385,160.608838,29.46,0.85,-100.0,2
2015-11-26 04:29:37.200000+00:00,56.06272,160.597201,33.72,0.84,-0.419,2
2015-11-26 04:30:36.630000+00:00,56.04694,160.580876,26.21,0.84,-0.469,2
2015-11-26 04:31:33.470000+00:00,56.226847,160.480387,22.97,1.09,-0.395,2
2015-11-26 04:34:24.180000+00:00,56.047607,160.599154,30.42,0.89,-0.487,2
2015-11-26 04:35:39.160000+00:00,56.044031,160.59637,27.94,0.89,-100.0,2
2015-11-26 04:36:13.480000+00:00,56.067533,160.615853,11.15,0.92,-0.588,2
2015-11-26 04:40:40.740000+00:00,56.05155,160.600798,30.38,0.91,-100.0,2
2015-11-26 04:42:20.350000+00:00,56.050566,160.602035,30.82,0.92,-0.466,2
2015-11-26 04:43:42.950000+00:00,56.058008,160.597428,32.88,0.58,-100.0,2
2015-11-26 04:43:59.600000+00:00,56.049373,160.608398,31.46,0.95,-0.452,2
2015-11-26 04:44:36.530000+00:00,56.053255,160.599463,31.3,0.87,-0.461,2
2015-11-26 04:45:54.030000+00:00,56.058183,160.604622,33.64,0.92,-100.0,2
2015-11-26 04:48:07.930000+00:00,56.049475,160.607227,28.96,0.87,-100.0,2
2015-11-26 04:53:56.560000+00:00,56.051237,160.594271,30.86,1.06,-100.0,2
2015-11-26 04:58:09.570000+00:00,56.066105,160.621566,33.46,1.52,-0.767,2
2015-11-26 05:01:19.140000+00:00,56.050977,160.60389,29.5,1.29,-100.0,2
2015-11-26 05:20:30.740000+00:00,56.053894,160.620622,36.08,1.34,-100.0,2
2015-11-26 05:26:14.790000+00:00,56.053475,160.609212,30.41,1.37,-0.715,2
2015-11-26 05:30:58.620000+00:00,56.056816,160.612484,32.24,1.5,-0.735,2
2015-11-26 05:35:21.230000+00:00,56.051864,160.612158,30.85,1.47,-0.765,2
2015-11-26 05:41:06.740000+00:00,56.054663,160.611328,30.51,1.61,-0.832,2
2015-11-26 05:46:19.940000+00:00,56.062276,160.622152,-1.08,0.33,-100.0,2
2015-11-26 05:47:56.430000+00:00,56.068176,160.629834,1.53,0.81,-100.0,2
2015-11-26 05:59:07.620000+00:00,56.054647,160.606104,31.21,1.06,-100.0,2
2015-11-26 06:00:02.440000+00:00,56.056535,160.600928,31.77,0.85,-100.0,2
2015-11-26 06:14:34.170000+00:00,56.05186,160.601921,32.01,1.1,-0.571,2
2015-11-26 06:16:34.640000+00:00,56.055745,160.609391,33.39,0.93,-100.0,2
2015-11-26 06:19:10.360000+00:00,56.074215,160.61027,42.49,0.94,-100.0,2
2015-11-26 06:28:15.010000+00:00,56.055595,160.612565,31.02,1.47,-0.583,2
2015-11-26 06:29:25.980000+00:00,56.050883,160.604915,31.96,1.33,-0.65,2
2015-11-26 06:34:46.100000+00:00,56.061633,160.61901,30.94,1.26,-0.787,2
2015-11-26 06:47:35.350000+00:00,56.12428,160.468685,6.64,0.3,-0.763,2
2015-11-26 06:48:39.160000+00:00,56.131295,160.713574,25.12,0.83,-100.0,2
2015-11-26 07:07:13.310000+00:00,56.044877,160.608968,30.24,0.76,-100.0,2
2015-11-26 07:11:44.950000+00:00,56.04576,160.607959,31.17,0.92,-0.606,2
2015-11-26 07:16:13.540000+00:00,56.051184,160.61001,31.77,0.74,-100.0,2
2015-11-26 07:17:24.570000+00:00,56.063513,160.627083,13.53,0.87,-100.0,2
2015-11-26 07:19:46+00:00,56.048124,160.611312,32.81,0.88,-100.0,2
2015-11-26 07:28:27.660000+00:00,56.055949,160.614958,31.3,1.91,-0.905,2
2015-11-26 08:44:18.180000+00:00,56.056392,160.617399,30.86,1.44,-0.775,2
2015-11-26 09:20:54.020000+00:00,56.035234,160.623779,25.04,0.92,-100.0,2
2015-11-26 09:43:59.220000+00:00,56.109318,160.474219,15.02,0.83,-100.0,2
2015-11-26 09:49:43.380000+00:00,56.059212,160.618701,31.26,1.27,-0.826,2
2015-11-26 10:06:32.920000+00:00,56.064392,160.624154,-1.21,1.06,-100.0,2
2015-11-26 10:09:06.390000+00:00,56.054244,160.61779,30.58,0.71,-100.0,2
2015-11-26 10:20:37.730000+00:00,56.067867,160.622135,38.4,0.89,-0.497,2
2015-11-26 10:21:58.780000+00:00,56.063529,160.623128,-1.22,0.83,-0.466,2
2015-11-26 10:26:48.440000+00:00,56.052539,160.610254,31.4,0.92,-0.558,2
2015-11-26 10:27:25.330000+00:00,56.080094,160.480583,4.47,1.0,-0.536,2
2015-11-26 10:41:14.390000+00:00,56.055098,160.525033,32.07,0.97,-0.674,2
2015-11-26 10:48:56.630000+00:00,56.05625,160.603646,34.39,0.95,-0.61,2
2015-11-26 10:52:59.620000+00:00,56.105599,160.608268,36.63,1.06,-100.0,2
2015-11-26 10:54:26.600000+00:00,56.059391,160.608105,34.15,0.97,-0.616,2
2015-11-26 11:02:13.540000+00:00,56.056746,160.613737,32.47,1.58,-0.804,2
2015-11-26 11:11:28.460000+00:00,56.056006,160.603092,30.09,0.77,-0.666,2
2015-11-26 11:12:15.460000+00:00,56.057304,160.608919,32.34,1.06,-100.0,2
2015-11-26 11:18:43.940000+00:00,56.052669,160.604834,30.7,1.51,-0.93,2
2015-11-26 11:22:00.160000+00:00,56.060685,160.614144,34.4,1.09,-0.816,2
2015-11-26 11:23:13.380000+00:00,56.049906,160.598177,30.52,1.05,-100.0,2
2015-11-26 11:25:45.750000+00:00,56.055086,160.609408,29.42,0.93,-0.699,2
2015-11-26 11:31:42.200000+00:00,56.060815,160.609847,32.66,1.02,-100.0,2
2015-11-26 11:34:53.660000+00:00,56.050741,160.608561,29.98,0.73,-100.0,2
2015-11-26 11:45:40.360000+00:00,56.065381,160.637044,-0.62,0.5,-100.0,2
2015-11-26 11:47:47.270000+00:00,56.056295,160.610661,32.86,0.97,-0.746,2
2015-11-26 11:49:13+00:00,56.061019,160.62085,38.7,0.76,-100.0,2
2015-11-26 11:57:57.120000+00:00,56.062227,160.618473,33.74,0.79,-100.0,2
2015-11-26 11:59:14.910000+00:00,56.057686,160.628776,4.88,0.64,-100.0,2
2015-11-26 12:01:27.540000+00:00,56.058903,160.605078,31.76,0.85,-0.692,2
2015-11-26 12:09:53.710000+00:00,56.059664,160.617855,33.06,0.99,-0.656,2
2015-11-26 12:16:25.970000+00:00,56.056498,160.605208,31.26,0.87,-0.167,2
2015-11-26 12:16:56.010000+00:00,56.041101,160.610221,34.0,0.9,-100.0,2
2015-11-26 12:20:00.860000+00:00,56.07568,160.780208,23.85,1.11,-100.0,2
2015-11-26 12:27:16.020000+00:00,56.053434,160.605257,28.48,0.92,-0.648,2
2015-11-26 12:43:14.700000+00:00,56.049259,160.591471,30.27,0.77,-100.0,2
2015-11-26 12:43:52.640000+00:00,55.806767,160.476807,2.31,0.97,-100.0,2
2015-11-26 12:47:42.820000+00:00,56.053792,160.607926,29.8,0.93,-0.718,2
2015-11-26 12:58:42.990000+00:00,55.838452,160.405257,14.7,0.12,-100.0,2
2015-11-26 13:04:15.500000+00:00,56.052938,160.607227,32.2,1.62,-0.771,2
2015-11-26 13:07:21.490000+00:00,56.056974,160.639616,31.73,0.83,-0.726,2
2015-11-26 13:18:19.900000+00:00,56.057096,160.609098,31.68,1.01,-0.625,2
2015-11-26 13:32:57.240000+00:00,56.063485,160.617969,33.46,0.9,-0.636,2
2015-11-26 13:40:55.690000+00:00,56.062939,160.623763,-1.27,0.82,-100.0,2
2015-11-26 13:42:41.360000+00:00,56.058325,160.611768,34.09,1.0,-0.573,2
2015-11-26 13:55:48.980000+00:00,56.068075,160.627425,37.83,1.1,-100.0,2
2015-11-26 14:02:02.620000+00:00,55.598678,160.530924,27.76,1.24,-100.0,2
2015-11-26 14:05:29.290000+00:00,56.056303,160.612858,32.22,1.11,-100.0,2
2015-11-26 14:13:16.020000+00:00,56.054032,160.603451,30.99,1.08,-100.0,2
2015-11-26 14:27:09.590000+00:00,56.056213,160.608545,31.04,1.22,-0.623,2
2015-11-26 14:28:13.570000+00:00,56.038472,160.601465,27.9,1.01,-0.756,2
2015-11-26 14:31:13.680000+00:00,56.053381,160.616829,31.7,0.9,-100.0,2
2015-11-26 14:37:32.920000+00:00,56.052189,160.61512,30.89,0.9,-0.898,2
2015-11-26 14:46:17.910000+00:00,56.116423,160.460303,-0.17,0.7,-100.0,2
2015-11-26 14:48:05.160000+00:00,56.059009,160.60625,30.88,1.09,-100.0,2
2015-11-26 14:49:34.510000+00:00,56.057222,160.61167,33.01,1.31,-0.658,2
2015-11-26 14:55:27.600000+00:00,56.067053,160.6257,37.16,0.98,-100.0,2
2015-11-26 15:03:26.590000+00:00,56.04646,160.602132,28.0,1.56,-0.84,2
2015-11-26 15:04:51.840000+00:00,56.059729,160.605534,33.29,0.84,-0.749,2
2015-11-26 15:11:29.260000+00:00,55.73363,160.422559,11.98,1.47,-0.213,2
2015-11-26 15:15:00.590000+00:00,56.072172,160.626676,38.76,1.05,-100.0,2
2015-11-26 15:18:45.720000+00:00,56.055729,160.606315,30.84,0.98,-0.773,2
2015-11-26 15:20:13.110000+00:00,56.072148,160.630273,5.77,0.67,-100.0,2
2015-11-26 15:23:03.950000+00:00,55.849703,160.395524,13.56,0.12,-100.0,2
2015-11-26 15:29:28.520000+00:00,56.05638,160.614453,30.22,1.38,-0.753,2
2015-11-26 15:31:36.470000+00:00,56.059521,160.60542,30.36,0.87,-100.0,2
2015-11-26 15:50:28.420000+00:00,55.855196,160.450553,10.85,0.41,-100.0,2
2015-11-26 16:05:15.690000+00:00,56.060909,160.623812,32.7,0.98,-100.0,2
2015-11-26 16:10:55.640000+00:00,56.053792,160.609212,30.65,0.91,-100.0,2
2015-11-26 16:21:53.590000+00:00,56.05317,160.620589,31.72,1.09,-0.877,2
2015-11-26 16:33:24.220000+00:00,56.057694,160.598437,30.07,0.98,-100.0,2
2015-11-26 16:39:38.640000+00:00,56.063025,160.61333,33.71,0.99,-0.772,2
2015-11-26 16:40:29.500000+00:00,56.053711,160.605046,30.61,1.36,-0.86,2
2015-11-26 16:41:36.490000+00:00,56.052576,160.612842,31.85,1.39,-0.795,2
2015-11-26 16:47:52.250000+00:00,56.136621,160.449007,6.07,0.71,-100.0,2
2015-11-26 16:51:23.010000+00:00,56.071061,160.623551,38.5,1.04,-0.847,2
2015-11-26 16:58:01.890000+00:00,56.06309,160.620687,35.28,0.94,-100.0,2
2015-11-26 17:06:58.240000+00:00,56.054761,160.606071,31.17,1.28,-0.738,2
2015-11-26 17:19:05.080000+00:00,56.055668,160.605078,32.01,0.61,-0.784,2
2015-11-26 17:26:30.920000+00:00,56.055705,160.605957,30.97,1.04,-0.68,2
2015-11-26 17:42:15.480000+00:00,56.055326,160.605046,32.3,0.99,-0.785,2
2015-11-26 17:45:02.200000+00:00,56.067594,160.616862,37.97,0.92,-100.0,2
2015-11-26 17:46:16.960000+00:00,56.063155,160.625309,-1.1,1.08,-0.822,2
2015-11-26 17:50:16.400000+00:00,56.055945,160.612712,31.3,1.61,-0.909,2
2015-11-26 17:54:05.020000+00:00,56.16425,160.718848,28.23,1.14,-100.0,2
2015-11-26 17:59:33.160000+00:00,56.064518,160.617301,35.43,1.05,-100.0,2
2015-11-26 18:09:05.320000+00:00,56.129972,160.460286,7.1,0.86,-0.678,2
2015-11-26 18:15:46.040000+00:00,56.036987,160.597233,24.29,1.11,-100.0,2
2015-11-26 18:16:24.280000+00:00,56.048983,160.606868,28.52,1.49,-0.808,2
2015-11-26 18:19:39.480000+00:00,56.055037,160.605241,31.89,1.21,-0.766,2
2015-11-26 18:29:53.320000+00:00,56.060038,160.610531,33.83,0.33,-100.0,2
2015-11-26 18:35:43.120000+00:00,56.062537,160.619482,34.74,1.11,-0.607,2
2015-11-26 18:42:51.240000+00:00,56.065645,160.628125,-0.74,0.82,-100.0,2
2015-11-26 18:49:16.660000+00:00,56.05802,160.607275,32.59,0.9,-100.0,2
2015-11-26 18:53:45.380000+00:00,56.046529,160.623535,29.59,0.82,-0.526,2
2015-11-26 19:05:32.700000+00:00,56.048258,160.606917,28.02,1.42,-0.735,2
2015-11-26 19:11:51.800000+00:00,56.051823,160.609066,29.41,0.98,-100.0,2
2015-11-26 19:13:39.740000+00:00,56.063822,160.623421,-1.27,0.84,-100.0,2
2015-11-26 19:59:30.180000+00:00,56.065116,160.623519,-1.34,1.14,-0.833,2
2015-11-26 20:00:21.240000+00:00,56.07701,160.568408,34.41,0.91,-100.0,2
2015-11-26 20:10:17.320000+00:00,56.068636,160.631071,-0.34,0.79,-0.595,2
2015-11-26 20:13:58.880000+00:00,56.061918,160.624886,-1.41,1.17,-100.0,2
2015-11-26 20:21:51.160000+00:00,56.050155,160.596598,30.07,1.22,-0.971,2
2015-11-26 20:35:28.560000+00:00,56.062935,160.622786,-1.12,0.67,-100.0,2
2015-11-26 20:50:50.080000+00:00,56.051213,160.60682,30.97,0.85,-100.0,2
2015-11-26 21:03:44.460000+00:00,56.053593,160.609814,30.91,1.43,-0.834,2
2015-11-26 21:11:13.640000+00:00,56.04989,160.6236,28.91,0.89,-100.0,2
2015-11-26 21:17:57.120000+00:00,56.062016,160.625195,-1.44,1.08,-100.0,2
2015-11-26 21:25:32.520000+00:00,56.054374,160.604557,33.49,1.19,-0.817,2
2015-11-26 21:34:54.220000+00:00,56.062874,160.621956,-2.24,1.0,-100.0,2
2015-11-26 21:47:12.740000+00:00,56.066418,160.628206,-0.16,1.02,-100.0,2
2015-11-26 21:53:27.760000+00:00,56.053524,160.605501,31.09,1.16,-0.691,2
2015-11-26 21:59:42.980000+00:00,56.131559,160.70389,25.74,1.04,-0.642,2
2015-11-26 22:01:29.120000+00:00,56.063428,160.621452,36.24,1.04,-100.0,2
2015-11-26 22:13:27.920000+00:00,56.04917,160.56071,7.85,0.87,-100.0,2
2015-11-26 22:21:15.560000+00:00,56.054093,160.612712,31.18,0.99,-0.718,2
2015-11-26 22:22:09.800000+00:00,56.056124,160.597673,30.43,1.25,-100.0,2
2015-11-26 22:28:04.560000+00:00,56.05863,160.622689,33.99,1.05,-0.826,2
2015-11-26 22:44:33.340000+00:00,56.04635,160.601579,30.64,1.06,-100.0,2
2015-11-26 22:51:37.860000+00:00,56.071403,160.631283,36.31,0.69,-0.475,2
2015-11-26 22:52:38.520000+00:00,56.068392,160.614697,34.99,1.05,-0.544,2
2015-11-26 23:02:24.640000+00:00,56.056462,160.616423,6.46,0.76,-100.0,2
2015-11-26 23:18:27.220000+00:00,56.063,160.62194,-1.36,1.13,-0.298,2
2015-11-26 23:18:40.260000+00:00,56.051383,160.615967,29.82,1.74,-0.956,2
2015-11-26 23:27:21.440000+00:00,56.059717,160.606071,32.48,0.82,-0.639,2
2015-11-26 23:40:35.240000+00:00,56.063029,160.629492,-1.14,0.43,-100.0,2
2015-11-26 23:46:58.840000+00:00,56.051876,160.610661,0.05,0.9,-0.655,2
2015-11-26 23:59:21.040000+00:00,56.052413,160.607357,29.22,1.13,-0.726,2
2015-11-27 00:06:48.570000+00:00,56.061589,160.620931,32.89,1.01,-0.491,1
2015-11-27 00:11:22.950000+00:00,56.053158,160.608529,30.39,1.2,-0.724,1
2015-11-27 00:27:34.670000+00:00,56.059196,160.623796,36.13,0.98,-100.0,1
2015-11-27 00:39:34.010000+00:00,56.110022,160.440234,5.27,0.7,-0.602,1
2015-11-27 00:44:55.580000+00:00,56.060571,160.625602,36.01,0.96,-0.641,1
2015-11-27 00:51:19.320000+00:00,56.055172,160.606934,34.48,0.92,-100.0,1
2015-11-27 00:54:23.530000+00:00,56.049756,160.598633,30.74,1.26,-0.685,1
2015-11-27 00:54:48.530000+00:00,56.069596,160.631755,5.47,1.16,-0.648,1
2015-11-27 00:57:55.070000+00:00,56.053845,160.600309,30.89,0.85,-100.0,1
2015-11-27 01:13:39.450000+00:00,56.064152,160.623568,-1.19,1.2,-100.0,1
2015-11-27 01:16:19.060000+00:00,56.148625,160.660156,32.19,1.03,-0.744,1
2015-11-27 01:29:11.950000+00:00,56.0552,160.609342,31.34,1.05,-0.661,1
2015-11-27 01:38:40.890000+00:00,56.049711,160.597184,30.19,0.91,-0.552,1
2015-11-27 01:44:17.370000+00:00,56.055408,160.616032,32.05,1.08,-0.624,1
2015-11-27 01:46:48.890000+00:00,56.049089,160.60127,32.02,1.18,-100.0,1
2015-11-27 01:47:27.200000+00:00,56.048844,160.597266,30.57,1.21,-0.758,1
2015-11-27 01:49:51.930000+00:00,56.053821,160.610596,31.52,1.11,-0.936,1
2015-11-27 01:51:34.600000+00:00,56.048112,160.59847,29.36,1.02,-100.0,1
2015-11-27 01:58:34.520000+00:00,56.045801,160.600749,27.8,0.47,-0.46,1
2015-11-27 02:07:27.660000+00:00,56.056311,160.612777,31.29,1.39,-0.688,1
2015-11-27 02:08:11.830000+00:00,56.06241,160.621794,-1.24,1.08,-0.808,1
2015-11-27 02:14:37.960000+00:00,56.051034,160.605192,29.03,1.96,-0.708,1
2015-11-27 02:14:42.460000+00:00,56.060986,160.580859,26.95,1.66,-0.708,1
2015-11-27 02:22:09.920000+00:00,56.038293,160.598698,27.43,1.13,-100.0,1
2015-11-27 02:30:23.150000+00:00,56.090401,160.520752,27.29,0.75,-100.0,1
2015-11-27 02:38:49.800000+00:00,56.046639,160.589551,30.41,0.78,-100.0,1
2015-11-27 02:43:16.660000+00:00,56.056372,160.616504,33.03,0.91,-0.535,1
2015-11-27 03:00:53.340000+00:00,56.047884,160.601823,31.06,1.07,-0.795,1
2015-11-27 03:01:52.010000+00:00,56.057914,160.612939,33.77,1.25,-0.791,1
2015-11-27 03:16:22.160000+00:00,56.064071,160.621322,-1.21,0.95,-100.0,1
2015-11-27 03:23:18.070000+00:00,56.053988,160.608187,30.68,1.11,-0.69,1
2015-11-27 03:24:15.270000+00:00,56.107894,160.662174,17.34,1.0,-100.0,1
2015-11-27 03:27:50.620000+00:00,56.067489,160.618815,35.91,1.03,-0.603,1
2015-11-27 03:28:50.660000+00:00,56.046708,160.604053,30.0,1.46,-0.686,1
2015-11-27 03:29:15.700000+00:00,56.044096,160.601774,29.86,1.35,-0.979,1
2015-11-27 03:42:57.560000+00:00,56.037533,160.599137,19.73,0.53,-100.0,1
2015-11-27 03:45:54.600000+00:00,56.044474,160.605876,28.65,0.85,-0.659,1
2015-11-27 03:48:23.270000+00:00,56.062907,160.620801,35.24,1.26,-0.674,1
2015-11-27 04:03:39.050000+00:00,56.164209,160.851986,24.84,0.9,-100.0,1
2015-11-27 04:16:17.770000+00:00,56.068339,160.629167,4.65,0.57,-100.0,1
2015-11-27 04:23:42.320000+00:00,55.699516,160.440088,9.68,0.5,-100.0,1
2015-11-27 04:29:45.290000+00:00,56.084098,160.602832,24.05,1.13,-0.72,1
2015-11-27 04:30:42.820000+00:00,56.05754,160.610352,32.85,1.36,-0.623,1
2015-11-27 04:31:25.070000+00:00,56.084001,160.637012,19.35,0.81,-0.44,1
2015-11-27 04:32:47.340000+00:00,56.062366,160.622087,-1.22,0.83,-0.593,1
2015-11-27 04:36:47.630000+00:00,56.048218,160.60599,29.78,0.99,-0.646,1
2015-11-27 04:58:43.860000+00:00,56.146411,160.518717,25.43,0.78,-100.0,1
2015-11-27 05:00:05.560000+00:00,56.068966,160.631169,4.03,0.84,-0.549,1
2015-11-27 05:09:37.540000+00:00,56.059102,160.619173,34.12,1.03,-0.715,1
2015-11-27 05:13:03.520000+00:00,56.126013,160.701888,24.74,0.71,-100.0,1
2015-11-27 05:24:41.880000+00:00,56.06331,160.622526,-1.16,0.8,-0.498,1
2015-11-27 05:24:56.120000+00:00,56.055033,160.616423,30.24,1.51,-0.928,1
2015-11-27 05:32:47.310000+00:00,56.062642,160.623145,-1.26,0.98,-100.0,1
2015-11-27 05:43:02.600000+00:00,56.065898,160.62098,36.15,0.88,-100.0,1
2015-11-27 05:55:20.180000+00:00,56.070113,160.632194,5.36,1.08,-0.232,1
2015-11-27 05:58:05.420000+00:00,56.063086,160.62417,-0.93,0.71,-0.462,1
2015-11-27 06:06:15.570000+00:00,56.063411,160.623486,-1.16,0.83,-0.665,1
2015-11-27 06:18:32.010000+00:00,56.075374,160.625684,44.09,1.42,-100.0,1
2015-11-27 06:19:28.750000+00:00,56.051046,160.607975,31.6,0.95,-100.0,1
2015-11-27 06:23:51.130000+00:00,56.062288,160.622087,-1.29,0.87,-100.0,1
2015-11-27 06:25:41.950000+00:00,56.062512,160.619954,-1.33,0.97,-0.685,1
2015-11-27 06:33:35.820000+00:00,56.065141,160.624382,-0.64,1.2,-0.664,1
2015-11-27 06:36:22.900000+00:00,56.064144,160.622298,-1.12,0.67,-0.415,1
2015-11-27 06:38:08.710000+00:00,55.8479,160.489746,4.94,0.63,-100.0,1
2015-11-27 06:46:30.700000+00:00,56.051086,160.612549,31.58,0.76,-0.463,1
2015-11-27 06:58:24.390000+00:00,56.052266,160.611214,31.25,1.01,-100.0,1
2015-11-27 07:00:17.430000+00:00,56.062866,160.623063,-1.18,0.59,-100.0,1
2015-11-27 07:07:36.590000+00:00,56.048035,160.609782,27.97,0.84,-0.63,1
2015-11-27 07:11:58.670000+00:00,56.057247,160.615316,29.24,1.17,-0.659,1
2015-11-27 07:16:17.070000+00:00,56.063416,160.617497,-1.62,0.54,-100.0,1
2015-11-27 07:17:36.580000+00:00,56.057833,160.60931,31.95,1.33,-0.809,1
2015-11-27 07:21:48.880000+00:00,56.069092,160.632796,4.61,0.72,-0.451,1
2015-11-27 07:23:42.260000+00:00,56.134664,160.669694,-0.57,0.65,-100.0,1
2015-11-27 07:51:09.130000+00:00,56.109082,160.456429,0.31,0.49,-0.609,1
2015-11-27 07:56:41+00:00,56.066976,160.628792,-0.17,0.77,-0.55,1
2015-11-27 08:01:48.600000+00:00,56.062712,160.621566,-1.08,0.68,-0.597,1
2015-11-27 08:02:46.540000+00:00,56.057218,160.614665,32.42,1.24,-0.722,1
2015-11-27 08:04:32.820000+00:00,56.131368,160.444548,6.6,0.7,-0.621,1
2015-11-27 08:07:26.560000+00:00,56.063721,160.625765,-1.18,0.16,-100.0,1
2015-11-27 08:12:23.130000+00:00,56.053064,160.610254,32.5,0.83,-100.0,1
2015-11-27 08:17:02.110000+00:00,56.057833,160.620785,31.28,0.96,-0.515,1
2015-11-27 08:20:17.550000+00:00,56.055233,160.613525,32.2,0.8,-0.78,1
2015-11-27 08:20:36.930000+00:00,56.017684,160.466146,21.61,1.06,-100.0,1
2015-11-27 08:23:17.550000+00:00,56.098759,160.737809,10.28,1.11,-0.33,1
2015-11-27 08:29:58.590000+00:00,56.050252,160.610417,30.74,1.07,-0.698,1
2015-11-27 08:37:20.790000+00:00,56.059017,160.620719,35.62,1.6,-0.563,1
2015-11-27 08:53:13.600000+00:00,56.055522,160.609408,31.47,1.88,-0.889,1
2015-11-27 09:09:17.050000+00:00,56.05863,160.613835,28.98,1.21,-0.632,1
2015-11-27 09:14:17.150000+00:00,56.060067,160.613835,30.27,1.26,-0.621,1
2015-11-27 09:18:10.760000+00:00,56.047746,160.599089,31.27,1.04,-0.615,1
2015-11-27 09:18:53.890000+00:00,56.05671,160.613867,29.0,1.49,-0.55,1
2015-11-27 09:23:06.920000+00:00,56.05566,160.614714,27.9,1.08,-100.0,1
2015-11-27 09:28:11.090000+00:00,56.053174,160.609863,27.8,1.37,-0.761,1
2015-11-27 09:31:14.610000+00:00,56.053975,160.615251,27.97,1.11,-0.346,1
2015-11-27 09:31:34.430000+00:00,56.063399,160.625228,-0.86,1.13,-0.512,1
2015-11-27 09:33:58.610000+00:00,56.018343,160.639697,26.93,0.79,-100.0,1
2015-11-27 09:34:52.480000+00:00,56.062846,160.630029,12.66,0.54,-100.0,1
2015-11-27 09:35:57+00:00,56.068905,160.629541,4.9,0.73,-0.604,1
2015-11-27 09:36:47.960000+00:00,56.039701,160.601286,27.21,1.9,-0.73,1
2015-11-27 09:42:17.990000+00:00,56.054606,160.615869,28.86,1.05,-0.594,1
2015-11-27 09:47:29.200000+00:00,56.059473,160.617155,34.41,1.24,-0.656,1
2015-11-27 09:47:59.840000+00:00,56.056433,160.614567,28.6,1.19,-0.669,1
2015-11-27 09:54:44.340000+00:00,56.060343,160.618278,32.34,1.07,-0.547,1
2015-11-27 10:00:05.480000+00:00,56.056388,160.615869,27.94,0.95,-0.606,1
2015-11-27 10:03:46.970000+00:00,56.069462,160.630501,4.82,0.66,-0.593,1
2015-11-27 10:05:19.750000+00:00,56.055851,160.6146,28.52,1.23,-0.594,1
2015-11-27 10:06:54.690000+00:00,56.057361,160.614974,33.09,1.0,-0.764,1
2015-11-27 10:15:09.590000+00:00,56.055387,160.617887,29.33,1.12,-0.644,1
2015-11-27 10:26:59.790000+00:00,56.048006,160.610238,27.07,1.08,-0.486,1
2015-11-27 10:32:49.050000+00:00,56.055485,160.623356,34.62,0.94,-0.653,1
2015-11-27 10:53:31.980000+00:00,55.68315,160.449658,16.04,0.55,-100.0,1
2015-11-27 10:55:21.580000+00:00,56.056828,160.618278,34.53,0.99,-0.685,1
2015-11-27 11:00:03.080000+00:00,56.053137,160.615251,27.65,1.16,-0.759,1
2015-11-27 11:27:40.840000+00:00,56.058321,160.621419,33.7,1.02,-0.689,1
2015-11-27 11:39:21.170000+00:00,56.052214,160.610693,27.89,1.03,-0.662,1
2015-11-27 11:44:54.060000+00:00,56.053015,160.610091,31.54,0.94,-0.554,1
2015-11-27 11:54:38.740000+00:00,56.057658,160.617122,30.08,1.02,-0.526,1
2015-11-27 12:03:55.360000+00:00,56.06377,160.622689,-1.05,0.76,-100.0,1
2015-11-27 12:34:12.780000+00:00,56.056258,160.616471,29.06,1.25,-0.674,1
2015-11-27 12:58:44.270000+00:00,56.060107,160.615039,29.42,0.82,-0.568,1
2015-11-27 13:01:05.330000+00:00,56.068245,160.696989,16.73,0.76,-0.333,1
2015-11-27 13:04:26.320000+00:00,56.053581,160.599333,26.08,0.83,-100.0,1
2015-11-27 13:10:36.010000+00:00,56.06014,160.607145,32.25,1.2,-0.73,1
2015-11-27 13:17:40.520000+00:00,56.054582,160.615902,27.94,0.99,-0.734,1
2015-11-27 13:20:26.020000+00:00,55.740544,160.326156,-0.6,0.1,-100.0,1
2015-11-27 13:39:13.590000+00:00,56.047782,160.62041,28.02,0.46,-0.607,1
2015-11-27 14:06:41.230000+00:00,56.057646,160.607422,28.84,0.75,-100.0,1
2015-11-27 14:13:01.420000+00:00,56.046928,160.61141,26.17,0.99,-0.606,1
2015-11-27 14:25:48.390000+00:00,56.058264,160.616162,28.61,1.06,-0.523,1
2015-11-27 14:28:04.110000+00:00,56.051461,160.602702,29.2,1.05,-0.707,1
2015-11-27 14:29:28.730000+00:00,56.053581,160.616504,28.84,0.73,-100.0,1
2015-11-27 14:33:37.130000+00:00,55.938033,160.530306,12.61,0.57,-0.474,1
2015-11-27 14:34:54.620000+00:00,55.941406,160.535563,12.1,0.44,-0.178,1
2015-11-27 14:47:51.870000+00:00,56.065625,160.35931,20.76,0.52,-100.0,1
2015-11-27 15:07:56.290000+00:00,56.063814,160.622852,36.49,1.09,-0.676,1
2015-11-27 15:17:55.110000+00:00,56.064205,160.620687,34.24,1.14,-0.7,1
2015-11-27 15:28:42.110000+00:00,56.052091,160.60944,30.61,0.69,-0.72,1
2015-11-27 15:41:05.360000+00:00,56.079232,160.455924,32.0,0.82,-100.0,1
2015-11-27 16:01:16.080000+00:00,56.053174,160.598617,30.83,1.25,-0.737,1
2015-11-27 16:43:04.270000+00:00,56.059363,160.616553,29.34,0.64,-100.0,1
2015-11-27 16:47:23.380000+00:00,56.056018,160.615413,35.57,0.83,-100.0,1
2015-11-27 17:11:52.340000+00:00,56.123442,160.739274,23.02,1.29,-0.118,1
2015-11-27 17:39:33.320000+00:00,56.057271,160.611051,31.67,0.7,-100.0,1
2015-11-27 17:55:27.360000+00:00,55.649967,160.633057,14.45,1.65,-0.351,1
2015-11-27 18:02:30.140000+00:00,56.063249,160.623649,-1.18,0.8,-100.0,1
2015-11-27 18:19:27.400000+00:00,56.056795,160.606966,32.33,1.04,-0.724,1
2015-11-27 18:23:43.560000+00:00,55.823633,160.379687,0.97,0.63,-0.707,1
2015-11-27 18:25:44.680000+00:00,55.852177,160.957503,14.95,0.99,-0.353,1
2015-11-27 18:26:26+00:00,56.068091,160.629785,4.4,1.38,-0.983,1
2015-11-27 18:29:25.920000+00:00,56.069043,160.626742,-1.09,0.92,-100.0,1
2015-11-27 18:37:23.960000+00:00,56.057153,160.61735,28.37,1.07,-0.529,1
2015-11-27 18:39:24.100000+00:00,56.06307,160.624219,-1.13,1.32,-100.0,1
2015-11-27 18:43:53.040000+00:00,56.055115,160.630518,-2.4,0.74,-0.513,1
2015-11-27 18:50:25.920000+00:00,56.064396,160.624837,-0.73,0.54,-100.0,1
2015-11-27 18:55:14.900000+00:00,56.062659,160.622217,-1.24,0.94,-0.478,1
2015-11-27 19:27:24.560000+00:00,56.053292,160.612174,31.47,1.24,-0.772,1
2015-11-27 19:28:36.240000+00:00,56.054081,160.608366,28.01,1.68,-0.76,1
2015-11-27 19:28:40.400000+00:00,56.05896,160.611784,29.55,1.31,-0.76,1
2015-11-27 19:33:25.160000+00:00,56.059021,160.619515,32.68,1.16,-0.752,1
2015-11-27 19:39:51.220000+00:00,55.825903,160.422282,18.49,0.31,-100.0,1
2015-11-27 20:15:33.920000+00:00,56.060596,160.619922,33.27,0.92,-0.96,1
2015-11-27 20:29:29.960000+00:00,56.06158,160.62251,-1.34,1.16,-0.486,1
2015-11-27 20:33:26.360000+00:00,56.052421,160.61709,34.21,0.91,-100.0,1
2015-11-27 20:47:56.080000+00:00,56.056136,160.612565,32.33,0.9,-0.61,1
2015-11-27 21:00:48.340000+00:00,56.052547,160.61652,27.81,0.88,-0.391,1
2015-11-27 21:21:29.760000+00:00,56.038452,160.60389,26.6,1.15,-100.0,1
2015-11-27 21:21:43.920000+00:00,56.056051,160.624316,32.65,1.31,-0.743,1
2015-11-27 21:34:36.640000+00:00,56.052543,160.60721,27.99,1.46,-0.7,1
2015-11-27 21:35:57.960000+00:00,56.10212,160.537012,16.75,0.57,-100.0,1
2015-11-27 21:38:30.760000+00:00,56.061727,160.640674,31.04,0.9,-100.0,1
2015-11-27 21:46:14.260000+00:00,56.054854,160.615267,29.15,1.73,-0.867,1
2015-11-27 21:56:53.960000+00:00,56.060791,160.604264,29.0,0.5,-100.0,1
2015-11-27 22:05:23.980000+00:00,56.051986,160.614762,27.96,1.68,-1.083,1
2015-11-27 22:26:39.040000+00:00,56.092025,160.602116,0.22,0.92,-0.605,1
2015-11-27 22:31:35.080000+00:00,55.839119,160.382194,-0.81,0.45,-0.443,1
2015-11-27 22:37:22.520000+00:00,56.054785,160.622542,29.8,0.72,-100.0,1
2015-11-27 22:41:36.940000+00:00,56.0554,160.612972,28.62,1.61,-0.91,1
2015-11-27 22:54:52.520000+00:00,56.052295,160.611572,27.59,1.71,-0.76,1
2015-11-27 22:58:49.320000+00:00,55.534574,160.297493,20.71,0.75,-100.0,1
2015-11-27 23:04:03.540000+00:00,56.126237,160.576042,4.49,1.01,-100.0,1
2015-11-27 23:07:09.920000+00:00,56.082987,160.602751,17.43,0.61,-100.0,1
2015-11-27 23:16:39.560000+00:00,56.06228,160.624414,-1.06,1.2,-0.573,1
2015-11-27 23:25:25.080000+00:00,56.052905,160.606104,29.16,1.18,-0.648,1
2015-11-27 23:26:46.160000+00:00,56.063354,160.621582,-0.98,0.86,-0.569,1
2015-11-27 23:28:08.500000+00:00,56.061206,160.626204,36.0,0.82,-100.0,1
2015-11-27 23:31:58.460000+00:00,56.040869,160.623633,24.76,0.57,-100.0,1
2015-11-27 23:38:12.740000+00:00,56.045341,160.602035,28.84,1.27,-100.0,1
2015-11-27 23:46:11.640000+00:00,56.055859,160.609326,28.21,0.75,-100.0,1
2015-11-27 23:47:02.960000+00:00,56.063696,160.617806,-1.41,0.53,-100.0,1
2015-11-27 23:55:21.880000+00:00,56.045776,160.603613,29.13,1.59,-0.9,1
2015-11-28 00:01:14.240000+00:00,56.059469,160.611963,29.59,0.89,-0.741,2
2015-11-28 00:03:35.540000+00:00,56.06359,160.620882,-1.16,0.94,-0.785,2
2015-11-28 00:24:12.210000+00:00,56.062569,160.620313,-1.14,0.81,-100.0,2
2015-11-28 00:27:15.280000+00:00,56.067053,160.634326,14.39,0.87,-0.596,2
2015-11-28 00:27:57.850000+00:00,56.128158,160.453158,4.01,0.59,-100.0,2
2015-11-28 00:32:18.640000+00:00,56.059176,160.605632,27.94,0.7,-100.0,2
2015-11-28 00:35:02.310000+00:00,56.155404,160.856706,26.4,1.08,-0.163,2
2015-11-28 00:35:34.650000+00:00,56.062268,160.624951,-1.04,0.8,-100.0,2
2015-11-28 00:47:54.930000+00:00,56.117489,160.458252,0.21,0.8,-100.0,2
2015-11-28 00:48:48.920000+00:00,56.054419,160.604541,31.27,1.16,-0.673,2
2015-11-28 01:10:04.450000+00:00,56.065735,160.624691,-0.6,0.52,-100.0,2
2015-11-28 01:29:50.130000+00:00,56.02253,160.73099,26.27,0.48,-100.0,2
2015-11-28 01:33:16.670000+00:00,56.059338,160.610319,29.26,0.73,-0.588,2
2015-11-28 01:34:29.590000+00:00,56.062667,160.620687,-1.02,1.12,-0.715,2
2015-11-28 01:49:53.790000+00:00,56.061157,160.625,-1.52,0.68,-0.409,2
2015-11-28 01:58:32.410000+00:00,56.20837,160.392415,7.61,0.52,-100.0,2
2015-11-28 02:11:48.890000+00:00,56.050309,160.614535,30.11,0.95,-100.0,2
2015-11-28 02:17:59.290000+00:00,55.979492,160.539762,10.85,0.86,-0.38,2
2015-11-28 02:26:35.150000+00:00,56.117708,160.461426,-0.16,0.77,-0.736,2
2015-11-28 02:27:57.210000+00:00,56.057292,160.616178,26.66,0.59,-100.0,2
2015-11-28 02:39:05.170000+00:00,56.054179,160.625407,29.52,0.84,-0.67,2
2015-11-28 03:05:09.190000+00:00,56.064449,160.625911,-0.91,0.72,-0.553,2
2015-11-28 03:10:16.210000+00:00,56.120357,160.70874,23.3,0.57,-0.55,2
2015-11-28 03:22:38.980000+00:00,56.041622,160.595752,24.81,1.28,-0.499,2
2015-11-28 03:41:21.660000+00:00,56.100798,160.570264,36.55,0.86,-100.0,2
2015-11-28 04:00:31.120000+00:00,56.063993,160.62526,-1.0,1.11,-0.44,2
2015-11-28 04:03:22.480000+00:00,56.069141,160.628939,5.6,1.63,-0.7,2
2015-11-28 04:19:10.330000+00:00,56.069617,160.629899,5.48,0.81,-0.673,2
2015-11-28 04:25:44.060000+00:00,56.122758,160.456787,1.07,0.43,-0.59,2
2015-11-28 04:28:54.130000+00:00,56.014738,160.683333,-1.3,1.01,-0.375,2
2015-11-28 04:37:21.010000+00:00,56.122668,160.709066,23.84,0.29,-100.0,2
2015-11-28 04:42:12.850000+00:00,56.062268,160.624902,-1.4,0.73,-100.0,2
2015-11-28 04:47:49.240000+00:00,56.065365,160.626432,-0.77,0.65,-100.0,2
2015-11-28 04:49:21.370000+00:00,56.05024,160.606868,24.81,0.66,-0.523,2
2015-11-28 04:51:21.470000+00:00,56.063114,160.622087,-1.17,0.66,-100.0,2
2015-11-28 05:10:40.440000+00:00,56.0625,160.621989,-1.24,0.94,-0.634,2
2015-11-28 05:17:09.360000+00:00,56.054122,160.604264,30.35,0.65,-100.0,2
2015-11-28 05:18:04.630000+00:00,56.049756,160.598161,29.95,1.26,-0.637,2
2015-11-28 05:21:18.290000+00:00,56.016899,160.89738,16.58,1.21,-0.162,2
2015-11-28 05:28:09.200000+00:00,56.066479,160.63488,-0.87,0.16,-100.0,2
2015-11-28 05:31:28.960000+00:00,56.064726,160.625651,-0.81,0.8,-100.0,2
2015-11-28 05:31:55.570000+00:00,56.017334,160.896029,16.86,1.19,-100.0,2
2015-11-28 05:42:21.420000+00:00,56.062874,160.621484,-1.22,1.3,-0.556,2
2015-11-28 05:43:34.250000+00:00,56.062773,160.622461,-1.24,1.17,-0.634,2
2015-11-28 05:44:45.510000+00:00,56.066728,160.633073,16.03,1.19,-0.327,2
2015-11-28 05:47:40.280000+00:00,56.06276,160.62391,-1.24,0.59,-100.0,2
2015-11-28 05:48:26.880000+00:00,56.064372,160.625684,-0.92,0.69,-100.0,2
2015-11-28 05:53:06.680000+00:00,56.058842,160.618652,-1.62,1.76,-0.739,2
2015-11-28 05:55:56.550000+00:00,56.05942,160.621501,-1.9,0.98,-100.0,2
2015-11-28 05:57:58.680000+00:00,56.063509,160.62443,-1.0,0.57,-100.0,2
2015-11-28 05:59:07.690000+00:00,56.063147,160.622347,-1.18,1.24,-0.664,2
2015-11-28 06:02:18.420000+00:00,56.062569,160.622526,-1.26,0.89,-0.295,2
2015-11-28 06:04:59.860000+00:00,56.068758,160.630957,5.57,0.63,-0.62,2
2015-11-28 06:05:43.960000+00:00,56.062744,160.621387,-1.25,1.03,-0.476,2
2015-11-28 06:07:23.880000+00:00,56.160852,160.713298,30.26,0.74,-0.467,2
2015-11-28 06:09:54.170000+00:00,56.063607,160.624674,-1.01,0.79,-100.0,2
2015-11-28 06:12:21.290000+00:00,56.065238,160.624658,-0.77,0.57,-100.0,2
2015-11-28 06:20:31.500000+00:00,56.063367,160.63304,12.34,0.53,-100.0,2
2015-11-28 06:21:14.410000+00:00,56.070785,160.630518,5.35,0.51,-100.0,2
2015-11-28 06:33:30.270000+00:00,56.067403,160.629118,5.67,0.73,-0.57,2
2015-11-28 06:36:50.290000+00:00,56.053125,160.613753,27.34,0.95,-0.72,2
2015-11-28 06:41:58.920000+00:00,55.838855,160.498763,6.57,0.61,-0.25,2
2015-11-28 06:46:10.970000+00:00,56.062842,160.612272,-1.23,0.75,-100.0,2
2015-11-28 07:10:32.060000+00:00,56.068978,160.632812,4.25,0.62,-0.244,2
2015-11-28 07:11:48.990000+00:00,56.063208,160.626644,-1.28,0.4,-100.0,2
2015-11-28 07:13:36.100000+00:00,56.063302,160.624154,-1.16,0.74,-0.379,2
2015-11-28 07:15:59.710000+00:00,56.063477,160.62168,-1.24,1.01,-0.542,2
2015-11-28 07:19:21.790000+00:00,56.063977,160.618604,5.87,0.31,-100.0,2
2015-11-28 07:29:56.810000+00:00,56.063,160.62277,-1.2,0.88,-0.376,2
2015-11-28 07:31:26.120000+00:00,56.077384,160.640674,11.12,0.44,-0.478,2
2015-11-28 07:33:18.760000+00:00,56.125704,160.708171,24.04,0.64,-100.0,2
2015-11-28 07:38:23.530000+00:00,56.063733,160.627767,-1.15,0.38,-100.0,2
2015-11-28 07:47:47.210000+00:00,56.063204,160.621452,-1.16,0.57,-100.0,2
2015-11-28 08:13:38.030000+00:00,56.069234,160.630404,5.15,0.74,-0.655,2
2015-11-28 08:14:05.020000+00:00,56.062935,160.622998,-1.19,1.27,-0.6,2
2015-11-28 08:19:54.340000+00:00,55.77819,160.421403,0.41,0.42,-100.0,2
2015-11-28 08:24:18.110000+00:00,56.060571,160.625993,-1.4,0.85,-0.229,2
2015-11-28 08:44:36.540000+00:00,56.063359,160.625098,-1.22,0.71,-0.146,2
2015-11-28 08:45:23.460000+00:00,55.713802,160.421533,15.17,1.61,-0.233,2
2015-11-28 08:49:03.880000+00:00,56.061841,160.623942,-1.43,0.7,-100.0,2
2015-11-28 08:51:22.680000+00:00,56.066459,160.610938,35.97,0.64,-100.0,2
2015-11-28 08:55:54.500000+00:00,56.061247,160.517074,8.56,0.86,-0.543,2
2015-11-28 09:01:13.500000+00:00,56.0639,160.614811,-1.52,1.06,-0.693,2
2015-11-28 09:12:42.760000+00:00,56.066329,160.634001,14.08,0.87,-0.41,2
2015-11-28 09:16:15.350000+00:00,56.055477,160.615983,27.48,1.2,-0.644,2
2015-11-28 09:24:57.730000+00:00,56.068815,160.631299,5.3,0.66,-0.303,2
2015-11-28 09:27:28.140000+00:00,56.063924,160.624479,-0.89,0.62,-100.0,2
2015-11-28 09:36:28.300000+00:00,56.060758,160.651042,-0.19,0.5,-100.0,2
2015-11-28 09:47:19.450000+00:00,56.065271,160.627458,-0.85,0.62,-100.0,2
2015-11-28 09:58:01.370000+00:00,56.158138,160.641781,20.06,2.43,-1.116,2
2015-11-28 10:20:37.430000+00:00,56.123853,160.71097,23.74,1.16,-0.785,2
2015-11-28 10:24:21.320000+00:00,56.060722,160.614876,29.11,1.06,-0.549,2
2015-11-28 10:34:14.110000+00:00,56.059595,160.630062,-2.04,0.73,-100.0,2
2015-11-28 10:36:12.740000+00:00,56.063708,160.625293,-1.31,0.69,-100.0,2
2015-11-28 10:36:33.700000+00:00,56.062805,160.623096,-1.21,0.8,-0.609,2
2015-11-28 10:39:43.380000+00:00,56.065063,160.631348,3.95,0.84,-0.322,2
2015-11-28 10:47:36.070000+00:00,56.056742,160.611849,29.44,0.8,-100.0,2
2015-11-28 10:48:57.240000+00:00,56.062878,160.624089,-1.27,0.1,-100.0,2
2015-11-28 10:50:50.790000+00:00,56.063098,160.603337,29.96,0.95,-100.0,2
2015-11-28 10:58:40.920000+00:00,56.063493,160.618929,-0.85,0.21,-100.0,2
2015-11-28 11:21:57.520000+00:00,56.066866,160.622933,24.69,0.72,-100.0,2
2015-11-28 11:41:58.910000+00:00,56.126799,160.453857,6.87,0.46,-0.575,2
2015-11-28 11:43:02.040000+00:00,56.063171,160.62334,-1.05,0.9,-0.23,2
2015-11-28 12:09:38.980000+00:00,56.069189,160.630876,4.82,0.65,-0.312,2
2015-11-28 12:17:29.190000+00:00,56.125183,160.454053,7.4,0.34,-100.0,2
2015-11-28 12:24:43.690000+00:00,56.124268,160.452067,6.48,0.96,-0.467,2
2015-11-28 12:27:19.900000+00:00,56.055448,160.599023,33.7,1.1,-0.512,2
2015-11-28 12:28:14.230000+00:00,56.064355,160.630241,-1.02,0.72,-100.0,2
2015-11-28 12:28:48.560000+00:00,56.065039,160.62583,-0.75,0.56,-100.0,2
2015-11-28 12:38:55.860000+00:00,56.125334,160.453109,1.16,0.56,-0.529,2
2015-11-28 12:48:23.600000+00:00,56.062675,160.622949,-1.2,0.69,-0.523,2
2015-11-28 13:17:19.830000+00:00,55.85317,160.981624,14.4,1.48,-0.208,2
2015-11-28 13:19:26.880000+00:00,56.064136,160.618066,-0.93,0.59,-100.0,2
2015-11-28 13:25:19.060000+00:00,56.150952,160.401123,6.17,1.26,-0.689,2
2015-11-28 13:34:54.900000+00:00,56.10461,160.449674,-1.62,0.68,-100.0,2
2015-11-28 13:37:16.190000+00:00,56.076868,160.54751,-0.63,0.67,-0.441,2
2015-11-28 13:41:36.860000+00:00,56.071521,160.632975,6.04,0.63,-0.645,2
2015-11-28 13:48:32.680000+00:00,56.062964,160.624186,-0.96,0.78,-0.346,2
2015-11-28 13:52:44.660000+00:00,56.063538,160.622835,-1.0,1.1,-100.0,2
2015-11-28 13:58:01.830000+00:00,56.064233,160.616292,-1.3,1.35,-0.64,2
2015-11-28 13:59:08.330000+00:00,56.062935,160.622087,-1.32,0.69,-100.0,2
2015-11-28 14:03:53.200000+00:00,56.063485,160.625814,-0.99,0.39,-100.0,2
2015-11-28 14:05:20.480000+00:00,56.043197,160.627913,21.77,0.88,-0.566,2
2015-11-28 14:09:42.410000+00:00,56.065295,160.627116,-0.48,1.3,-0.516,2
2015-11-28 14:14:14.800000+00:00,56.063497,160.623454,-1.08,0.95,-100.0,2
2015-11-28 14:17:25.740000+00:00,56.070162,160.631104,5.29,1.15,-0.562,2
2015-11-28 14:18:09.420000+00:00,56.068176,160.62443,-0.1,1.43,-0.741,2
2015-11-28 14:28:44.400000+00:00,56.064579,160.631689,-0.85,1.05,-0.674,2
2015-11-28 14:32:01.170000+00:00,56.065344,160.625407,-0.8,1.52,-1.08,2
2015-11-28 14:37:22.460000+00:00,56.07203,160.628597,4.78,1.56,-0.758,2
2015-11-28 14:43:54.530000+00:00,56.071086,160.633024,4.79,0.87,-0.51,2
2015-11-28 14:45:44.780000+00:00,56.066947,160.628776,12.34,1.08,-0.826,2
2015-11-28 14:47:44.830000+00:00,56.152877,160.711637,30.24,1.09,-0.749,2
2015-11-28 14:49:29.030000+00:00,56.065645,160.625212,-0.77,1.07,-0.71,2
2015-11-28 14:51:59.320000+00:00,56.06368,160.633626,11.62,0.93,-0.834,2
2015-11-28 14:53:06.420000+00:00,56.119523,160.68724,25.35,0.45,-100.0,2
2015-11-28 14:55:15.950000+00:00,56.065658,160.627376,-0.81,0.81,-100.0,2
2015-11-28 14:58:30.780000+00:00,56.065177,160.621989,-1.07,1.16,-0.557,2
2015-11-28 15:02:22.890000+00:00,56.064722,160.625635,-0.81,1.36,-0.69,2
2015-11-28 15:03:38.170000+00:00,56.065104,160.626009,-2.03,1.31,-0.978,2
2015-11-28 15:05:33.190000+00:00,56.065308,160.625358,-0.85,1.02,-0.695,2
2015-11-28 15:09:15.260000+00:00,56.067973,160.627116,3.93,1.19,-0.639,2
2015-11-28 15:11:12.310000+00:00,56.064303,160.623763,-1.44,1.5,-1.031,2
2015-11-28 15:12:10.230000+00:00,56.064095,160.622201,-1.12,1.59,-0.662,2
2015-11-28 15:16:08.140000+00:00,56.07255,160.628418,4.4,1.17,-0.715,2
2015-11-28 15:17:42.690000+00:00,56.070789,160.632715,5.27,1.18,-0.713,2
2015-11-28 15:21:47.720000+00:00,56.064889,160.627783,-0.8,1.0,-100.0,2
2015-11-28 15:23:42.070000+00:00,56.064217,160.625293,-1.04,1.03,-0.422,2
2015-11-28 15:26:53.980000+00:00,55.797274,160.318913,0.95,0.96,-0.388,2
2015-11-28 15:29:37.250000+00:00,56.13394,160.711149,25.33,1.04,-0.747,2
2015-11-28 15:34:30.740000+00:00,56.181999,160.665706,34.06,0.73,-100.0,2
2015-11-28 15:35:10.500000+00:00,56.064535,160.624447,-0.84,0.99,-0.685,2
2015-11-28 15:35:36.910000+00:00,56.064539,160.623145,-0.83,0.76,-100.0,2
2015-11-28 15:36:31.860000+00:00,56.069263,160.628613,4.05,0.92,-0.583,2
2015-11-28 15:37:33.270000+00:00,56.115788,160.70472,22.56,0.79,-100.0,2
2015-11-28 15:38:15.130000+00:00,56.06403,160.622331,-1.08,1.21,-0.557,2
2015-11-28 15:41:17.140000+00:00,56.065279,160.592122,-0.03,1.15,-100.0,2
2015-11-28 15:51:53.840000+00:00,56.06451,160.644499,5.85,1.37,-0.69,2
2015-11-28 15:53:26.250000+00:00,56.072949,160.629329,5.91,1.18,-0.545,2
2015-11-28 15:54:07.110000+00:00,56.072616,160.632633,5.28,2.48,-1.112,2
2015-11-28 15:59:54.350000+00:00,56.018831,160.893685,17.02,1.2,-100.0,2
2015-11-28 16:26:46.070000+00:00,56.06864,160.629883,4.99,1.27,-0.701,2
2015-11-28 16:38:01.860000+00:00,56.063798,160.624349,-1.09,0.67,-0.555,2
2015-11-28 17:02:11.240000+00:00,56.054069,160.617269,26.49,0.9,-100.0,2
2015-11-28 17:08:22.420000+00:00,56.063741,160.627702,-1.25,0.34,-100.0,2
2015-11-28 17:13:23.600000+00:00,56.070658,160.630143,5.79,1.1,-0.463,2
2015-11-28 17:20:03.500000+00:00,56.061137,160.614111,27.71,0.86,-100.0,2
2015-11-28 17:35:02.480000+00:00,56.075175,160.630501,28.54,0.78,-100.0,2
2015-11-28 17:35:36.480000+00:00,56.053874,160.628418,26.08,0.5,-100.0,2
2015-11-28 17:36:50.200000+00:00,56.056421,160.615267,18.83,0.63,-100.0,2
2015-11-28 17:40:32.380000+00:00,56.064299,160.62054,-1.11,1.23,-0.661,2
2015-11-28 17:48:46.520000+00:00,56.05789,160.616748,26.27,1.11,-0.249,2
2015-11-28 17:58:36.800000+00:00,56.135689,160.542025,23.39,0.86,-0.624,2
2015-11-28 18:14:03.720000+00:00,56.064355,160.608822,26.55,0.89,-100.0,2
2015-11-28 18:18:12.920000+00:00,56.130249,160.455225,17.57,0.57,0.047,2
2015-11-28 18:27:25.680000+00:00,56.058081,160.619401,25.68,0.88,-100.0,2
2015-11-28 18:29:55.080000+00:00,55.776945,160.38903,11.28,0.98,-0.763,2
2015-11-28 18:48:53+00:00,56.056978,160.61582,27.98,0.98,-100.0,2
2015-11-28 18:55:26.680000+00:00,56.056925,160.485173,7.65,0.68,-0.509,2
2015-11-28 19:02:31.920000+00:00,56.055811,160.617383,26.9,0.87,-100.0,2
2015-11-28 19:51:06.640000+00:00,56.066207,160.618018,27.22,0.6,-100.0,2
2015-11-28 19:52:17.920000+00:00,56.032125,160.626058,21.27,1.03,-100.0,2
2015-11-28 20:31:08.520000+00:00,56.0453,160.627067,25.34,0.63,-100.0,2
2015-11-28 20:34:36.380000+00:00,56.056726,160.616943,27.17,0.77,-0.242,2
2015-11-28 20:57:05.680000+00:00,55.681641,160.397493,8.56,0.55,-0.307,2
2015-11-28 21:28:41.320000+00:00,56.132544,160.450765,1.09,0.48,-100.0,2
2015-11-28 22:16:44.340000+00:00,56.055412,160.612044,26.68,0.97,-0.512,2
2015-11-28 23:39:50.740000+00:00,56.032581,160.640934,30.15,0.64,-100.0,2
2015-11-29 00:16:34.040000+00:00,55.827002,160.382487,-0.15,1.54,-0.406,1
2015-11-29 00:23:16.520000+00:00,56.058838,160.618376,27.07,0.81,-100.0,1
2015-11-29 00:26:53.340000+00:00,55.825765,160.382113,-0.21,1.02,-0.266,1
2015-11-29 00:51:05.850000+00:00,56.053524,160.614535,26.76,0.98,-100.0,1
2015-11-29 00:58:49.200000+00:00,56.063721,160.624561,-1.0,0.31,-100.0,1
2015-11-29 01:07:02.180000+00:00,56.045146,160.61193,25.84,0.72,-100.0,1
2015-11-29 01:52:15.570000+00:00,56.060958,160.613949,27.82,0.98,-0.394,1
2015-11-29 02:15:25.720000+00:00,56.063,160.607064,28.0,1.06,-100.0,1
2015-11-29 02:59:36.130000+00:00,56.059623,160.60791,27.45,0.85,-100.0,1
2015-11-29 03:00:53.620000+00:00,56.132243,160.451188,7.94,0.31,-100.0,1
2015-11-29 03:50:26.710000+00:00,55.822847,160.384896,3.3,0.08,-100.0,1
2015-11-29 04:17:12.540000+00:00,56.138965,160.597233,15.87,0.44,-100.0,1
2015-11-29 05:23:09.700000+00:00,56.057369,160.625505,27.19,1.13,-0.338,1
2015-11-29 05:44:42.890000+00:00,56.062858,160.648682,28.96,0.55,-100.0,1
2015-11-29 05:45:24.140000+00:00,56.057723,160.620687,26.64,0.7,-100.0,1
2015-11-29 05:46:10.540000+00:00,56.053874,160.617643,26.06,0.8,-100.0,1
2015-11-29 05:49:03.610000+00:00,56.066488,160.621549,-1.13,0.45,-100.0,1
2015-11-29 05:50:28.570000+00:00,56.052437,160.615853,27.0,1.06,-0.409,1
2015-11-29 05:51:40.250000+00:00,56.050122,160.622005,27.5,0.86,-100.0,1
2015-11-29 06:29:39.950000+00:00,55.926908,160.693913,11.94,0.46,-100.0,1
2015-11-29 06:40:29.170000+00:00,56.058175,160.625163,27.67,1.37,-0.299,1
2015-11-29 07:14:10.230000+00:00,56.049076,160.612321,26.63,0.65,-100.0,1
2015-11-29 07:46:42.570000+00:00,56.059843,160.618766,26.86,0.85,-100.0,1
2015-11-29 07:52:45.660000+00:00,56.053333,160.616618,26.89,0.64,-100.0,1
2015-11-29 07:54:14.330000+00:00,56.05566,160.618555,28.36,0.61,-100.0,1
2015-11-29 08:07:34.120000+00:00,56.054692,160.624707,27.28,1.09,-0.322,1
2015-11-29 08:31:34.230000+00:00,56.053849,160.609212,28.26,0.74,-100.0,1
2015-11-29 08:56:12.840000+00:00,55.808289,160.338525,11.07,0.86,-0.333,1
2015-11-29 08:56:40.470000+00:00,56.066366,160.655762,31.63,0.78,-0.484,1
2015-11-29 09:05:49.050000+00:00,56.119226,160.45861,0.01,0.82,-0.724,1
2015-11-29 09:12:23.120000+00:00,56.104203,160.371419,14.66,0.88,-0.655,1
2015-11-29 10:03:49.840000+00:00,56.054333,160.611947,27.73,1.17,-0.206,1
2015-11-29 10:05:52.140000+00:00,56.141805,160.745931,19.96,0.7,-100.0,1
2015-11-29 10:16:34.100000+00:00,56.055253,160.6021,30.41,0.81,-100.0,1
2015-11-29 10:57:02.900000+00:00,56.05363,160.596745,30.88,0.83,-100.0,1
2015-11-29 10:57:42.860000+00:00,55.78748,160.466146,14.71,0.44,-0.473,1
2015-11-29 11:54:56.920000+00:00,55.847884,160.386849,12.73,0.1,-100.0,1
2015-11-29 12:08:30.410000+00:00,55.854395,160.54152,-0.15,0.93,-0.315,1
2015-11-29 12:25:11.220000+00:00,55.694482,160.464795,0.37,0.65,-100.0,1
2015-11-29 12:58:58.270000+00:00,56.108362,160.69471,2.69,0.7,-100.0,1
2015-11-29 13:25:11.050000+00:00,56.112651,160.457015,3.66,0.78,-0.735,1
2015-11-29 13:26:46.560000+00:00,56.061511,160.619727,-1.54,0.73,-100.0,1
2015-11-29 13:47:49.110000+00:00,56.053894,160.607259,26.07,0.6,-100.0,1
2015-11-29 14:18:41.720000+00:00,55.713721,160.448145,8.26,0.4,-100.0,1
2015-11-29 14:39:41.530000+00:00,56.063924,160.6243,-1.11,1.27,-100.0,1
2015-11-29 14:41:45.860000+00:00,55.68894,160.392594,16.45,0.55,-100.0,1
2015-11-29 14:51:57.440000+00:00,55.831095,160.383089,-0.81,0.75,-0.621,1
2015-11-29 15:24:21.820000+00:00,56.040719,160.616943,31.06,1.09,-100.0,1
2015-11-29 15:27:08.040000+00:00,56.07467,160.588053,27.85,1.07,-0.369,1
2015-11-29 16:06:41.830000+00:00,56.104545,160.438867,-0.68,0.07,-100.0,1
2015-11-29 17:21:32.520000+00:00,56.097066,160.524528,14.81,0.41,-0.83,1
2015-11-29 18:02:15.520000+00:00,55.772961,160.489274,14.54,0.63,-0.274,1
2015-11-29 18:57:51.780000+00:00,56.119307,160.455208,0.68,0.8,-0.656,1
2015-11-29 21:52:47.160000+00:00,56.071033,160.556331,0.06,0.72,-100.0,1
2015-11-29 22:23:49.800000+00:00,56.071574,160.623747,0.36,1.05,-100.0,1
2015-11-29 22:46:18.840000+00:00,56.119332,160.456234,0.21,0.57,-0.726,1
2015-11-29 23:42:10.740000+00:00,55.779041,160.218522,15.81,0.29,-0.592,1
2015-11-29 23:43:31.760000+00:00,55.833521,160.386963,0.09,0.23,-0.493,1
2015-11-30 01:24:27.060000+00:00,55.714058,160.437435,7.8,0.84,-0.289,1
2015-11-30 02:47:24.400000+00:00,56.114396,160.45363,3.66,0.95,-0.712,1
2015-11-30 02:48:49.670000+00:00,56.125802,160.451969,8.38,0.8,-100.0,1
2015-11-30 03:08:00.950000+00:00,56.061296,160.628516,-0.42,0.62,-100.0,1
2015-11-30 03:13:27.890000+00:00,55.797872,160.344108,2.22,0.63,-100.0,1
2015-11-30 11:04:24.970000+00:00,56.062097,160.624707,-1.19,0.43,-100.0,1
2015-11-30 13:27:03.620000+00:00,55.703719,160.370719,19.43,0.69,-100.0,1
2015-11-30 14:25:47.610000+00:00,56.049068,160.611393,-0.37,1.14,0.125,1
2015-11-30 15:36:39.020000+00:00,56.104899,160.721273,12.8,0.99,-100.0,1
2015-11-30 16:50:59.990000+00:00,55.827409,160.347689,0.44,0.93,-100.0,1
2015-11-30 19:15:51.160000+00:00,55.844222,160.492122,7.99,0.57,-0.373,1
2015-11-30 20:14:45.600000+00:00,56.122685,160.53641,15.35,0.96,-0.63,1
2015-11-30 20:21:06.440000+00:00,55.835441,160.375,8.06,0.52,-100.0,1
2015-11-30 22:02:18.400000+00:00,56.05035,160.606755,29.84,0.82,-0.675,1
2015-12-01 00:31:55.540000+00:00,56.126367,160.462158,1.92,0.79,-0.7,1
2015-12-01 01:04:03.980000+00:00,55.710071,160.441227,8.95,0.83,-0.339,1
2015-12-01 01:27:50.750000+00:00,55.830314,160.498258,-2.0,1.23,-0.454,1
2015-12-01 05:40:57.460000+00:00,55.808394,160.249919,22.5,0.83,-0.759,1
2015-12-01 05:53:01.280000+00:00,55.836613,160.293213,20.54,0.64,-0.517,1
2015-12-01 05:53:17.880000+00:00,55.789323,160.342708,22.98,0.72,-0.403,1
2015-12-01 06:42:46.360000+00:00,56.061947,160.605794,31.95,1.08,-0.991,1
2015-12-01 06:57:00.920000+00:00,56.062406,160.593424,34.62,0.48,-100.0,1
2015-12-01 07:42:07.630000+00:00,56.001941,160.656152,28.18,0.55,-0.656,1
2015-12-01 08:13:13.650000+00:00,56.051554,160.593343,30.73,0.72,-100.0,1
2015-12-01 08:44:06.950000+00:00,56.279431,160.90363,29.14,0.98,-0.381,1
2015-12-01 08:58:58.800000+00:00,55.711381,160.428239,15.16,1.91,-0.225,1
2015-12-01 09:27:29.610000+00:00,56.125545,160.446354,9.08,0.36,-0.518,1
2015-12-01 09:38:24.330000+00:00,56.127006,160.457747,8.96,0.49,-0.804,1
2015-12-01 09:42:55.410000+00:00,56.118628,160.454297,-0.08,0.55,-0.392,1
2015-12-01 11:52:08.550000+00:00,55.82758,160.376758,-1.24,0.86,-0.388,1
2015-12-01 12:15:32.160000+00:00,56.117318,160.462939,-2.04,0.4,-0.782,1
2015-12-01 12:22:52.420000+00:00,55.819035,160.332959,18.02,0.36,-0.822,1
2015-12-01 14:20:15.220000+00:00,56.121741,160.450456,0.22,0.38,-0.484,1
2015-12-01 16:51:33.530000+00:00,55.818396,160.328239,24.49,0.37,-0.446,1
2015-12-01 17:12:14.680000+00:00,55.904952,160.829427,7.49,1.06,-0.278,1
2015-12-01 17:19:49.960000+00:00,55.60273,160.540511,26.85,0.77,-100.0,1
2015-12-01 18:18:21.800000+00:00,56.126599,160.446452,5.02,0.06,-100.0,1
2015-12-01 19:08:22.800000+00:00,56.076469,160.630452,5.01,0.6,-0.253,1
2015-12-01 19:14:57.900000+00:00,56.120829,160.452327,-0.27,0.84,-0.565,1
2015-12-01 19:25:17.360000+00:00,56.127616,160.455225,0.47,0.41,-100.0,1
2015-12-01 19:28:32.920000+00:00,56.126225,160.443848,2.57,0.38,-0.63,1
2015-12-01 19:57:40.720000+00:00,56.107389,160.536621,8.38,0.95,-0.241,1
2015-12-01 20:02:31.160000+00:00,55.826196,160.381055,-0.07,1.2,-0.298,1
2015-12-01 20:30:11.780000+00:00,55.817993,160.161068,16.17,0.4,-100.0,1
2015-12-01 21:02:54+00:00,56.064107,160.624528,-0.88,0.58,-100.0,1
2015-12-01 22:40:53.120000+00:00,56.083057,160.632601,6.54,0.6,-100.0,1
2015-12-01 22:45:32+00:00,55.810852,160.276481,21.78,0.48,-100.0,1
2015-12-01 23:15:45.940000+00:00,56.222013,160.885465,26.75,1.2,-100.0,1
2015-12-02 01:03:50.810000+00:00,56.070105,160.62985,3.77,1.01,-0.307,1
2015-12-02 04:30:30.660000+00:00,56.051331,160.605566,30.74,1.38,-0.797,1
2015-12-02 04:50:34.110000+00:00,56.105176,160.395589,12.29,0.94,-0.699,1
2015-12-02 04:55:26.680000+00:00,56.060864,160.622819,-1.3,1.31,-100.0,1
2015-12-02 05:07:57.140000+00:00,56.068681,160.630843,3.36,0.97,-0.73,1
2015-12-02 07:53:59.810000+00:00,55.768123,160.44209,7.05,0.52,-100.0,1
2015-12-02 08:34:26.980000+00:00,56.115678,160.510254,14.91,0.63,-0.543,1
2015-12-02 10:10:35.600000+00:00,56.379671,160.61346,31.15,1.24,-0.315,1
2015-12-02 10:17:54.290000+00:00,56.183459,160.421094,11.02,0.28,-100.0,1
2015-12-02 10:29:36.370000+00:00,55.517407,160.67736,7.83,1.06,-100.0,1
2015-12-02 11:28:35.830000+00:00,56.182788,160.466585,15.46,0.57,-100.0,1
2015-12-02 11:43:14.640000+00:00,55.918901,160.858138,15.41,1.03,0.033,1
2015-12-02 12:12:13.370000+00:00,56.157756,160.394141,5.98,0.32,-100.0,1
2015-12-02 12:17:27.510000+00:00,56.064705,160.598535,-0.57,0.66,-0.522,1
2015-12-02 12:50:08.760000+00:00,55.724215,160.48929,8.68,0.69,-0.43,1
2015-12-02 13:05:25.390000+00:00,56.218591,160.851465,26.8,1.43,-0.305,1
2015-12-02 14:12:25.560000+00:00,55.677144,160.43221,10.24,0.3,-100.0,1
2015-12-02 15:31:52.410000+00:00,56.241569,160.570166,36.31,0.78,-100.0,1
2015-12-02 19:00:13.120000+00:00,55.70957,160.401611,10.97,0.64,-100.0,1
2015-12-02 20:52:09.040000+00:00,56.063855,160.620557,-1.2,0.67,-100.0,1
2015-12-02 22:06:06.520000+00:00,55.69176,160.408805,11.27,0.83,-0.251,1
2015-12-02 23:40:46.740000+00:00,56.060543,160.610221,30.19,0.93,-0.63,1
2015-12-03 02:00:49.760000+00:00,55.674638,160.417497,0.35,0.38,-100.0,1
2015-12-03 02:02:48.570000+00:00,56.1184,160.456901,0.04,0.77,-0.66,1
2015-12-03 04:55:56.410000+00:00,56.12559,160.453874,7.41,0.47,-0.576,1
2015-12-03 06:14:26.570000+00:00,56.054419,160.327669,11.66,0.32,-100.0,1
2015-12-03 06:58:02.690000+00:00,55.822164,160.378402,3.0,0.04,-100.0,1
2015-12-03 07:03:53.760000+00:00,56.155855,160.846647,29.17,0.6,-100.0,1
2015-12-03 07:49:54.200000+00:00,55.877816,160.391895,0.53,0.48,-100.0,1
2015-12-03 09:57:20.220000+00:00,56.058073,160.6021,28.04,1.02,-100.0,1
2015-12-03 10:14:24.250000+00:00,55.685518,160.428206,12.54,0.72,-100.0,1
2015-12-03 10:16:23.700000+00:00,55.687699,160.431689,11.49,0.91,-0.044,1
2015-12-03 10:24:46.930000+00:00,55.684912,160.375977,15.09,1.61,-0.316,1
2015-12-03 11:07:15.600000+00:00,56.1413,160.832796,23.17,1.23,-0.299,1
2015-12-03 11:57:41.740000+00:00,55.820374,160.271615,-0.81,0.61,-0.704,1
2015-12-03 13:48:22.610000+00:00,56.055448,160.607747,32.36,1.37,-0.736,1
2015-12-03 13:59:02.040000+00:00,56.051082,160.60446,31.5,1.05,-0.688,1
2015-12-03 14:30:22.600000+00:00,55.685791,160.419613,13.46,0.5,-100.0,1
2015-12-03 14:31:56.340000+00:00,56.055664,160.615186,33.7,0.94,-100.0,1
2015-12-03 14:47:59.530000+00:00,56.052657,160.591585,30.24,0.82,-100.0,1
2015-12-03 15:29:54.080000+00:00,56.050244,160.605322,30.11,1.1,-0.649,1
2015-12-03 15:34:25.660000+00:00,56.118892,160.457503,0.43,0.54,-0.635,1
2015-12-03 15:39:02.790000+00:00,55.525667,160.273942,32.76,1.32,-100.0,1
2015-12-03 15:39:06.930000+00:00,55.894857,160.495817,7.85,1.16,-100.0,1
2015-12-03 16:20:25.110000+00:00,55.670561,160.410205,12.67,0.76,-0.186,1
2015-12-03 16:28:35.470000+00:00,56.061108,160.614909,36.27,0.89,-100.0,1
2015-12-03 17:26:49.220000+00:00,56.057275,160.619661,34.48,0.84,-100.0,1
2015-12-03 17:52:29.320000+00:00,56.079447,160.634749,1.21,0.59,-100.0,1
2015-12-03 18:31:30.880000+00:00,56.117456,160.457764,-0.23,0.29,-0.662,1
2015-12-03 18:57:35.120000+00:00,55.685567,160.388395,14.22,0.31,-100.0,1
2015-12-03 19:01:42.280000+00:00,56.05977,160.61071,34.23,1.24,-0.668,1
2015-12-03 20:01:34.240000+00:00,56.129907,160.448861,0.9,0.58,-0.681,1
2015-12-03 22:23:23.920000+00:00,56.117212,160.456396,0.39,0.41,-0.572,1
2015-12-03 23:25:14.800000+00:00,55.714172,160.433968,11.41,1.2,-0.235,1
2015-12-03 23:28:23.140000+00:00,56.128727,160.4493,6.76,0.47,-100.0,1
2015-12-03 23:52:44.080000+00:00,56.025077,160.779541,10.7,1.04,-0.165,1
2015-12-04 00:16:27.670000+00:00,56.125814,160.462451,0.57,0.75,-0.7,1
2015-12-04 00:37:44.180000+00:00,56.059135,160.610807,33.54,1.23,-0.543,1
2015-12-04 01:36:37.090000+00:00,55.699548,160.422786,11.7,0.6,-100.0,1
2015-12-04 01:39:57.290000+00:00,55.691337,160.509668,8.71,0.55,-100.0,1
2015-12-04 02:44:50.810000+00:00,56.13702,160.863363,26.66,0.72,-100.0,1
2015-12-04 03:47:45.830000+00:00,56.095768,160.703743,19.39,0.98,-0.41,1
2015-12-04 04:03:06.980000+00:00,56.052665,160.607812,31.94,1.25,-0.688,1
2015-12-04 04:09:25.930000+00:00,55.715898,160.504801,10.7,1.65,-0.267,1
2015-12-04 06:07:43.140000+00:00,56.20887,160.874658,28.11,0.84,-100.0,1
2015-12-04 06:09:36.250000+00:00,56.213403,160.901758,26.97,0.28,-100.0,1
2015-12-04 06:59:34.720000+00:00,55.838599,160.366488,12.14,0.53,-0.669,1
2015-12-04 07:00:26.240000+00:00,55.845284,160.357845,0.83,0.12,-100.0,1
2015-12-04 07:06:38.270000+00:00,55.914482,160.490723,21.13,0.07,-100.0,1
2015-12-04 07:07:43.090000+00:00,55.844942,160.382731,15.55,0.58,-0.685,1
2015-12-04 07:13:34.730000+00:00,55.842208,160.400277,16.7,0.38,-0.552,1
2015-12-04 08:04:40.440000+00:00,55.98995,160.476107,17.18,0.76,-100.0,1
2015-12-04 08:31:35.030000+00:00,56.056222,160.606055,31.72,1.1,-0.649,1
2015-12-04 11:26:01.620000+00:00,56.133354,160.437207,7.23,0.37,-100.0,1
2015-12-04 12:16:05.310000+00:00,56.063761,160.609342,35.77,1.09,-0.694,1
2015-12-04 12:31:36.080000+00:00,56.126506,160.469076,9.54,0.48,-100.0,1
2015-12-04 13:23:23.780000+00:00,56.130924,160.479281,15.67,0.77,-100.0,1
2015-12-04 15:06:53.280000+00:00,55.9078,160.858073,13.82,1.22,0.216,1
2015-12-04 16:42:41.860000+00:00,56.054822,160.604508,31.85,1.22,-0.716,1
2015-12-04 18:05:39.040000+00:00,55.710111,160.438981,10.28,1.26,-0.243,1
2015-12-04 19:43:02.960000+00:00,56.127417,160.447005,9.18,0.73,-100.0,1
2015-12-04 20:55:55.400000+00:00,56.053267,160.605908,31.25,1.39,-0.75,1
2015-12-05 00:32:36.100000+00:00,56.052775,160.605697,30.94,1.45,-0.63,2
2015-12-05 09:46:56.400000+00:00,56.061698,160.611361,37.93,1.33,-0.642,2
2015-12-05 12:05:40.310000+00:00,55.6703,160.396012,12.61,0.69,-100.0,2
2015-12-05 13:19:24.630000+00:00,56.055009,160.609326,33.07,1.24,-100.0,2
2015-12-05 16:17:36.080000+00:00,56.056657,160.614095,34.9,1.51,-0.691,2
2015-12-05 16:20:00.850000+00:00,56.192725,160.851839,26.22,1.76,-0.089,2
2015-12-05 19:05:09.640000+00:00,55.689205,160.422021,13.14,0.69,-100.0,2
2015-12-05 19:08:56.840000+00:00,55.553162,160.292008,16.82,1.29,-0.138,2
2015-12-05 19:12:13.960000+00:00,55.711076,160.442415,10.53,1.07,-0.233,2
2015-12-05 19:21:18.920000+00:00,56.04967,160.603646,29.79,1.31,-0.68,2
2015-12-05 22:31:08.020000+00:00,56.06486,160.619906,39.04,1.58,-0.853,2
2015-12-06 01:29:06.320000+00:00,55.725948,160.42819,12.31,0.88,-0.315,2
2015-12-06 01:44:37.110000+00:00,56.059981,160.60625,34.9,1.61,-100.0,2
2015-12-06 08:28:15.220000+00:00,55.920272,160.697819,9.71,1.7,-0.187,2
2015-12-07 04:52:44.850000+00:00,56.056181,160.605697,15.52,1.8,-100.0,2
2015-12-07 15:39:23.870000+00:00,56.056637,160.613086,2.99,1.62,-100.0,2
2015-12-07 18:45:41.840000+00:00,55.715275,160.514209,7.88,2.38,-0.212,2
2015-12-07 19:55:20.300000+00:00,56.21263,160.840951,26.55,1.81,-100.0,2
2015-12-07 23:46:42.800000+00:00,56.167493,160.887939,20.53,1.7,-0.062,2
2015-12-08 00:37:31.520000+00:00,55.71571,160.50734,10.63,0.8,-100.0,2
2015-12-08 00:54:21.840000+00:00,56.112077,160.387679,10.14,1.41,-100.0,2
2015-12-08 03:54:41.160000+00:00,55.689917,160.457666,10.43,0.84,-100.0,2
2015-12-08 05:03:33.870000+00:00,55.71027,160.39235,16.92,0.76,-100.0,2
2015-12-08 13:06:48.930000+00:00,55.544194,160.572103,30.2,1.13,-100.0,2
2015-12-08 18:24:45.280000+00:00,56.057812,160.616634,33.78,1.85,-100.0,2
2015-12-08 19:02:56+00:00,55.699849,160.470752,10.43,1.08,-100.0,2
2015-12-08 20:51:39.260000+00:00,55.542358,160.320394,14.33,1.22,-0.184,2
2015-12-08 21:51:02.360000+00:00,56.157658,160.862549,25.4,1.68,-100.0,2
2015-12-08 22:57:20.720000+00:00,55.7099,160.43348,12.25,1.27,-0.077,2
2015-12-09 04:21:12.720000+00:00,55.62784,160.089111,28.52,0.88,-100.0,2
2015-12-09 04:32:00.960000+00:00,55.695357,160.43361,10.77,1.57,-0.262,2
2015-12-09 10:40:18.680000+00:00,56.155587,160.852962,26.75,1.68,-100.0,2
2015-12-09 11:52:24.670000+00:00,55.825732,160.380615,0.1,0.89,-100.0,2
2015-12-09 12:28:26.700000+00:00,56.056075,160.608073,34.81,1.51,-0.663,2
2015-12-09 15:35:08.230000+00:00,56.122457,160.743197,24.74,1.68,-100.0,2
2015-12-09 16:40:35.880000+00:00,56.052437,160.60682,31.88,1.44,-0.755,2
2015-12-09 19:48:59.320000+00:00,56.052262,160.604818,32.0,1.31,-100.0,2
2015-12-09 22:05:53.060000+00:00,56.112736,160.666048,1.52,1.15,-100.0,2
2015-12-09 23:12:19.020000+00:00,56.068514,160.625993,-0.5,1.49,-100.0,2
2015-12-10 07:06:46.640000+00:00,55.70247,160.430404,12.97,1.03,-0.181,2
2015-12-10 07:07:36.540000+00:00,55.71132,160.403564,11.49,0.87,-100.0,2
2015-12-10 12:27:49.510000+00:00,55.818282,160.381738,0.0,0.98,-100.0,2
2015-12-11 10:21:12.730000+00:00,55.757792,160.481738,8.95,1.05,-100.0,2
2015-12-11 14:38:49.030000+00:00,55.728064,160.448079,9.98,0.84,-100.0,2
2015-12-11 16:25:03.970000+00:00,56.108712,160.554443,9.17,1.48,-100.0,2
2015-12-12 02:38:02.860000+00:00,55.825309,160.454329,6.9,0.77,-100.0,2
2015-12-12 03:07:31.310000+00:00,55.765361,160.872624,18.71,1.19,-100.0,2
2015-12-12 05:15:25.680000+00:00,55.723287,160.452441,12.25,0.67,-100.0,2
2015-12-12 08:03:59.650000+00:00,55.722335,160.429313,15.68,1.89,-0.188,2
2015-12-12 11:23:26.840000+00:00,55.669906,160.385514,14.0,0.95,-100.0,2
2015-12-12 11:40:16.210000+00:00,56.105204,160.530518,9.8,1.09,-100.0,2
2015-12-12 12:05:49.710000+00:00,56.107544,160.529753,8.75,1.76,-0.263,2
2015-12-12 13:18:01.990000+00:00,55.8288,160.482406,6.49,1.04,-0.342,2
2015-12-12 14:05:35.670000+00:00,55.839054,160.498242,5.74,0.95,-100.0,2
2015-12-12 15:47:38.500000+00:00,56.107104,160.526921,8.9,1.49,-100.0,2
2015-12-12 17:43:21.020000+00:00,56.106673,160.530469,9.51,1.07,-100.0,2
2015-12-12 18:50:32.880000+00:00,56.064852,160.625846,-0.81,1.48,-100.0,2
2015-12-13 00:34:41.040000+00:00,56.048352,160.606022,28.85,1.54,-0.933,2
2015-12-13 01:22:05.970000+00:00,56.10791,160.527295,9.17,1.59,-0.267,2
2015-12-13 01:37:42.340000+00:00,55.727344,160.436882,15.97,0.75,-100.0,2
2015-12-13 03:00:40.530000+00:00,55.705872,160.427897,8.81,1.71,-0.151,2
2015-12-13 03:01:29.380000+00:00,55.696342,160.445524,11.87,1.34,-0.156,2
2015-12-13 18:27:28.120000+00:00,56.105497,160.522982,11.44,1.41,-100.0,2
2015-12-14 06:46:18.400000+00:00,55.801721,160.316862,10.01,1.33,-100.0,2
2015-12-14 09:19:46.400000+00:00,55.734265,160.524642,12.49,1.07,-0.311,2
2015-12-14 19:23:07.940000+00:00,55.726135,160.485579,12.18,0.89,-100.0,2
2015-12-15 03:04:55+00:00,55.728223,160.494401,1.43,1.6,-0.166,2
2015-12-15 05:43:09.120000+00:00,56.220699,160.84502,24.54,2.12,-100.0,2
2015-12-15 09:01:30.560000+00:00,56.228153,160.837191,23.14,1.97,-0.271,2
2015-12-15 16:17:27.020000+00:00,56.164091,160.899756,24.45,1.77,-0.23,2
2015-12-16 08:40:12.880000+00:00,55.984212,160.922884,9.58,1.65,-100.0,2
2015-12-16 08:56:43.720000+00:00,55.838082,160.488542,6.28,0.95,-100.0,2
2015-12-16 10:15:44.510000+00:00,56.005904,160.817285,16.71,1.65,-0.199,2
2015-12-16 10:44:06.080000+00:00,56.008582,160.815755,16.59,1.5,-0.224,2
2015-12-16 11:22:43.800000+00:00,56.007007,160.804085,16.63,1.71,-100.0,2
2015-12-16 14:24:33.300000+00:00,55.995581,160.793896,17.57,1.33,-100.0,2
2015-12-17 10:32:52.380000+00:00,56.05343,160.61224,30.66,1.37,-0.696,2
2015-12-17 15:26:51.130000+00:00,55.834306,160.386702,7.53,1.35,-0.035,2
2015-12-17 15:53:39.570000+00:00,55.703874,160.471875,0.2,0.8,-100.0,2
2015-12-17 19:33:37.800000+00:00,55.9894,160.308919,-1.25,0.79,-100.0,2
2015-12-17 21:34:05.680000+00:00,55.586967,160.115137,26.01,1.92,-0.956,2
2015-12-18 01:39:02.050000+00:00,56.19762,160.662777,28.04,1.64,-100.0,2
2015-12-18 02:31:59.190000+00:00,56.156816,160.869173,27.48,1.89,-100.0,2
2015-12-18 07:16:32.830000+00:00,56.014006,160.8264,16.71,1.69,-100.0,2
2015-12-18 14:02:19.860000+00:00,55.870789,160.210742,18.32,1.27,-0.322,2
2015-12-19 08:58:48.310000+00:00,56.085356,160.579915,25.34,1.84,-100.0,2
2015-12-19 19:44:13.520000+00:00,55.553422,160.219076,16.65,1.1,-100.0,2
2015-12-19 20:30:23.960000+00:00,55.775163,160.093278,11.35,1.33,-0.043,2
2015-12-20 00:44:47.050000+00:00,55.745732,160.452604,8.47,1.17,-0.232,2
2015-12-20 08:03:01.940000+00:00,55.814164,160.398486,3.6,0.7,-100.0,2
2015-12-20 14:19:05.690000+00:00,55.536243,160.321338,15.16,0.48,-100.0,2
2015-12-20 20:00:12.040000+00:00,56.211629,160.839176,19.76,1.78,-100.0,2
2015-12-21 01:58:54.660000+00:00,55.783069,160.368278,-1.83,1.43,-0.616,2
2015-12-21 12:23:34.850000+00:00,55.748429,160.588379,12.76,1.28,-0.227,2
2015-12-21 13:00:43.180000+00:00,56.061503,160.621191,-1.31,1.73,-100.0,2
2015-12-21 13:17:07.540000+00:00,56.211401,160.804443,-1.56,1.82,-100.0,2
2015-12-21 18:09:46.920000+00:00,55.688684,160.462321,-0.23,0.84,-100.0,2
2015-12-21 19:30:22.440000+00:00,56.03643,160.643783,5.41,1.67,-0.522,2
2015-12-21 21:36:25.080000+00:00,55.725708,160.456576,12.0,0.86,-100.0,2
2015-12-22 08:12:06.740000+00:00,55.644491,160.924023,24.01,0.99,-100.0,2
2015-12-22 11:11:42.860000+00:00,55.672681,160.411686,13.19,1.08,-0.162,2
2015-12-22 16:07:28.560000+00:00,56.060063,160.645898,0.32,1.68,-1.344,2
2015-12-22 20:16:28.320000+00:00,55.730379,160.49432,12.42,0.74,-100.0,2
2015-12-22 23:22:46.800000+00:00,55.716309,160.42902,15.85,1.2,0.013,2
2015-12-23 02:50:44.710000+00:00,56.064925,160.624268,4.44,1.55,-100.0,2
2015-12-23 03:50:47.600000+00:00,56.234558,160.833708,22.63,1.97,-0.26,2
2015-12-23 06:02:19.490000+00:00,56.30201,160.896159,-0.4,1.62,-100.0,2
2015-12-23 15:48:11.080000+00:00,56.055009,160.776563,18.39,1.64,-100.0,2
2015-12-24 03:21:08.970000+00:00,55.830644,160.399788,4.64,0.96,-100.0,2
2015-12-24 03:23:26.640000+00:00,55.825928,160.378516,3.97,1.07,-1.162,2
2015-12-24 03:28:20.500000+00:00,55.842261,160.399626,6.68,1.17,-0.651,2
2015-12-24 03:45:51.240000+00:00,55.850033,160.372786,11.77,1.27,-1.201,2
2015-12-24 03:47:56.860000+00:00,55.836523,160.386605,11.12,1.19,-100.0,2
2015-12-24 03:54:11.900000+00:00,55.8413,160.376693,15.63,1.02,-100.0,2
2015-12-24 15:14:17.600000+00:00,56.096606,160.580241,3.16,1.56,-100.0,2
2015-12-24 17:33:19.580000+00:00,56.061007,160.634782,-0.99,1.67,-100.0,2
2015-12-25 04:05:07.500000+00:00,55.658228,160.420573,10.65,1.34,-0.125,2
2015-12-25 16:36:26.460000+00:00,56.084859,160.629818,6.71,1.32,-100.0,2
2015-12-25 18:24:44.040000+00:00,56.123682,160.719661,24.0,1.55,-100.0,2
2015-12-25 19:24:25.320000+00:00,56.012451,160.006966,25.64,2.72,-1.217,2
2015-12-25 21:13:37.740000+00:00,55.706344,160.436849,10.27,1.14,-0.226,2
2015-12-26 02:53:05.490000+00:00,55.821065,160.495166,0.79,1.36,-100.0,2
2015-12-26 16:21:48.150000+00:00,55.705782,160.432682,11.03,0.87,-100.0,2
2015-12-27 12:13:23.290000+00:00,55.716561,160.437484,14.39,0.83,-0.28,2
2015-12-27 14:56:33.120000+00:00,55.72242,160.408773,13.09,0.92,-100.0,2
2015-12-27 18:11:56.080000+00:00,55.838098,160.37627,0.38,0.74,-100.0,2
2015-12-27 18:12:21.860000+00:00,55.82627,160.378678,0.44,1.37,-0.837,2
2015-12-27 18:15:33.020000+00:00,55.830542,160.382878,0.34,1.13,-0.889,2
2015-12-27 18:19:08.880000+00:00,55.832166,160.379655,1.81,1.62,-0.829,2
2015-12-27 18:22:03.660000+00:00,55.832251,160.387077,2.69,1.55,-1.033,2
2015-12-27 18:23:22.320000+00:00,55.827035,160.385726,4.18,1.6,-1.191,2
2015-12-27 18:25:05.120000+00:00,55.836426,160.406868,5.25,1.29,-1.013,2
2015-12-27 18:27:28.220000+00:00,55.831982,160.380013,5.61,1.12,-100.0,2
2015-12-27 18:28:41.920000+00:00,55.836186,160.373779,-2.24,1.34,-0.866,2
2015-12-27 18:29:31.500000+00:00,55.831189,160.388656,6.54,1.51,-0.811,2
2015-12-27 18:32:48.980000+00:00,55.834631,160.375977,8.8,1.56,-0.951,2
2015-12-27 18:36:12.960000+00:00,55.836186,160.382812,9.39,1.43,-0.876,2
2015-12-27 18:39:11.160000+00:00,55.837838,160.385465,10.91,1.24,-100.0,2
2015-12-27 18:42:27.400000+00:00,55.808175,160.091797,0.93,1.42,-0.84,2
2015-12-27 18:43:03.160000+00:00,55.844438,160.438656,13.92,1.67,-0.794,2
2015-12-27 18:55:50.920000+00:00,55.830273,160.383903,1.51,0.98,-0.776,2
2015-12-27 18:57:12.440000+00:00,55.831746,160.38501,0.94,0.9,-0.461,2
2015-12-27 19:02:34.860000+00:00,55.822139,160.381396,4.06,0.8,-0.898,2
2015-12-28 03:59:09.450000+00:00,56.064246,160.624642,-0.67,1.67,-100.0,2
2015-12-28 05:57:46.550000+00:00,56.070829,160.621289,5.11,1.59,-100.0,2
2015-12-28 07:28:40.750000+00:00,55.830245,160.385531,2.51,0.92,-0.812,2
2015-12-28 10:46:33.800000+00:00,56.063883,160.620003,-0.8,1.54,-100.0,2
2015-12-28 14:53:17.270000+00:00,56.065686,160.616406,5.21,1.1,-100.0,2
2015-12-28 19:30:39.080000+00:00,55.69587,160.467643,6.99,0.69,-0.135,2
2015-12-28 23:10:36.800000+00:00,55.824451,160.388753,5.98,0.87,-0.874,2
2015-12-28 23:26:30.520000+00:00,55.825077,160.375439,1.2,0.77,-0.643,2
2015-12-28 23:37:10.460000+00:00,55.83068,160.381152,4.85,0.79,-0.597,2
2015-12-28 23:37:56.020000+00:00,56.056828,160.613818,36.72,1.72,-0.784,2
2015-12-29 02:33:51.690000+00:00,56.224259,160.837695,22.88,2.1,-0.165,2
2015-12-29 05:23:43.540000+00:00,55.824849,160.524154,0.89,0.83,-100.0,2
2015-12-29 05:47:06.350000+00:00,55.822388,160.532373,1.3,1.1,-0.391,2
2015-12-29 13:41:38.430000+00:00,56.134721,160.855632,26.65,1.45,-100.0,2
2015-12-29 17:15:39.400000+00:00,56.130339,160.524479,39.28,1.77,-100.0,2
2015-12-29 20:43:20.920000+00:00,56.191508,160.856396,24.48,1.54,-100.0,2
2015-12-29 23:49:19.480000+00:00,55.701518,160.419515,13.52,0.81,-0.018,2
2015-12-30 00:57:49.600000+00:00,55.723657,160.464388,0.49,0.86,-100.0,2
2015-12-30 07:16:42.600000+00:00,56.07627,160.639469,6.84,1.39,-100.0,2
2015-12-30 09:53:04.870000+00:00,55.703105,160.434147,11.12,0.85,-100.0,2
2015-12-30 11:08:39.100000+00:00,56.064608,160.634245,4.08,1.27,-100.0,2
2015-12-30 11:52:03.110000+00:00,56.114685,160.66001,0.15,1.55,-100.0,2
2015-12-30 18:43:49.160000+00:00,56.15155,160.914225,28.86,1.31,-100.0,2
2015-12-30 18:46:57.880000+00:00,56.059676,160.590381,31.92,1.58,-100.0,2
2015-12-30 19:22:27.860000+00:00,55.705916,160.43488,8.12,1.59,-0.219,2
2015-12-30 23:12:03.080000+00:00,55.716117,160.442139,9.08,1.82,-0.268,2
2015-12-31 00:19:17.030000+00:00,56.224129,160.839258,22.8,1.93,-0.122,2
2015-12-31 14:30:09.390000+00:00,55.681278,160.443034,5.99,0.57,-100.0,2
2015-12-31 16:41:56.700000+00:00,56.08173,160.631462,-1.08,1.5,-100.0,2
2015-12-31 19:22:39.640000+00:00,56.213497,160.807813,-0.57,2.21,-0.317,2
2015-12-31 19:23:51.380000+00:00,56.126872,160.718441,19.17,1.56,-0.505,2
2016-01-01 02:37:53.950000+00:00,55.714596,160.45625,-0.09,0.88,-100.0,2
2016-01-01 05:23:59.310000+00:00,56.224255,160.839274,22.98,1.91,-0.157,2
2016-01-02 02:28:26.580000+00:00,55.825256,160.381201,0.05,1.22,-0.22,2
2016-01-02 02:59:20.690000+00:00,55.747066,160.743815,23.49,1.88,-0.342,2
2016-01-02 10:14:14.990000+00:00,56.222241,160.83877,23.3,1.92,-100.0,2
2016-01-02 14:10:17.310000+00:00,55.685807,160.405794,14.01,0.9,-0.042,2
2016-01-02 19:22:16.980000+00:00,55.603292,160.477816,11.49,0.41,-100.0,2
2016-01-02 20:07:47.560000+00:00,55.716089,160.424756,14.21,0.79,-100.0,2
2016-01-03 06:50:06.030000+00:00,55.550399,160.275407,14.92,1.04,-0.207,2
2016-01-03 07:11:47.450000+00:00,55.715019,160.432682,9.78,0.75,-0.245,2
2016-01-03 09:31:25.470000+00:00,56.074801,160.636393,6.4,1.65,-100.0,2
2016-01-03 10:28:41.070000+00:00,55.716951,160.426383,15.29,0.94,-0.06,2
2016-01-03 11:06:36.570000+00:00,56.071399,160.645264,6.07,1.24,-100.0,2
2016-01-03 19:43:16.680000+00:00,56.065181,160.633854,-0.53,1.5,-100.0,2
2016-01-03 21:58:45.120000+00:00,55.961841,160.91429,15.55,1.24,-100.0,2
2016-01-03 23:09:56.880000+00:00,56.065987,160.625716,-0.44,1.18,-100.0,2
2016-01-03 23:38:37.560000+00:00,56.06016,160.616162,33.42,1.35,-0.778,2
2016-01-04 00:18:23.240000+00:00,55.706458,160.450423,12.21,0.73,-100.0,2
2016-01-04 00:41:08.350000+00:00,56.224333,160.851628,24.8,1.51,-100.0,2
2016-01-04 04:32:46.610000+00:00,56.067391,160.622559,-1.18,1.25,-100.0,2
2016-01-04 06:16:39.780000+00:00,56.159127,160.936149,26.34,1.68,-100.0,2
2016-01-04 11:11:49.800000+00:00,55.840129,160.100098,16.73,0.61,-100.0,2
2016-01-04 13:24:37.780000+00:00,55.694442,160.424561,11.81,1.29,-0.095,2
2016-01-04 14:27:24.660000+00:00,55.672786,160.442839,12.55,1.39,-0.121,2
2016-01-04 15:03:06.090000+00:00,55.83018,160.384131,0.66,1.14,-0.789,2
2016-01-04 15:05:47.880000+00:00,55.829964,160.376855,1.03,1.11,-1.049,2
2016-01-04 15:08:53.400000+00:00,55.828084,160.382975,5.02,1.34,-0.856,2
2016-01-04 15:15:09+00:00,55.835148,160.383724,4.52,1.23,-0.501,2
2016-01-04 15:18:35.940000+00:00,55.830302,160.380436,6.13,1.14,-0.91,2
2016-01-04 15:19:33.500000+00:00,55.828162,160.364421,0.33,0.62,-0.782,2
2016-01-04 15:33:30.240000+00:00,55.835453,160.388086,10.71,0.78,-100.0,2
2016-01-04 15:33:58.700000+00:00,55.83656,160.379053,10.92,0.9,-0.047,2
2016-01-04 15:37:02.680000+00:00,55.841016,160.392188,12.53,0.97,-0.207,2
2016-01-04 16:19:11.310000+00:00,55.714876,160.980273,27.99,1.09,-0.101,2
2016-01-04 17:01:41.060000+00:00,55.668921,160.465055,12.15,0.81,-100.0,2
2016-01-04 17:43:01.280000+00:00,56.062492,160.605371,-0.27,1.32,-100.0,2
2016-01-04 18:15:48.220000+00:00,55.677677,160.430762,11.04,0.44,-100.0,2
2016-01-04 19:51:07.080000+00:00,55.696611,160.426009,11.83,0.45,-100.0,2
2016-01-04 19:55:01.260000+00:00,55.833199,160.381901,0.67,0.8,-100.0,2
2016-01-04 20:43:00.400000+00:00,56.18193,160.838053,23.18,1.34,-0.178,2
2016-01-04 20:49:44.920000+00:00,55.713175,160.455371,9.87,1.07,-0.176,2
2016-01-04 22:06:11.940000+00:00,55.7158,160.415332,10.26,0.55,-0.051,2
2016-01-04 22:06:34.600000+00:00,56.150594,160.848844,27.62,1.53,-0.194,2
2016-01-04 22:21:10.600000+00:00,56.134534,160.474886,5.93,0.65,-100.0,2
2016-01-05 01:25:45.690000+00:00,55.511625,160.364762,37.54,0.73,-100.0,2
2016-01-05 04:56:02.230000+00:00,56.110677,160.705111,27.04,1.18,-100.0,2
2016-01-05 07:22:34.290000+00:00,56.024658,160.578581,22.51,1.39,-100.0,2
2016-01-05 08:30:40.390000+00:00,56.069963,160.624219,3.41,1.0,-100.0,2
2016-01-05 11:28:54.330000+00:00,55.717102,160.455306,11.31,0.81,-0.116,2
2016-01-05 11:42:52.810000+00:00,55.66731,160.431868,12.24,0.82,-100.0,2
2016-01-05 14:53:05.190000+00:00,56.154594,160.873568,24.5,1.64,-0.383,2
2016-01-05 15:57:08.580000+00:00,56.059119,160.606429,-1.72,1.4,-100.0,2
2016-01-05 16:00:02.220000+00:00,56.056038,160.624056,3.19,1.38,-0.833,2
2016-01-05 16:56:22.970000+00:00,56.067456,160.628044,4.14,1.12,-100.0,2
2016-01-05 17:23:07.160000+00:00,56.061222,160.619092,6.51,1.24,-0.6,2
2016-01-05 17:26:21+00:00,56.058427,160.608252,34.42,1.26,-0.774,2
2016-01-05 18:46:17.880000+00:00,55.695443,160.469596,0.19,0.36,-100.0,2
2016-01-05 20:18:02.660000+00:00,55.836483,160.390088,0.15,0.64,-100.0,2
2016-01-05 21:39:22.440000+00:00,55.779862,160.381299,14.92,1.04,-100.0,2
2016-01-06 00:22:09.560000+00:00,55.825887,160.523307,14.32,0.75,-100.0,1
2016-01-06 00:48:54.450000+00:00,56.034408,160.594727,37.92,1.34,-100.0,1
2016-01-06 01:01:02.750000+00:00,56.067778,160.629883,-0.43,1.47,-100.0,1
2016-01-06 08:01:26.550000+00:00,56.2335,160.865381,18.91,1.21,-100.0,1
2016-01-06 08:27:55.620000+00:00,55.836759,160.388021,-1.14,0.73,-100.0,1
2016-01-06 08:51:46.120000+00:00,55.712968,160.462077,10.29,1.13,-0.194,1
2016-01-06 10:44:15.180000+00:00,56.16606,160.498584,0.27,1.15,-100.0,1
2016-01-06 12:49:58.410000+00:00,55.842757,160.376855,13.25,0.4,-100.0,1
2016-01-06 15:32:47.190000+00:00,56.060234,160.615039,-1.38,1.44,-100.0,1
2016-01-06 16:10:27.450000+00:00,56.045353,160.313151,15.93,0.76,-100.0,1
2016-01-06 16:27:00.350000+00:00,55.673185,160.431348,14.69,0.35,-100.0,1
2016-01-06 17:36:09.060000+00:00,55.712337,160.45721,10.83,0.71,-0.229,1
2016-01-06 19:50:19.100000+00:00,56.042533,160.591943,17.39,0.88,-100.0,1
2016-01-06 20:06:38.020000+00:00,56.142049,160.480534,16.34,0.64,-100.0,1
2016-01-06 20:31:49.400000+00:00,56.099992,160.628011,25.17,1.19,-0.943,1
2016-01-06 21:43:36.340000+00:00,56.066781,160.609717,-1.04,0.94,-100.0,1
2016-01-06 23:31:43.920000+00:00,56.120931,160.43234,0.36,0.56,-100.0,1
2016-01-06 23:39:21.600000+00:00,56.140381,160.865234,28.64,1.43,-100.0,1
2016-01-07 00:22:03.150000+00:00,55.821008,160.383268,2.93,0.53,-100.0,2
2016-01-07 00:22:37.100000+00:00,55.831974,160.389421,4.29,0.58,-0.46,2
2016-01-07 00:29:27.130000+00:00,55.83265,160.387858,7.12,0.82,-0.498,2
2016-01-07 00:32:49.520000+00:00,55.837874,160.377425,7.24,0.32,-100.0,2
2016-01-07 00:34:32.810000+00:00,55.83573,160.396777,9.11,0.73,-0.596,2
2016-01-07 00:38:19.910000+00:00,55.83645,160.380501,8.56,0.61,-100.0,2
2016-01-07 00:41:03.700000+00:00,55.834452,160.387695,10.87,0.54,-0.163,2
2016-01-07 00:44:52.090000+00:00,55.840776,160.386051,12.01,0.2,-100.0,2
2016-01-07 00:45:55.730000+00:00,55.886263,160.40568,9.97,0.64,-100.0,2
2016-01-07 00:47:02.880000+00:00,55.83409,160.375895,10.71,0.66,-0.296,2
2016-01-07 00:48:18.240000+00:00,55.798153,160.41984,10.81,0.78,-100.0,2
2016-01-07 00:49:06.680000+00:00,55.840951,160.381396,11.44,0.45,-0.467,2
2016-01-07 00:53:52.650000+00:00,55.776725,160.290674,19.41,0.7,-100.0,2
2016-01-07 00:57:10.470000+00:00,55.840377,160.396484,16.17,0.32,-100.0,2
2016-01-07 02:55:55.820000+00:00,55.753748,160.443799,14.04,1.26,-0.737,2
2016-01-07 04:55:48.060000+00:00,56.0665,160.617725,0.09,1.31,-100.0,2
2016-01-07 06:06:10.250000+00:00,55.789705,160.456055,13.69,0.72,-0.43,2
2016-01-07 06:47:00.260000+00:00,56.068351,160.629655,-0.47,1.09,-0.684,2
2016-01-07 08:16:09.990000+00:00,56.157979,160.692887,28.67,1.03,-0.527,2
2016-01-07 08:36:47.010000+00:00,55.72179,160.485889,11.25,1.39,-0.181,2
2016-01-07 08:57:03.010000+00:00,56.064864,160.619222,5.45,1.15,-100.0,2
2016-01-07 09:03:02.560000+00:00,56.145365,160.896061,26.74,1.44,-0.122,2
2016-01-07 09:47:16.720000+00:00,55.650285,160.428711,6.3,1.04,-0.287,2
2016-01-07 09:53:15.360000+00:00,56.071375,160.627751,5.12,0.93,-100.0,2
2016-01-07 10:38:43.200000+00:00,56.113582,160.474772,-1.37,0.59,-0.836,2
2016-01-07 10:58:57.240000+00:00,56.062154,160.601058,-1.65,1.18,-100.0,2
2016-01-07 11:06:17.190000+00:00,56.069523,160.620671,-0.6,1.12,-100.0,2
2016-01-07 12:03:21.760000+00:00,55.832096,160.370182,1.04,0.07,-100.0,2
2016-01-07 12:19:36.860000+00:00,55.824845,160.353874,7.63,0.35,-100.0,2
2016-01-07 12:47:52.630000+00:00,56.06925,160.636995,0.0,1.32,-100.0,2
2016-01-07 13:23:49.700000+00:00,56.0665,160.624186,-1.79,1.25,-100.0,2
2016-01-07 18:12:48.360000+00:00,55.841162,160.385856,-0.38,0.45,-100.0,2
2016-01-07 18:32:35.040000+00:00,56.031986,160.596924,23.85,1.29,-100.0,2
2016-01-07 19:07:06.880000+00:00,55.730737,160.454313,11.34,0.97,-0.164,2
2016-01-07 20:22:11.260000+00:00,55.686788,160.408398,12.97,0.69,-100.0,2
2016-01-07 20:55:28.520000+00:00,56.165845,160.894352,23.21,1.49,-0.158,2
2016-01-07 21:00:05.760000+00:00,56.055216,160.604036,32.21,1.46,-0.778,2
2016-01-07 21:31:03.820000+00:00,56.060832,160.615771,-1.28,1.1,-100.0,2
2016-01-08 00:05:29.470000+00:00,55.804862,160.083333,13.07,0.53,-100.0,2
2016-01-08 01:16:09.100000+00:00,55.778377,160.361768,2.93,0.92,-0.628,2
2016-01-08 02:23:00.170000+00:00,56.064913,160.621061,-0.67,0.95,-100.0,2
2016-01-08 04:04:24.130000+00:00,56.117517,160.458447,-0.03,0.89,-100.0,2
2016-01-08 04:47:18.870000+00:00,56.109261,160.66626,0.91,1.16,-0.467,2
2016-01-08 05:09:41.380000+00:00,56.068994,160.625944,4.82,1.24,-100.0,2
2016-01-08 07:56:57.400000+00:00,56.114514,160.463411,-0.66,0.69,-0.557,2
2016-01-08 09:09:25.490000+00:00,56.064681,160.618311,-1.07,1.03,-100.0,2
2016-01-08 09:18:46.470000+00:00,55.851538,160.395247,-2.14,0.99,-0.708,2
2016-01-08 09:29:20.570000+00:00,55.719678,160.332812,-1.56,0.89,-0.439,2
2016-01-08 09:40:49.400000+00:00,56.126501,160.447803,7.39,0.68,-100.0,2
2016-01-08 10:23:19.790000+00:00,56.066895,160.614632,3.67,1.52,-100.0,2
2016-01-08 14:24:23.420000+00:00,55.922559,160.694417,9.46,1.1,-0.221,2
2016-01-08 14:35:11.900000+00:00,56.176009,160.369076,4.5,0.47,-100.0,2
2016-01-08 14:55:17.140000+00:00,56.144938,160.424935,10.35,0.43,-100.0,2
2016-01-08 15:01:50.070000+00:00,55.83759,160.519873,14.47,0.78,-100.0,2
2016-01-08 16:15:24.420000+00:00,56.11792,160.456055,0.17,0.86,-100.0,2
2016-01-08 17:15:46.040000+00:00,55.823767,160.392057,8.69,1.03,-100.0,2
2016-01-08 18:00:11.600000+00:00,56.143083,160.41696,3.29,0.61,-100.0,2
2016-01-08 18:42:12.760000+00:00,56.057442,160.63278,-1.45,1.04,-100.0,2
2016-01-08 18:53:50.680000+00:00,55.841069,160.391634,13.2,0.32,-100.0,2
2016-01-08 22:55:37.200000+00:00,55.802934,160.492367,2.73,0.86,-100.0,2
2016-01-09 00:34:30.610000+00:00,55.844824,160.464421,6.9,1.4,-0.237,2
2016-01-09 00:48:53.050000+00:00,55.957955,160.908171,13.8,1.64,-0.098,2
2016-01-09 02:20:22.570000+00:00,56.150614,160.866341,27.69,1.17,-100.0,2
2016-01-09 02:45:01.660000+00:00,55.831348,160.395247,-0.44,0.47,-0.662,2
2016-01-09 03:00:45.170000+00:00,56.067684,160.629102,0.08,0.56,-100.0,2
2016-01-09 03:12:00.710000+00:00,56.122677,160.718327,24.17,1.21,-0.222,2
2016-01-09 04:02:53.810000+00:00,55.830505,160.396061,4.66,0.36,-100.0,2
2016-01-09 04:33:00.290000+00:00,56.145642,160.860531,25.02,1.01,-100.0,2
2016-01-09 05:52:54.030000+00:00,55.821098,160.383919,-1.27,0.66,-100.0,2
2016-01-09 06:28:07.820000+00:00,55.722131,160.439827,12.55,0.62,-0.266,2
2016-01-09 06:29:55.760000+00:00,55.803467,160.366406,0.36,0.96,-0.542,2
2016-01-09 06:36:12.600000+00:00,56.092485,160.625456,15.36,1.17,-100.0,2
2016-01-09 08:41:39.250000+00:00,56.093514,160.572786,17.43,0.89,-100.0,2
2016-01-09 09:37:55.500000+00:00,56.101929,160.628044,16.31,0.79,-100.0,2
2016-01-09 09:45:13.750000+00:00,56.068319,160.652165,25.34,0.81,-100.0,2
2016-01-09 12:25:37.160000+00:00,56.091028,160.583317,-0.51,0.98,-100.0,2
2016-01-09 12:28:01.280000+00:00,56.045589,160.446208,-1.44,0.71,-100.0,2
2016-01-09 12:31:14.790000+00:00,56.064209,160.617269,-1.21,0.98,-100.0,2
2016-01-09 13:10:42.930000+00:00,56.084554,160.261458,11.46,0.61,-100.0,2
2016-01-09 14:02:50.490000+00:00,56.113057,160.40529,0.18,0.16,-100.0,2
2016-01-09 15:35:37.860000+00:00,55.754944,160.331234,10.54,0.82,-0.358,2
2016-01-09 15:40:07.280000+00:00,55.964787,160.844466,14.29,0.91,-100.0,2
2016-01-09 15:58:10.270000+00:00,56.116459,160.459229,-0.17,1.04,-0.593,2
2016-01-09 17:25:54.120000+00:00,56.068054,160.623942,-0.53,0.64,-100.0,2
2016-01-09 18:51:52.320000+00:00,55.706071,160.556641,-1.96,0.37,-100.0,2
2016-01-09 18:54:12.280000+00:00,55.82583,160.384131,0.15,0.64,-0.275,2
2016-01-09 19:46:32.520000+00:00,56.085018,160.531201,16.25,0.87,-100.0,2
2016-01-09 19:51:38.420000+00:00,55.725936,160.371859,11.72,0.6,-100.0,2
2016-01-09 20:01:59.880000+00:00,56.066252,160.622835,-0.67,1.03,-100.0,2
2016-01-09 20:12:46.440000+00:00,56.06484,160.622542,-0.71,0.8,-100.0,2
2016-01-09 20:59:51.440000+00:00,56.11759,160.459082,-0.14,0.94,-0.458,2
2016-01-09 21:35:00.100000+00:00,55.704187,160.4146,16.48,2.05,-0.253,2
2016-01-10 00:18:31.850000+00:00,55.706791,160.459359,12.08,0.52,-100.0,2
2016-01-10 00:57:00.050000+00:00,55.797245,160.325342,2.26,0.45,-100.0,2
2016-01-10 01:00:50.480000+00:00,55.84812,160.418538,17.64,0.6,-0.406,2
2016-01-10 01:03:18.400000+00:00,55.817965,160.358057,18.57,0.71,-1.19,2
2016-01-10 01:16:17.830000+00:00,56.068099,160.631999,-0.97,1.18,-100.0,2
2016-01-10 01:46:56.910000+00:00,56.165137,160.893343,23.57,1.05,-100.0,2
2016-01-10 04:37:28.750000+00:00,56.11853,160.468604,-0.01,0.79,-0.571,2
2016-01-10 05:03:23.490000+00:00,56.119067,160.458089,0.11,0.96,-0.566,2
2016-01-10 05:30:08.380000+00:00,56.068014,160.625846,-0.4,0.74,-100.0,2
2016-01-10 05:47:24.400000+00:00,56.072319,160.626611,4.38,1.18,-0.902,2
2016-01-10 06:45:40.680000+00:00,56.138839,160.434635,6.49,0.67,-100.0,2
2016-01-10 07:07:55.190000+00:00,56.061475,160.265788,14.08,0.85,-0.693,2
2016-01-10 07:15:00.430000+00:00,55.703699,160.416227,16.12,0.93,-0.202,2
2016-01-10 09:18:55.840000+00:00,55.805973,160.331364,11.77,0.82,-100.0,2
2016-01-10 10:42:38.970000+00:00,56.015275,160.626676,25.57,0.92,-100.0,2
2016-01-10 11:02:08.020000+00:00,56.15341,160.852425,27.05,1.49,-0.205,2
2016-01-10 11:12:29.460000+00:00,56.121301,160.454769,0.42,1.06,-0.649,2
2016-01-10 11:45:06.050000+00:00,56.121891,160.455062,0.41,0.99,-0.543,2
2016-01-10 12:30:28.220000+00:00,56.117232,160.459896,-0.16,0.71,-0.611,2
2016-01-10 13:52:42.970000+00:00,56.050033,160.534033,17.96,0.67,-100.0,2
2016-01-10 15:24:29.320000+00:00,56.115377,160.875,28.25,1.12,-100.0,2
2016-01-10 15:35:56.330000+00:00,56.053239,160.621501,6.59,0.69,-100.0,2
2016-01-10 15:39:20.680000+00:00,56.120365,160.45695,0.33,1.11,-0.645,2
2016-01-10 16:31:35.110000+00:00,55.702372,160.455143,10.4,0.4,-100.0,2
2016-01-10 17:13:04.820000+00:00,55.868978,160.223763,21.96,0.92,-0.083,2
2016-01-10 17:16:24.800000+00:00,56.107483,160.469906,-0.35,0.26,-100.0,2
2016-01-10 18:53:37.280000+00:00,56.120947,160.458333,0.4,0.96,-0.649,2
2016-01-10 19:13:11.400000+00:00,56.067045,160.543132,0.06,0.92,-0.829,2
2016-01-10 19:26:36.360000+00:00,56.120247,160.456038,-0.03,0.62,-100.0,2
2016-01-10 19:38:27.440000+00:00,56.129496,160.489762,8.12,0.3,-100.0,2
2016-01-10 19:50:32.060000+00:00,56.122257,160.459098,5.08,0.78,-0.827,2
2016-01-10 20:05:24.840000+00:00,55.719784,160.463509,13.76,0.26,-100.0,2
2016-01-10 20:07:47.120000+00:00,55.845288,160.379622,-0.25,0.03,-100.0,2
2016-01-10 20:39:38.480000+00:00,55.837537,160.390299,-0.08,0.68,-0.645,2
2016-01-10 20:51:50.360000+00:00,56.069743,160.666634,19.36,0.8,-100.0,2
2016-01-10 21:58:53.560000+00:00,56.119153,160.457568,0.09,1.09,-0.645,2
2016-01-10 23:03:39.220000+00:00,55.919067,160.687923,13.28,0.71,0.514,2
2016-01-10 23:42:47.080000+00:00,56.194824,160.39069,10.92,0.43,-100.0,2
2016-01-10 23:58:11.400000+00:00,56.170479,160.853223,26.37,1.14,-100.0,2
2016-01-10 23:58:44.320000+00:00,56.082231,160.605192,4.74,0.77,-100.0,2
2016-01-11 00:08:38.350000+00:00,55.711556,160.444694,10.27,0.94,-0.166,2
2016-01-11 00:11:55.910000+00:00,56.118014,160.458512,-0.11,1.01,-0.755,2
2016-01-11 00:14:18.540000+00:00,55.714457,160.476628,14.72,0.39,-100.0,2
2016-01-11 01:22:07.590000+00:00,56.037817,160.726628,18.19,1.12,-0.781,2
2016-01-11 02:16:53.870000+00:00,55.700419,160.481917,-0.3,0.59,-0.232,2
2016-01-11 02:35:41.370000+00:00,56.066789,160.622689,-0.74,0.53,-100.0,2
2016-01-11 03:14:13.720000+00:00,56.130896,160.274007,13.11,0.41,-0.592,2
2016-01-11 04:12:39.470000+00:00,56.099394,160.655404,0.43,0.98,-0.633,2
2016-01-11 04:14:51.030000+00:00,55.681807,160.969564,13.09,0.88,-0.507,2
2016-01-11 04:38:34.780000+00:00,55.919507,160.681136,10.72,0.33,-100.0,2
2016-01-11 04:42:49.670000+00:00,56.133146,160.422526,5.4,0.82,-0.806,2
2016-01-11 04:59:56.660000+00:00,55.84384,160.106641,17.42,0.96,-0.066,2
2016-01-11 05:01:00.600000+00:00,55.846875,160.123421,17.59,0.36,-100.0,2
2016-01-11 05:26:41.810000+00:00,55.844515,160.106966,17.72,0.84,-0.142,2
2016-01-11 06:25:17.080000+00:00,56.066801,160.622884,-0.48,0.95,-0.769,2
2016-01-11 06:31:59.170000+00:00,56.119462,160.456934,0.17,1.13,-0.612,2
2016-01-11 06:40:53.080000+00:00,55.803097,160.428044,8.39,0.1,-100.0,2
2016-01-11 06:41:37.620000+00:00,56.065767,160.623372,-0.63,0.9,-0.9,2
2016-01-11 06:45:33.780000+00:00,56.066638,160.635091,-0.57,1.04,-100.0,2
2016-01-11 07:14:25.400000+00:00,55.842981,160.113428,17.44,0.86,-0.201,2
2016-01-11 07:25:43.630000+00:00,56.051099,160.606787,31.05,1.44,-0.834,2
2016-01-11 07:26:26.850000+00:00,56.057825,160.614193,32.93,1.39,-0.899,2
2016-01-11 07:31:03.930000+00:00,56.057784,160.611312,34.22,1.21,-0.771,2
2016-01-11 07:55:33.370000+00:00,56.052861,160.609701,31.29,1.26,-0.909,2
2016-01-11 08:04:29.700000+00:00,56.22194,160.83654,22.64,1.26,-0.16,2
2016-01-11 08:07:52.910000+00:00,56.069328,160.711442,0.21,0.84,-100.0,2
2016-01-11 08:23:45.180000+00:00,55.813639,160.441943,4.61,0.01,-100.0,2
2016-01-11 08:27:43.900000+00:00,56.06182,160.612598,-1.48,0.95,-100.0,2
2016-01-11 09:09:27.120000+00:00,56.068958,160.618213,0.05,1.36,-100.0,2
2016-01-11 10:18:15.870000+00:00,56.108736,160.489095,12.16,0.9,-0.766,2
2016-01-11 10:40:15.930000+00:00,56.118347,160.458138,1.05,0.98,-0.652,2
2016-01-11 10:41:56.820000+00:00,56.073006,160.639437,5.65,1.04,-0.322,2
2016-01-11 11:08:45.760000+00:00,56.069063,160.709896,27.21,0.83,-100.0,2
2016-01-11 11:39:35.440000+00:00,56.12382,160.437777,0.39,0.51,-100.0,2
2016-01-11 11:46:06.850000+00:00,56.068681,160.622673,-0.46,0.99,-100.0,2
2016-01-11 12:14:08.550000+00:00,56.069865,160.619613,6.11,0.94,-100.0,2
2016-01-11 12:38:38.210000+00:00,56.086926,160.621598,10.66,0.78,-100.0,2
2016-01-11 12:42:34.220000+00:00,56.117908,160.460612,0.71,1.02,-0.49,2
2016-01-11 12:45:30.030000+00:00,55.722762,160.422477,12.71,0.21,-100.0,2
2016-01-11 12:57:38.940000+00:00,56.054598,160.706445,0.15,0.81,-100.0,2
2016-01-11 13:31:55.040000+00:00,56.069035,160.565381,10.94,0.85,-100.0,2
2016-01-11 14:00:30.080000+00:00,56.06757,160.620296,39.59,1.0,-100.0,2
2016-01-11 14:11:16.930000+00:00,56.064872,160.681413,21.9,0.8,-100.0,2
2016-01-11 14:14:15.930000+00:00,56.08571,160.61696,7.64,1.0,-100.0,2
2016-01-11 14:25:55.660000+00:00,56.069706,160.564014,-2.34,0.74,-100.0,2
2016-01-11 14:59:42.430000+00:00,56.208728,160.621452,30.41,1.4,-100.0,2
2016-01-11 15:26:07.630000+00:00,55.583988,160.519531,27.76,0.98,-100.0,2
2016-01-11 16:37:06.990000+00:00,56.089909,160.486182,4.9,0.56,-0.918,2
2016-01-11 16:50:39.330000+00:00,55.547689,160.319287,13.78,0.49,-100.0,2
2016-01-11 18:05:35.700000+00:00,55.524357,160.306055,16.19,0.39,-100.0,2
2016-01-11 18:18:24.560000+00:00,56.12111,160.454541,0.45,0.53,-100.0,2
2016-01-11 18:33:09.680000+00:00,56.061438,160.605632,35.21,1.08,-0.718,2
2016-01-11 18:33:58.580000+00:00,56.061108,160.610579,34.1,1.09,-0.725,2
2016-01-11 19:09:08.360000+00:00,56.071232,160.411816,3.47,0.39,-100.0,2
2016-01-11 19:13:13.880000+00:00,56.129928,160.363053,0.24,0.3,-100.0,2
2016-01-11 19:36:29.360000+00:00,56.046069,160.601123,27.93,1.36,-0.742,2
2016-01-11 20:13:54.640000+00:00,56.067432,160.598226,0.29,0.68,-100.0,2
2016-01-11 20:31:54.760000+00:00,56.063989,160.62513,-0.78,0.86,-100.0,2
2016-01-11 20:33:20.480000+00:00,55.84764,160.378906,10.64,0.12,-100.0,2
2016-01-11 20:47:49.560000+00:00,56.157564,160.469808,6.12,0.56,-100.0,2
2016-01-11 20:49:33.400000+00:00,56.118319,160.457959,0.0,0.9,-0.547,2
2016-01-11 20:56:40.440000+00:00,56.06248,160.615999,-2.32,1.02,-100.0,2
2016-01-11 20:58:37.600000+00:00,55.681897,160.537419,12.85,0.87,-0.364,2
2016-01-11 21:29:04.880000+00:00,56.114034,160.461654,-0.36,0.98,-0.598,2
2016-01-11 22:30:59.880000+00:00,55.591219,160.556755,28.12,0.75,-100.0,2
2016-01-11 22:59:47.180000+00:00,56.119141,160.458382,0.18,1.01,-0.637,2
2016-01-11 23:48:10.720000+00:00,56.149813,160.525293,-2.22,0.77,-0.5,2
2016-01-12 00:05:28.680000+00:00,56.106982,160.578581,25.35,0.88,-100.0,1
2016-01-12 01:37:39+00:00,56.162655,160.414697,10.57,0.32,-0.668,1
2016-01-12 01:44:26.070000+00:00,56.049072,160.605599,30.16,1.27,-0.788,1
2016-01-12 02:26:57.570000+00:00,55.989486,160.945215,30.42,1.07,-100.0,1
2016-01-12 02:50:50.580000+00:00,56.119731,160.720166,23.1,1.15,-0.139,1
2016-01-12 03:00:06.370000+00:00,55.827315,160.378288,1.46,0.33,-100.0,1
2016-01-12 03:23:10.840000+00:00,56.068628,160.627588,-0.39,0.97,-100.0,1
2016-01-12 04:20:28.290000+00:00,56.069043,160.628092,-0.38,1.13,-100.0,1
2016-01-12 04:59:53.590000+00:00,56.117977,160.45957,-0.17,0.99,-0.669,1
2016-01-12 05:54:25.230000+00:00,55.827498,160.401172,1.18,0.88,-0.471,1
2016-01-12 06:24:40.930000+00:00,56.05671,160.710335,20.77,1.18,-100.0,1
2016-01-12 06:25:34.490000+00:00,56.216813,160.859391,22.53,1.25,-0.263,1
2016-01-12 06:48:34.280000+00:00,56.067171,160.633643,25.13,0.63,-100.0,1
2016-01-12 06:50:02.830000+00:00,56.078805,160.340202,12.21,0.23,-100.0,1
2016-01-12 07:27:41.450000+00:00,56.137374,160.365723,10.67,0.72,-0.642,1
2016-01-12 08:20:26.040000+00:00,56.169816,160.66001,29.77,1.1,-100.0,1
2016-01-12 08:58:03.990000+00:00,56.071232,160.619499,0.3,1.48,-100.0,1
2016-01-12 09:25:39.790000+00:00,56.163033,160.83291,27.11,1.19,-100.0,1
2016-01-12 09:48:33.570000+00:00,56.070565,160.629769,4.94,0.78,-100.0,1
2016-01-12 10:08:09.540000+00:00,56.056156,160.608464,32.43,1.17,-0.779,1
2016-01-12 10:08:32.650000+00:00,56.05109,160.605664,31.19,1.23,-0.737,1
2016-01-12 10:17:59.020000+00:00,56.120618,160.39152,12.26,0.63,-100.0,1
2016-01-12 10:20:03.690000+00:00,56.061755,160.613949,34.87,1.12,-0.718,1
2016-01-12 11:32:21.080000+00:00,56.118856,160.459603,-0.02,0.61,-100.0,1
2016-01-12 11:36:50.410000+00:00,55.849516,160.395866,-2.69,0.35,-100.0,1
2016-01-12 11:54:07.960000+00:00,56.047982,160.602116,29.62,1.27,-0.813,1
2016-01-12 11:59:31.480000+00:00,56.059375,160.613672,34.62,1.22,-0.848,1
2016-01-12 12:01:30.230000+00:00,56.119454,160.440218,0.17,0.66,-100.0,1
2016-01-12 14:04:20.050000+00:00,55.810661,160.248063,22.39,0.91,-0.227,1
2016-01-12 15:25:43.050000+00:00,56.119255,160.458643,0.3,1.05,-0.742,1
2016-01-12 15:43:34.160000+00:00,56.125981,160.409945,0.53,0.42,-100.0,1
2016-01-12 15:53:19.980000+00:00,56.120129,160.45516,-0.31,0.45,-100.0,1
2016-01-12 16:18:25.960000+00:00,56.059037,160.616146,36.22,1.25,-0.788,1
2016-01-12 16:32:54.350000+00:00,56.129106,160.907129,23.47,0.97,-100.0,1
2016-01-12 16:59:28.360000+00:00,55.832503,160.39637,-0.75,0.81,-0.449,1
2016-01-12 17:05:19.200000+00:00,56.067745,160.62124,-0.89,0.64,-100.0,1
2016-01-12 17:19:05.280000+00:00,56.06025,160.617562,35.36,1.24,-0.563,1
2016-01-12 17:37:38.980000+00:00,56.118498,160.663053,42.6,1.04,-100.0,1
2016-01-12 19:04:25+00:00,56.122156,160.449902,0.91,0.81,-0.551,1
2016-01-12 20:18:37.800000+00:00,56.054411,160.608285,31.41,1.27,-0.795,1
2016-01-12 20:37:42.760000+00:00,55.929972,160.712467,10.44,0.86,-100.0,1
2016-01-12 21:32:11.920000+00:00,56.132251,160.671826,0.54,0.85,-100.0,1
2016-01-12 21:51:56.760000+00:00,56.267004,160.363118,1.15,0.11,-100.0,1
2016-01-12 22:42:36.200000+00:00,56.070687,160.623844,-0.04,0.64,-100.0,1
2016-01-12 22:57:07.640000+00:00,56.063786,160.611686,36.48,1.34,-0.785,1
2016-01-12 23:16:46.380000+00:00,56.058162,160.611947,32.53,0.99,-0.641,1
2016-01-12 23:25:16.040000+00:00,56.122058,160.727083,24.36,0.86,-0.136,1
2016-01-12 23:32:26.760000+00:00,56.063782,160.604183,36.34,1.29,-0.773,1
2016-01-12 23:32:54.860000+00:00,55.828866,160.493278,0.95,0.85,-100.0,1
2016-01-13 01:34:36.370000+00:00,56.116809,160.460449,-0.04,0.28,-100.0,1
2016-01-13 02:12:30.310000+00:00,55.822648,160.496273,1.37,0.77,-0.06,1
2016-01-13 02:27:16.760000+00:00,55.824736,160.38361,0.85,0.23,-100.0,1
2016-01-13 02:33:16.750000+00:00,56.049715,160.605973,29.88,1.29,-0.766,1
2016-01-13 02:40:49.400000+00:00,55.763688,160.334049,13.61,0.57,-100.0,1
2016-01-13 02:46:20.210000+00:00,55.812097,160.250635,24.58,0.94,-0.622,1
2016-01-13 03:18:33.640000+00:00,56.067147,160.62417,-1.0,1.01,-100.0,1
2016-01-13 03:22:59.120000+00:00,56.118941,160.469889,0.34,1.06,-0.611,1
2016-01-13 04:13:45.380000+00:00,56.057475,160.610693,33.4,1.22,-0.805,1
2016-01-13 04:46:09.840000+00:00,56.064982,160.611003,38.09,1.27,-0.548,1
2016-01-13 05:06:19.300000+00:00,55.735421,160.292969,17.31,0.58,-0.117,1
2016-01-13 05:19:27.180000+00:00,56.116935,160.585824,23.09,0.92,-100.0,1
2016-01-13 05:20:41.040000+00:00,56.052799,160.610677,31.93,0.91,-100.0,1
2016-01-13 05:43:48.080000+00:00,56.034473,160.688151,25.01,1.04,-100.0,1
2016-01-13 06:06:57.710000+00:00,55.614905,160.54471,26.93,2.04,-100.0,1
2016-01-13 06:37:15.560000+00:00,56.090458,160.397754,2.24,0.96,-100.0,1
2016-01-13 06:46:57.460000+00:00,56.093152,160.630745,44.16,1.06,-0.653,1
2016-01-13 07:19:49.360000+00:00,56.065926,160.588135,32.34,1.03,-100.0,1
2016-01-13 07:26:00.430000+00:00,56.078805,160.627588,44.33,1.33,-0.692,1
2016-01-13 07:38:18.790000+00:00,55.82537,160.382682,2.19,0.23,-100.0,1
2016-01-13 07:48:21.220000+00:00,56.050431,160.601221,29.24,1.3,-0.783,1
2016-01-13 08:42:18.620000+00:00,56.064632,160.623551,0.11,0.9,-100.0,1
2016-01-13 08:59:29.870000+00:00,56.138314,160.35555,17.93,1.25,-100.0,1
2016-01-13 09:20:43.330000+00:00,55.885319,160.952376,13.61,0.82,-100.0,1
2016-01-13 09:22:54.460000+00:00,56.077934,160.602913,0.59,0.99,-0.834,1
2016-01-13 10:17:10.890000+00:00,56.049255,160.609408,30.52,1.26,-0.68,1
2016-01-13 10:29:08.110000+00:00,56.059937,160.394515,35.08,0.98,-100.0,1
2016-01-13 10:50:40.330000+00:00,55.990735,160.676611,27.54,0.97,-0.558,1
2016-01-13 11:08:24.470000+00:00,55.836943,160.49585,0.32,0.36,-100.0,1
2016-01-13 11:13:10.610000+00:00,56.112276,160.424495,0.33,1.13,-0.622,1
2016-01-13 11:38:44.640000+00:00,56.058187,160.610465,33.8,1.16,-0.785,1
2016-01-13 12:12:36.880000+00:00,56.047774,160.608464,30.42,1.15,-0.899,1
2016-01-13 12:51:30.790000+00:00,56.049194,160.622152,37.33,1.3,-0.79,1
2016-01-13 13:42:15.340000+00:00,55.824731,160.240511,23.32,1.02,-0.751,1
2016-01-13 13:48:42.280000+00:00,55.809074,160.266357,23.93,0.62,-100.0,1
2016-01-13 13:52:05.110000+00:00,55.840617,160.374333,13.24,0.39,-100.0,1
2016-01-13 13:54:11.050000+00:00,55.839644,160.389827,0.22,0.75,-0.907,1
2016-01-13 14:22:36+00:00,55.780347,160.345801,-1.46,0.46,-100.0,1
2016-01-13 14:23:24.010000+00:00,56.047852,160.603597,28.64,0.95,-0.764,1
2016-01-13 14:25:51.120000+00:00,56.059701,160.60874,33.2,0.85,-100.0,1
2016-01-13 15:20:21.780000+00:00,56.056502,160.616374,33.95,1.23,-0.695,1
2016-01-13 15:43:20.950000+00:00,56.05675,160.610758,32.88,0.95,-0.813,1
2016-01-13 16:06:46.380000+00:00,56.059977,160.611589,33.17,1.06,-0.649,1
2016-01-13 16:09:43.970000+00:00,56.058362,160.612809,34.48,1.19,-0.676,1
2016-01-13 16:26:36.720000+00:00,56.112187,160.457747,0.32,0.48,-100.0,1
2016-01-13 16:34:24.730000+00:00,56.045756,160.59738,27.25,1.13,-0.822,1
2016-01-13 17:00:02.080000+00:00,56.056628,160.612142,33.38,1.25,-0.725,1
2016-01-13 17:08:29.200000+00:00,56.050476,160.605339,29.87,1.34,-0.786,1
2016-01-13 17:38:34.840000+00:00,55.843009,160.475879,11.15,0.81,-0.67,1
2016-01-13 17:40:15.180000+00:00,56.055868,160.611784,33.29,1.25,-0.687,1
2016-01-13 18:06:53.800000+00:00,56.04399,160.473519,26.12,1.04,-0.705,1
2016-01-13 18:28:29.840000+00:00,56.062435,160.60918,34.68,1.29,-0.534,1
2016-01-13 18:52:02.620000+00:00,56.052999,160.597087,34.07,1.04,-0.68,1
2016-01-13 19:38:03.240000+00:00,56.048836,160.604199,29.95,1.2,-0.685,1
2016-01-13 19:48:41.360000+00:00,56.055322,160.607861,31.79,1.16,-0.722,1
2016-01-13 19:49:36.880000+00:00,55.689705,160.416423,14.3,0.42,-100.0,1
2016-01-13 20:14:14.940000+00:00,56.052507,160.604362,31.34,1.25,-0.819,1
2016-01-13 20:26:37.680000+00:00,56.075586,160.655029,3.93,0.9,-100.0,1
2016-01-13 20:38:01.920000+00:00,56.055688,160.61154,32.73,1.37,-0.934,1
2016-01-13 21:44:33.280000+00:00,56.054386,160.612451,32.45,1.23,-0.693,1
2016-01-13 22:34:01.880000+00:00,56.050387,160.609408,30.07,1.08,-0.705,1
2016-01-13 22:41:17.160000+00:00,56.102511,160.67098,-0.49,0.82,-100.0,1
2016-01-13 22:57:12+00:00,56.04456,160.649967,28.4,0.89,-100.0,1
2016-01-13 23:01:37.760000+00:00,56.041484,160.592594,26.11,1.14,-0.776,1
2016-01-13 23:43:23.880000+00:00,56.063241,160.631755,-1.49,0.59,-100.0,1
2016-01-14 00:16:25.410000+00:00,56.053178,160.602734,31.36,1.17,-0.677,1
2016-01-14 01:20:06.510000+00:00,56.064217,160.641081,14.32,0.98,-100.0,1
2016-01-14 01:25:06.250000+00:00,56.062773,160.630957,37.56,1.14,-0.534,1
2016-01-14 01:52:29.060000+00:00,56.055591,160.600374,34.02,1.22,-0.828,1
2016-01-14 02:26:11.420000+00:00,55.564197,160.68514,15.55,0.48,-100.0,1
2016-01-14 03:08:07.290000+00:00,56.058793,160.617643,35.88,1.19,-0.739,1
2016-01-14 03:18:02.010000+00:00,56.054993,160.611377,32.93,1.25,-0.769,1
2016-01-14 03:43:27.490000+00:00,55.79198,160.361377,36.06,1.34,-100.0,1
2016-01-14 04:19:58.090000+00:00,56.052474,160.600635,31.04,1.12,-0.791,1
2016-01-14 04:52:52.650000+00:00,56.049495,160.610189,30.85,0.97,-0.551,1
2016-01-14 05:06:38.060000+00:00,55.830969,160.375277,3.05,0.82,-100.0,1
2016-01-14 05:11:10.680000+00:00,55.843701,160.381673,-1.09,1.21,-1.206,1
2016-01-14 05:11:57.800000+00:00,55.837553,160.382975,0.81,1.12,-0.877,1
2016-01-14 05:12:37+00:00,55.832015,160.378125,4.0,0.9,-0.763,1
2016-01-14 05:13:59.510000+00:00,55.828552,160.396794,6.4,1.08,-0.765,1
2016-01-14 05:17:18.040000+00:00,55.828064,160.478939,12.41,0.94,-0.921,1
2016-01-14 05:17:48.890000+00:00,55.83009,160.377734,4.69,1.13,-0.656,1
2016-01-14 05:22:09.880000+00:00,55.832202,160.374235,5.54,1.26,-0.957,1
2016-01-14 05:35:27.420000+00:00,56.054801,160.616618,33.27,1.51,-100.0,1
2016-01-14 05:57:12.930000+00:00,55.828703,160.381201,-0.27,0.79,-1.179,1
2016-01-14 05:59:03.840000+00:00,55.828825,160.379834,1.68,0.48,-0.86,1
2016-01-14 06:08:40.290000+00:00,56.052401,160.601074,29.75,1.0,-0.59,1
2016-01-14 06:20:05.790000+00:00,55.864648,160.568571,12.52,0.41,-100.0,1
2016-01-14 06:29:02.750000+00:00,56.047713,160.58387,-2.01,1.08,-100.0,1
2016-01-14 06:29:32.940000+00:00,56.055188,160.61027,32.6,1.37,-0.745,1
2016-01-14 06:32:23.360000+00:00,55.831474,160.379704,8.79,0.62,-0.935,1
2016-01-14 06:35:46.540000+00:00,55.83704,160.377979,10.44,0.4,-100.0,1
2016-01-14 06:41:43.790000+00:00,55.836589,160.387939,11.05,0.38,-0.534,1
2016-01-14 06:43:07.520000+00:00,55.834074,160.376172,12.07,0.73,-0.744,1
2016-01-14 06:44:38.960000+00:00,55.831685,160.383089,11.42,0.11,-100.0,1
2016-01-14 07:01:11.900000+00:00,55.838432,160.379753,15.56,0.63,-0.545,1
2016-01-14 07:02:37.280000+00:00,55.84071,160.395459,16.02,1.13,-0.917,1
2016-01-14 07:07:39.430000+00:00,55.797009,160.32863,0.29,0.64,-0.405,1
2016-01-14 07:12:57.580000+00:00,56.051762,160.609831,31.31,1.13,-0.783,1
2016-01-14 07:31:48.430000+00:00,56.087524,160.237012,19.1,0.45,-100.0,1
2016-01-14 07:32:11.790000+00:00,55.688704,160.407699,14.45,1.79,-0.271,1
2016-01-14 07:42:19.010000+00:00,56.055636,160.593441,34.02,0.94,-0.767,1
2016-01-14 08:23:51.510000+00:00,56.248466,160.874544,24.72,0.99,-100.0,1
2016-01-14 08:49:18.310000+00:00,56.050293,160.609635,30.27,1.07,-0.738,1
2016-01-14 10:00:13.240000+00:00,56.073556,160.625439,4.21,0.76,-100.0,1
2016-01-14 10:05:50.210000+00:00,56.056702,160.617806,36.22,1.03,-0.669,1
2016-01-14 11:14:10.920000+00:00,56.054317,160.612907,32.24,1.07,-0.65,1
2016-01-14 12:18:29.580000+00:00,56.115072,160.868962,25.89,1.26,-100.0,1
2016-01-14 12:48:27.450000+00:00,56.112386,160.471305,-0.07,0.44,-100.0,1
2016-01-14 12:53:17.730000+00:00,56.055298,160.610742,35.06,1.19,-0.682,1
2016-01-14 13:33:27.690000+00:00,56.091174,160.678564,-0.47,0.62,-100.0,1
2016-01-14 14:05:54.040000+00:00,56.055977,160.603906,35.34,1.1,-0.698,1
2016-01-14 15:11:18.580000+00:00,55.907882,160.604443,13.68,0.42,-0.225,1
2016-01-14 16:57:17.630000+00:00,56.051485,160.625488,0.77,1.03,-0.566,1
2016-01-14 19:08:26.120000+00:00,56.065002,160.612402,39.49,1.08,-0.662,1
2016-01-14 19:27:56.160000+00:00,55.6571,160.465592,10.29,0.95,-0.165,1
2016-01-14 20:04:30.920000+00:00,56.15109,160.838883,26.61,0.94,-100.0,1
2016-01-14 20:40:34.040000+00:00,55.827995,160.388672,2.93,0.47,-0.52,1
2016-01-14 20:41:05.960000+00:00,55.831368,160.389388,2.57,0.93,-1.14,1
2016-01-14 20:42:09.200000+00:00,55.844104,160.381364,1.16,0.47,-0.903,1
2016-01-14 20:43:25.700000+00:00,55.834615,160.374984,1.05,0.42,-0.571,1
2016-01-14 20:44:33.320000+00:00,55.832878,160.390088,4.4,0.66,-0.976,1
2016-01-14 20:53:18.840000+00:00,55.831938,160.359749,0.29,0.57,-0.639,1
2016-01-14 21:00:22.480000+00:00,55.78538,160.33999,0.71,0.75,-100.0,1
2016-01-14 21:01:08.360000+00:00,55.829883,160.078792,-0.54,0.65,-100.0,1
2016-01-14 21:02:14.940000+00:00,55.833162,160.378662,9.68,0.65,-0.73,1
2016-01-14 21:02:59.680000+00:00,55.831474,160.373486,9.99,1.17,-100.0,1
2016-01-14 21:04:14.060000+00:00,55.832157,160.378141,0.66,0.44,-0.369,1
2016-01-14 21:08:28.640000+00:00,55.843774,160.394271,13.12,0.56,-100.0,1
2016-01-14 21:08:51.800000+00:00,55.836568,160.375586,10.74,0.59,-100.0,1
2016-01-14 21:09:33.080000+00:00,55.842716,160.420394,14.37,0.3,-100.0,1
2016-01-14 21:14:17.220000+00:00,55.836719,160.385319,10.98,0.82,-0.079,1
2016-01-14 21:15:39.440000+00:00,55.834623,160.381266,12.82,0.29,-100.0,1
2016-01-14 21:22:03.720000+00:00,55.777271,160.255094,16.48,0.4,-100.0,1
2016-01-14 21:23:57.560000+00:00,55.83776,160.381445,12.94,0.42,-100.0,1
2016-01-14 21:24:59.960000+00:00,55.849809,160.384245,9.24,0.11,-100.0,1
2016-01-14 21:25:43.400000+00:00,55.836906,160.380518,12.8,0.68,-0.584,1
2016-01-14 21:39:13.920000+00:00,55.833154,160.412109,5.04,0.65,-100.0,1
2016-01-14 21:45:03.960000+00:00,55.827071,160.363949,13.95,0.02,-100.0,1
2016-01-14 23:14:55.640000+00:00,56.068616,160.586279,44.06,1.19,-0.819,1
2016-01-14 23:24:17.280000+00:00,56.056816,160.640332,-1.41,0.64,-100.0,1
2016-01-15 01:13:02.300000+00:00,56.128414,160.457406,-0.38,0.33,-100.0,1
2016-01-15 01:33:48.190000+00:00,56.200789,160.390771,10.53,0.17,-100.0,1
2016-01-15 01:38:07.350000+00:00,56.180973,160.833659,23.5,1.23,-0.016,1
2016-01-15 02:02:04.330000+00:00,55.831722,160.364372,10.93,0.14,-100.0,1
2016-01-15 02:33:19.420000+00:00,56.26134,160.919694,29.2,1.29,-0.243,1
2016-01-15 02:51:56.460000+00:00,56.071716,160.643473,0.04,0.98,-100.0,1
2016-01-15 03:46:05.120000+00:00,56.056608,160.597917,31.89,1.27,-0.692,1
2016-01-15 03:52:17.860000+00:00,56.143534,160.891976,27.81,1.05,-100.0,1
2016-01-15 05:01:45.660000+00:00,56.065662,160.62627,-0.96,0.54,-100.0,1
2016-01-15 05:11:23.420000+00:00,55.824683,160.388314,2.68,0.25,-100.0,1
2016-01-15 05:55:56.760000+00:00,55.655701,160.454639,-0.85,0.52,-100.0,1
2016-01-15 06:47:58.090000+00:00,56.06182,160.615088,37.18,1.05,-0.684,1
2016-01-15 06:54:32.100000+00:00,56.122534,160.453044,0.55,0.92,-0.464,1
2016-01-15 07:06:16.960000+00:00,56.032568,160.474821,27.88,1.28,-0.783,1
2016-01-15 07:06:18.270000+00:00,56.049561,160.769775,19.3,0.9,-0.783,1
2016-01-15 08:50:11.380000+00:00,55.679093,160.442464,6.29,1.11,-0.233,1
2016-01-15 09:21:16.310000+00:00,55.708516,160.4271,9.63,2.17,-0.351,1
2016-01-15 09:39:35.850000+00:00,55.696899,160.46473,5.76,0.56,-100.0,1
2016-01-15 10:33:05.490000+00:00,55.713464,160.418115,16.33,0.57,-100.0,1
2016-01-15 10:45:12.760000+00:00,56.049638,160.607503,30.52,1.21,-0.682,1
2016-01-15 10:46:18.500000+00:00,55.723214,160.381885,-0.67,0.47,-0.11,1
2016-01-15 11:59:57.370000+00:00,56.118038,160.477995,12.64,0.45,-0.445,1
2016-01-15 12:18:54.300000+00:00,55.665967,160.576465,4.44,0.57,-0.304,1
2016-01-15 12:51:59.020000+00:00,55.704687,160.431266,12.45,0.92,-0.138,1
2016-01-15 15:17:08.470000+00:00,56.051038,160.598519,31.07,1.07,-0.729,1
2016-01-15 15:39:52.500000+00:00,56.194336,160.874544,21.73,1.27,-0.173,1
2016-01-15 17:01:03.480000+00:00,56.058972,160.611995,34.56,1.23,-0.831,1
2016-01-15 20:03:36.500000+00:00,55.66401,160.422542,8.63,0.96,-0.171,1
2016-01-15 20:32:43.800000+00:00,56.142598,160.749414,21.34,1.17,-100.0,1
2016-01-15 21:03:02.480000+00:00,56.112077,160.590055,18.41,1.08,-100.0,1
2016-01-15 21:33:56.340000+00:00,56.053829,160.602881,29.93,1.32,-0.759,1
2016-01-15 23:16:31.240000+00:00,55.562866,160.506185,31.17,1.46,-0.189,1
2016-01-16 00:16:31.680000+00:00,56.116622,160.462012,-0.1,0.89,-100.0,1
2016-01-16 01:28:09.470000+00:00,56.089156,160.599235,26.78,0.95,-100.0,1
2016-01-16 04:38:02.290000+00:00,55.712427,160.456283,7.75,0.47,-100.0,1
2016-01-16 05:03:02.080000+00:00,55.707222,160.412321,15.55,0.8,-100.0,1
2016-01-16 05:36:40+00:00,56.0467,160.601139,27.92,1.43,-0.847,1
2016-01-16 07:36:16.390000+00:00,55.700867,160.435661,13.12,0.65,-0.353,1
2016-01-16 08:16:32.370000+00:00,56.052368,160.604069,30.86,1.18,-0.792,1
2016-01-16 09:12:50.590000+00:00,56.052641,160.60555,31.14,1.17,-0.77,1
2016-01-16 09:16:54.340000+00:00,56.117521,160.460661,-0.33,1.15,-100.0,1
2016-01-16 10:18:48.930000+00:00,56.062626,160.632487,-0.43,0.79,-0.421,1
2016-01-16 10:41:13.350000+00:00,55.750773,160.859798,15.9,0.78,-100.0,1
2016-01-16 12:56:57.730000+00:00,55.869788,160.180404,18.66,1.03,-0.143,1
2016-01-16 13:05:49.290000+00:00,56.131348,160.272949,15.01,0.4,-100.0,1
2016-01-16 13:21:48.510000+00:00,56.051066,160.60249,31.56,1.29,-0.607,1
2016-01-16 13:48:48.060000+00:00,56.156079,160.858512,27.02,1.49,-0.267,1
2016-01-16 14:52:40.990000+00:00,55.830619,160.373796,4.7,0.35,-100.0,1
2016-01-16 14:56:11.720000+00:00,55.822807,160.38055,5.71,0.07,-100.0,1
2016-01-16 15:15:39.680000+00:00,56.060486,160.616878,37.93,1.18,-100.0,1
2016-01-16 15:21:44.590000+00:00,55.840092,160.393929,13.11,0.41,-100.0,1
2016-01-16 15:28:42.140000+00:00,55.851355,160.092725,12.76,1.1,-100.0,1
2016-01-16 15:29:21.970000+00:00,56.107544,160.616455,13.59,2.48,-0.63,1
2016-01-16 15:35:48.810000+00:00,55.841923,160.38068,15.08,0.5,-0.669,1
2016-01-16 16:15:06.510000+00:00,56.066443,160.614876,39.23,0.88,-100.0,1
2016-01-16 17:56:05.400000+00:00,55.737032,160.492611,44.61,0.83,-100.0,1
2016-01-16 18:35:46.280000+00:00,55.821484,160.532064,12.52,0.78,-0.284,1
2016-01-16 19:19:08.300000+00:00,56.051876,160.599788,29.95,1.18,-0.893,1
2016-01-16 19:43:41.580000+00:00,56.128524,160.45166,1.4,0.68,-100.0,1
2016-01-16 19:54:34.440000+00:00,56.049048,160.613883,30.31,1.33,-0.836,1
2016-01-16 20:32:02.460000+00:00,55.792725,160.253027,19.82,0.63,-0.456,1
2016-01-16 20:33:02.880000+00:00,55.802987,160.239779,23.58,0.29,-100.0,1
2016-01-16 21:29:03.960000+00:00,56.05037,160.610059,31.01,1.24,-0.914,1
2016-01-17 00:33:27.070000+00:00,55.666919,160.463053,13.23,0.28,-100.0,1
2016-01-17 01:17:26.440000+00:00,56.120919,160.461686,-0.51,0.83,-100.0,1
2016-01-17 01:25:20.120000+00:00,55.822538,160.380485,-0.19,0.43,-0.278,1
2016-01-17 01:33:27.410000+00:00,55.819413,160.376188,0.02,0.6,-0.403,1
2016-01-17 02:02:24.840000+00:00,55.827189,160.376074,3.13,0.28,-0.589,1
2016-01-17 02:05:16.490000+00:00,55.828573,160.3764,3.2,0.52,-0.394,1
2016-01-17 02:06:09.130000+00:00,55.829504,160.38151,3.04,0.59,-0.824,1
2016-01-17 02:09:55.370000+00:00,55.831079,160.390918,4.89,0.31,-100.0,1
2016-01-17 02:27:43.870000+00:00,55.827759,160.370101,8.04,0.21,-100.0,1
2016-01-17 02:39:00.660000+00:00,55.606824,160.543262,27.56,0.68,-100.0,1
2016-01-17 02:58:06.760000+00:00,55.843884,160.383675,13.79,0.49,-0.413,1
2016-01-17 04:25:30.590000+00:00,56.079598,160.690348,3.45,1.19,-0.34,1
2016-01-17 05:18:14.820000+00:00,56.048787,160.60109,29.43,1.16,-0.712,1
2016-01-17 08:20:39.710000+00:00,55.845577,160.389014,13.7,0.86,-0.139,1
2016-01-17 10:32:55.210000+00:00,56.053577,160.606006,31.01,1.27,-0.836,1
2016-01-17 11:49:33.910000+00:00,56.118168,160.396094,9.27,1.45,-0.162,1
2016-01-17 11:51:10.220000+00:00,56.11783,160.394808,9.38,0.45,-100.0,1
2016-01-17 12:37:42.870000+00:00,55.82655,160.37946,-1.28,0.79,-0.433,1
2016-01-17 13:03:21.760000+00:00,55.698071,160.431445,10.43,0.7,-100.0,1
2016-01-17 14:17:51.070000+00:00,56.218148,160.845573,26.34,1.45,-0.159,1
2016-01-17 17:22:25.900000+00:00,56.128532,160.74764,26.63,0.48,-100.0,1
2016-01-17 19:08:30.960000+00:00,55.70675,160.420036,15.68,0.59,-0.263,1
2016-01-17 19:56:30.200000+00:00,56.047489,160.603743,29.93,1.42,-0.831,1
2016-01-18 00:18:05.090000+00:00,55.710579,160.436458,14.02,0.96,-0.34,1
2016-01-18 03:17:01.630000+00:00,55.683891,160.437956,8.42,2.36,-0.327,1
2016-01-18 03:36:38.180000+00:00,56.047148,160.60306,28.6,1.18,-0.706,1
2016-01-18 05:45:08.550000+00:00,55.72393,160.341618,-0.29,1.05,-0.211,1
2016-01-18 06:20:48.040000+00:00,55.831307,160.505762,5.12,0.74,-0.343,1
2016-01-18 06:49:32.730000+00:00,56.148674,160.848812,26.82,1.57,-100.0,1
2016-01-18 14:23:28.840000+00:00,56.154346,160.889941,25.14,1.26,-100.0,1
2016-01-18 15:24:00.730000+00:00,55.696248,160.536051,4.29,0.72,-0.296,1
2016-01-18 15:42:58.940000+00:00,55.714502,160.465771,10.62,0.88,-0.142,1
2016-01-18 18:32:35.440000+00:00,56.151636,160.489437,4.69,0.53,-100.0,1
2016-01-18 18:36:12.200000+00:00,55.622799,160.255078,48.99,1.24,-100.0,1
2016-01-18 19:58:35.380000+00:00,55.840047,160.377962,0.16,0.58,-100.0,1
2016-01-18 23:40:30.140000+00:00,55.686479,160.404508,13.92,0.42,-100.0,1
2016-01-19 00:21:25.030000+00:00,55.724797,160.456836,15.16,0.69,-0.52,1
2016-01-19 01:01:25.380000+00:00,55.788143,160.349137,0.14,0.72,-0.421,1
2016-01-19 03:10:02.630000+00:00,56.1396,160.63418,16.16,1.36,-100.0,1
2016-01-19 10:12:01.590000+00:00,55.824565,160.372217,0.2,0.57,-100.0,1
2016-01-19 19:54:20.400000+00:00,56.227181,160.837663,23.41,1.51,-100.0,1
2016-01-20 02:56:07.530000+00:00,56.070378,160.549642,14.08,1.49,-0.803,1
2016-01-20 02:56:49.260000+00:00,56.055619,160.609701,32.96,1.58,-0.624,1
2016-01-20 03:55:46.750000+00:00,56.054667,160.603451,31.59,1.48,-0.876,1
2016-01-20 10:51:16.820000+00:00,56.126534,160.965755,22.14,1.51,-0.4,1
2016-01-20 12:15:17.010000+00:00,55.676074,160.469336,16.02,0.74,-100.0,1
2016-01-20 15:52:10.530000+00:00,55.836133,160.511491,14.57,0.79,-100.0,1
2016-01-21 01:58:19.120000+00:00,56.108569,160.726009,1.64,0.75,-100.0,1
2016-01-21 10:30:29.350000+00:00,55.7087,160.43929,10.23,0.69,-100.0,1
2016-01-21 11:07:11.030000+00:00,55.918795,160.682747,4.09,0.63,-100.0,1
2016-01-21 16:58:38.290000+00:00,56.134224,160.946973,26.93,1.2,-100.0,1
2016-01-21 19:43:37.840000+00:00,55.709391,160.664062,14.26,1.1,-0.24,1
2016-01-21 21:35:50.640000+00:00,55.665951,160.827425,9.46,1.22,0.025,1
2016-01-21 22:32:19.960000+00:00,56.16508,160.880127,20.56,1.32,-100.0,1
2016-01-22 06:58:08.080000+00:00,56.012899,160.842285,17.38,1.25,-0.171,1
2016-01-22 09:51:42.660000+00:00,55.926131,160.690934,7.12,2.12,-0.196,1
2016-01-22 10:01:44.140000+00:00,55.930986,160.68916,10.11,0.75,-100.0,1
2016-01-22 12:53:16.030000+00:00,56.059049,160.63335,-0.65,0.98,-100.0,1
2016-01-22 15:01:10.880000+00:00,55.926107,160.691276,7.0,1.76,-0.19,1
2016-01-22 15:05:15.030000+00:00,55.926135,160.691195,7.1,1.89,-0.186,1
2016-01-22 15:25:47.350000+00:00,55.679919,160.440137,11.76,0.77,-0.151,1
2016-01-22 15:30:46.420000+00:00,55.925688,160.696745,8.92,0.56,-100.0,1
2016-01-22 16:56:52.230000+00:00,56.119161,160.45026,0.46,0.95,-100.0,1
2016-01-22 17:50:16.180000+00:00,56.19587,160.960986,26.25,1.35,-100.0,1
2016-01-22 19:48:57.600000+00:00,55.546993,160.293164,16.28,1.04,-0.338,1
2016-01-22 19:49:46.320000+00:00,55.537508,160.294906,19.71,0.43,-100.0,1
2016-01-22 21:03:20.460000+00:00,55.717354,160.481608,15.26,1.04,-100.0,1
2016-01-22 21:06:46.600000+00:00,56.122384,160.31263,15.45,0.27,-100.0,1
2016-01-22 21:39:28.680000+00:00,55.650582,160.079525,26.8,0.97,-100.0,1
2016-01-22 22:55:37.380000+00:00,56.135681,160.536426,6.55,0.29,-100.0,1
2016-01-22 23:14:22.080000+00:00,56.133317,160.537891,6.79,0.37,-100.0,1
2016-01-23 00:20:35.800000+00:00,56.130941,160.444385,3.84,0.8,-100.0,1
2016-01-23 01:35:39.860000+00:00,55.880595,160.064535,18.73,0.48,-100.0,1
2016-01-23 01:36:41.120000+00:00,55.805168,160.270638,21.18,0.63,-100.0,1
2016-01-23 01:39:30.150000+00:00,55.808346,160.240544,22.19,1.05,-0.664,1
2016-01-23 02:24:47.880000+00:00,56.062915,160.610758,36.29,1.38,-0.814,1
2016-01-23 02:25:54.240000+00:00,56.060482,160.615853,34.7,1.27,-0.835,1
2016-01-23 04:31:28+00:00,56.056295,160.612809,34.43,1.17,-0.686,1
2016-01-23 05:28:06.130000+00:00,56.051461,160.609505,29.71,1.09,-0.852,1
2016-01-23 06:24:50.210000+00:00,56.117696,160.525879,7.4,1.02,-100.0,1
2016-01-23 07:01:26.520000+00:00,55.827519,160.381071,0.79,0.95,-0.957,1
2016-01-23 07:02:54.150000+00:00,55.828121,160.379167,0.94,0.99,-1.067,1
2016-01-23 07:06:19.520000+00:00,55.827625,160.383675,2.24,0.85,-0.974,1
2016-01-23 07:07:17.100000+00:00,55.83116,160.385758,2.26,0.88,-0.839,1
2016-01-23 07:09:52.140000+00:00,55.837288,160.398844,8.69,0.9,-0.747,1
2016-01-23 07:12:36.460000+00:00,55.830404,160.41346,4.05,0.59,-0.808,1
2016-01-23 07:13:11.090000+00:00,55.827531,160.376156,1.34,0.49,-0.969,1
2016-01-23 07:13:55.350000+00:00,55.830208,160.389062,1.12,0.46,-100.0,1
2016-01-23 07:16:50.540000+00:00,55.833492,160.406478,7.63,0.58,-100.0,1
2016-01-23 07:17:09.450000+00:00,55.832613,160.381543,2.41,0.59,-100.0,1
2016-01-23 07:23:25.550000+00:00,55.830408,160.377979,5.19,0.54,-0.783,1
2016-01-23 07:25:15.900000+00:00,55.829399,160.381868,5.79,0.52,-0.595,1
2016-01-23 07:29:52.800000+00:00,55.848149,160.350456,-0.41,0.51,-0.606,1
2016-01-23 07:37:02.410000+00:00,55.848995,160.38418,6.29,0.66,-0.656,1
2016-01-23 07:41:11.150000+00:00,55.830237,160.369824,8.07,0.47,-100.0,1
2016-01-23 07:42:23.050000+00:00,55.747233,160.417106,8.68,0.44,-100.0,1
2016-01-23 07:46:40.840000+00:00,55.838432,160.383024,11.3,0.7,-100.0,1
2016-01-23 07:47:28.140000+00:00,55.831637,160.391162,13.69,0.69,-100.0,1
2016-01-23 07:50:48.490000+00:00,55.838879,160.383398,13.63,0.82,-1.157,1
2016-01-23 08:07:44.580000+00:00,55.792619,160.332617,0.81,1.06,-1.039,1
2016-01-23 12:14:19.790000+00:00,55.714421,160.465072,0.52,0.7,-100.0,1
2016-01-23 12:25:34.290000+00:00,56.126025,160.568392,24.68,0.84,-100.0,1
2016-01-23 12:30:30.720000+00:00,55.82432,160.545671,6.9,0.28,-100.0,1
2016-01-23 14:06:09.700000+00:00,56.045459,160.605876,28.09,1.23,-0.841,1
2016-01-23 17:48:52.440000+00:00,56.050741,160.605599,30.18,1.24,-0.825,1
2016-01-23 17:57:56.840000+00:00,56.159062,160.902913,24.44,1.11,-100.0,1
2016-01-23 20:27:41.280000+00:00,55.711914,160.44471,8.27,0.41,-100.0,1
2016-01-23 20:54:05.980000+00:00,55.847567,160.339486,13.62,0.62,-100.0,1
2016-01-23 21:00:43.160000+00:00,55.836869,160.373617,12.57,0.14,-100.0,1
2016-01-23 21:43:00.200000+00:00,56.131148,160.448926,5.11,1.17,-0.899,1
2016-01-23 21:54:16.840000+00:00,55.700476,160.443636,10.93,1.82,-0.207,1
2016-01-23 21:56:07.660000+00:00,55.711047,160.439893,7.44,0.63,-100.0,1
2016-01-23 22:26:00.320000+00:00,55.697559,160.440723,11.21,0.65,-0.178,1
2016-01-23 22:49:58.760000+00:00,55.824642,160.381787,0.0,0.2,-0.202,1
2016-01-24 00:53:23.950000+00:00,55.691508,160.437663,9.34,0.54,-0.457,1
2016-01-24 01:16:49.960000+00:00,55.788818,160.85236,3.76,0.49,-100.0,1
2016-01-24 04:27:30+00:00,55.706356,160.430859,13.84,0.74,-0.148,1
2016-01-24 05:08:21.220000+00:00,55.714343,160.449365,9.13,0.88,-0.158,1
2016-01-24 06:24:09.630000+00:00,55.706962,160.430908,13.8,0.74,-0.062,1
2016-01-24 09:02:24.970000+00:00,56.099121,160.472266,8.64,0.95,-0.64,1
2016-01-24 10:47:47.840000+00:00,55.700924,160.443896,11.29,0.88,-100.0,1
2016-01-24 18:51:32.080000+00:00,55.776359,160.571875,1.39,0.4,-100.0,1
2016-01-24 21:05:41.460000+00:00,55.681637,160.643018,17.94,1.46,-0.593,1
2016-01-25 00:48:19.070000+00:00,56.125468,160.73291,22.19,0.78,-100.0,2
2016-01-25 03:51:18.060000+00:00,55.809371,160.250114,22.07,0.61,-0.386,2
2016-01-25 03:54:41.260000+00:00,55.81027,160.24624,23.11,0.72,-0.725,2
2016-01-25 05:42:39.760000+00:00,55.803646,160.525,15.24,0.59,-100.0,2
2016-01-25 07:50:11.050000+00:00,56.27002,160.349056,0.31,0.88,-100.0,2
2016-01-25 08:01:50.960000+00:00,56.044845,160.625618,23.86,1.17,-0.5,2
2016-01-25 11:27:08.930000+00:00,55.501587,160.272624,11.29,0.84,-0.26,2
2016-01-25 17:15:28.760000+00:00,56.196684,160.751855,24.31,0.81,-100.0,2
2016-01-25 20:10:51.680000+00:00,56.017334,160.920703,15.8,1.32,-100.0,2
2016-01-26 00:02:50.480000+00:00,55.706893,160.426855,13.16,1.18,-0.241,2
2016-01-26 01:31:53.150000+00:00,55.846297,160.406543,15.68,0.67,-0.249,2
2016-01-26 03:57:33.800000+00:00,55.617244,160.535612,25.46,1.27,-100.0,2
2016-01-26 10:27:01.730000+00:00,55.702665,160.426058,9.48,0.41,-100.0,2
2016-01-26 11:51:33.850000+00:00,55.710775,160.434619,14.15,0.92,-0.135,2
2016-01-26 12:54:29.680000+00:00,55.709583,160.450081,13.04,0.23,-100.0,2
2016-01-26 17:41:14.760000+00:00,55.707666,160.443945,10.28,1.42,-0.231,2
2016-01-26 19:53:36.600000+00:00,56.197656,160.855664,28.16,1.2,-0.237,2
2016-01-26 22:42:35.760000+00:00,55.706335,160.437956,11.5,0.82,-0.031,2
2016-01-26 23:13:21.560000+00:00,56.0474,160.599723,28.01,1.39,-0.854,2
2016-01-26 23:14:45.960000+00:00,56.051742,160.603776,30.63,1.16,-0.815,2
2016-01-26 23:46:54.560000+00:00,56.123027,160.464307,28.73,1.14,-100.0,2
2016-01-27 00:04:19.330000+00:00,56.111621,160.747526,25.71,1.15,-100.0,1
2016-01-27 00:10:33.750000+00:00,56.062773,160.606266,33.75,1.12,-0.907,1
2016-01-27 00:27:08.600000+00:00,55.830778,160.390674,-2.31,0.58,-0.43,1
2016-01-27 02:12:40.980000+00:00,55.658024,160.571419,8.06,0.28,-100.0,1
2016-01-27 06:16:53.470000+00:00,56.151139,160.866618,25.55,1.3,-100.0,1
2016-01-27 07:01:32.750000+00:00,55.681986,160.440251,7.03,0.26,-100.0,1
2016-01-27 07:04:59.230000+00:00,56.133659,160.449268,5.58,0.94,-0.509,1
2016-01-27 12:52:45.820000+00:00,56.054431,160.608936,32.14,1.34,-100.0,1
2016-01-27 15:26:08.050000+00:00,55.72974,160.960384,2.48,0.87,-100.0,1
2016-01-27 18:32:33.300000+00:00,55.695854,160.423942,11.41,0.93,-0.216,1
2016-01-27 19:38:04.320000+00:00,56.055835,160.602132,33.53,1.61,-0.872,1
2016-01-27 19:55:30.720000+00:00,55.827132,160.380518,-0.12,0.63,-0.284,1
2016-01-27 20:58:06+00:00,56.059827,160.622233,37.19,1.27,-0.669,1
2016-01-27 20:59:11.760000+00:00,55.713452,160.447884,10.23,0.5,-100.0,1
2016-01-28 01:29:15.260000+00:00,55.799471,160.339941,0.41,0.57,-0.577,1
2016-01-28 05:10:35.750000+00:00,56.056848,160.612923,35.25,1.42,-0.662,1
2016-01-28 05:34:06.790000+00:00,55.82255,160.48859,-0.28,0.57,-0.297,1
2016-01-28 07:16:38.120000+00:00,56.091028,160.629867,43.83,1.07,-100.0,1
2016-01-28 09:47:50+00:00,55.78586,160.337207,0.44,0.56,-100.0,1
2016-01-28 22:00:20.760000+00:00,56.061471,160.615218,36.16,1.34,-100.0,1
2016-01-28 22:37:22.360000+00:00,55.726681,160.450521,12.0,0.92,-0.132,1
2016-01-29 01:30:02.160000+00:00,55.83466,160.384229,6.56,0.6,-0.69,1
2016-01-29 03:14:05.310000+00:00,55.990706,160.622624,24.74,0.88,-100.0,1
2016-01-29 03:39:27.620000+00:00,55.68938,160.881803,7.7,1.56,-0.383,1
2016-01-29 03:57:47.920000+00:00,55.717725,160.453027,7.34,1.16,-0.21,1
2016-01-29 05:21:47.700000+00:00,56.05179,160.615869,31.24,1.41,-0.805,1
2016-01-29 21:17:52.140000+00:00,55.833993,160.378483,1.19,0.43,-100.0,1
2016-01-29 21:43:21.320000+00:00,55.833537,160.384521,8.66,0.64,-100.0,1
2016-01-30 01:40:35.030000+00:00,56.103768,160.723405,0.13,2.64,-0.419,1
2016-01-30 02:03:23.670000+00:00,55.734701,160.508382,44.88,1.08,-100.0,1
2016-01-30 02:31:27.960000+00:00,55.815751,160.382926,0.69,0.63,-0.765,1
2016-01-30 02:35:57.510000+00:00,55.829622,160.380648,0.69,0.69,-0.798,1
2016-01-30 02:44:33.600000+00:00,55.832048,160.378776,1.04,0.71,-0.65,1
2016-01-30 03:00:52.980000+00:00,55.831795,160.395671,3.86,0.61,-0.675,1
2016-01-30 04:24:26.640000+00:00,55.832161,160.388688,2.75,0.55,-100.0,1
2016-01-30 04:29:32.020000+00:00,55.620072,160.350179,19.62,1.93,-0.704,1
2016-01-30 04:43:56.670000+00:00,56.063489,160.606901,33.71,1.54,-0.801,1
2016-01-30 07:33:28.760000+00:00,55.769189,160.872526,17.99,0.87,-100.0,1
2016-01-30 12:01:32.950000+00:00,56.156645,160.827246,24.66,1.4,-100.0,1
2016-01-30 12:06:20.410000+00:00,55.697567,160.435596,13.61,0.58,-100.0,1
2016-01-30 13:07:55.390000+00:00,56.147685,160.855192,26.38,1.46,-100.0,1
2016-01-30 14:46:20.630000+00:00,55.71838,160.470866,9.66,1.04,-0.215,1
2016-01-30 16:21:29.120000+00:00,56.083712,160.454443,30.54,1.09,-0.916,1
2016-01-30 16:51:40.100000+00:00,56.060478,160.698828,14.6,1.61,-0.214,1
2016-01-30 19:19:19.680000+00:00,55.692981,160.464176,5.18,1.43,-0.242,1
2016-01-30 19:29:20.920000+00:00,56.223543,160.836458,22.96,1.98,-0.192,1
2016-01-30 22:49:58.800000+00:00,56.120833,160.44471,2.82,1.58,-0.654,1
2016-01-31 01:20:42.580000+00:00,55.765454,160.956494,25.25,0.84,-100.0,1
2016-01-31 03:29:47.550000+00:00,55.705241,160.47137,0.88,0.46,-100.0,1
2016-01-31 04:33:21.560000+00:00,55.741158,160.452962,9.02,0.56,-100.0,1
2016-01-31 07:14:28.160000+00:00,55.711515,160.45542,7.64,0.51,-100.0,1
2016-01-31 08:08:41.440000+00:00,56.12019,160.876986,26.64,1.46,-100.0,1
2016-01-31 08:11:18.030000+00:00,56.075049,160.622673,25.76,1.02,-100.0,1
2016-01-31 09:35:32.930000+00:00,56.114591,160.866423,26.82,1.2,-100.0,1
2016-01-31 16:00:46.530000+00:00,56.142212,160.888395,27.33,1.48,-100.0,1
2016-01-31 16:03:13.390000+00:00,56.235543,160.925163,20.53,1.5,-0.222,1
2016-01-31 16:51:36.040000+00:00,55.828385,160.377702,1.18,0.39,-100.0,1
2016-01-31 16:54:26.120000+00:00,55.828975,160.378923,1.19,0.47,-1.224,1
2016-01-31 16:56:08.400000+00:00,55.829639,160.376432,-0.05,0.77,-1.246,1
2016-01-31 17:17:06.200000+00:00,55.831274,160.377816,5.13,0.42,-100.0,1
2016-01-31 17:25:50.820000+00:00,55.834937,160.385693,7.79,0.46,-100.0,1
2016-01-31 18:12:35.800000+00:00,55.83868,160.388477,13.89,0.72,-100.0,1
2016-02-01 00:01:31.140000+00:00,56.143917,160.830941,23.01,1.55,-0.055,1
2016-02-01 04:57:10.800000+00:00,55.830819,160.379134,2.59,0.79,-1.0,1
2016-02-01 05:05:14.630000+00:00,55.870683,160.343571,0.59,0.61,-100.0,1
2016-02-01 05:20:44.440000+00:00,55.833488,160.381608,8.16,0.57,-0.816,1
2016-02-01 08:09:37.930000+00:00,55.716768,160.50599,12.19,0.45,-100.0,1
2016-02-01 10:21:07+00:00,55.663623,160.41652,13.52,0.43,-100.0,1
2016-02-01 15:02:04+00:00,55.82452,160.371338,1.06,0.63,-0.803,1
2016-02-01 15:30:15.130000+00:00,55.834827,160.377881,12.77,0.83,-100.0,1
2016-02-01 15:34:09+00:00,55.842729,160.377865,14.93,0.87,-100.0,1
2016-02-01 18:45:40.760000+00:00,55.714185,160.452344,9.19,0.91,-0.169,1
2016-02-01 18:57:51.920000+00:00,56.055591,160.610856,31.98,1.5,-0.843,1
2016-02-01 18:59:14.560000+00:00,56.058065,160.610514,34.53,1.46,-0.961,1
2016-02-01 19:12:43.080000+00:00,55.607931,160.53973,28.84,1.73,-100.0,1
2016-02-01 22:15:03.880000+00:00,56.124756,160.439469,0.62,0.72,-100.0,1
2016-02-01 23:16:36.560000+00:00,55.833126,160.378369,1.92,0.53,-0.539,1
2016-02-02 08:28:07.300000+00:00,56.057898,160.608952,12.89,1.23,-100.0,1
2016-02-02 13:06:22.550000+00:00,56.198551,160.797347,-1.73,1.1,-100.0,1
2016-02-02 13:52:58.140000+00:00,56.064815,160.616406,-1.3,1.26,-1.145,1
2016-02-02 14:08:40.310000+00:00,56.054887,160.714762,34.62,1.35,-1.054,1
2016-02-02 14:55:37.220000+00:00,55.782865,160.495345,5.62,0.54,-100.0,1
2016-02-02 17:17:46.960000+00:00,56.097229,160.580876,41.87,1.0,-100.0,1
2016-02-03 01:27:13.230000+00:00,55.793799,160.335417,0.77,0.38,-0.541,1
2016-02-03 03:09:49.810000+00:00,55.716838,160.432813,13.84,0.81,-0.146,1
2016-02-03 05:55:48.640000+00:00,56.212431,160.919613,20.14,1.22,-100.0,1
2016-02-03 07:22:37.230000+00:00,56.063094,160.607259,36.38,1.44,-0.807,1
2016-02-03 07:24:02.220000+00:00,56.052051,160.602279,30.17,1.3,-0.822,1
2016-02-03 08:56:08.940000+00:00,56.103764,160.680762,17.02,0.77,-100.0,1
2016-02-03 09:12:42.100000+00:00,56.076481,160.71779,38.66,1.26,-100.0,1
2016-02-03 09:28:35.110000+00:00,55.814596,160.363802,12.09,0.3,-100.0,1
2016-02-03 09:41:29.580000+00:00,56.133374,160.451709,3.83,1.06,-100.0,1
2016-02-03 10:27:49.270000+00:00,56.294128,160.542318,31.69,0.83,-100.0,1
2016-02-03 12:26:14.250000+00:00,56.067216,160.628792,-0.32,0.97,-0.506,1
2016-02-03 14:03:36.630000+00:00,56.083061,160.644238,4.01,1.1,-100.0,1
2016-02-03 14:39:12.850000+00:00,56.063094,160.629736,-0.37,0.94,-100.0,1
2016-02-03 14:58:32.430000+00:00,56.062016,160.622038,-1.51,1.07,-100.0,1
2016-02-03 17:03:48.880000+00:00,55.70946,160.432699,13.06,1.13,-0.163,1
2016-02-03 17:04:23.540000+00:00,55.726729,160.465592,0.88,0.58,-100.0,1
2016-02-03 19:08:50.040000+00:00,56.043132,160.598421,26.51,1.21,-0.772,1
2016-02-03 19:39:08.540000+00:00,56.1295,160.929883,26.74,1.5,-100.0,1
2016-02-03 22:10:17.440000+00:00,55.797209,160.330859,0.51,1.23,-0.372,1
2016-02-03 22:30:29.440000+00:00,55.825944,160.524935,12.99,0.7,-0.313,1
2016-02-03 22:52:24.800000+00:00,56.057389,160.610173,34.18,1.43,-0.863,1
2016-02-03 22:56:19.400000+00:00,56.051204,160.603223,30.24,1.36,-0.921,1
2016-02-03 23:26:30.680000+00:00,56.120715,160.457324,0.31,0.9,-0.553,1
2016-02-03 23:36:56.440000+00:00,56.12391,160.530387,27.89,1.05,-100.0,1
2016-02-04 00:10:58.530000+00:00,56.055216,160.612777,32.83,1.17,-0.788,2
2016-02-04 00:51:31.580000+00:00,56.065336,160.627816,-0.92,0.86,-0.938,2
2016-02-04 01:00:53.730000+00:00,55.524809,160.404818,25.53,0.72,-100.0,2
2016-02-04 04:28:35.400000+00:00,56.171073,160.697754,26.02,1.13,-100.0,2
2016-02-04 07:20:27.870000+00:00,56.046842,160.620898,28.41,0.93,-100.0,2
2016-02-04 08:21:04.960000+00:00,55.669857,160.409163,10.88,1.19,-0.234,2
2016-02-04 08:21:53.090000+00:00,55.84259,160.399788,-0.26,0.56,-100.0,2
2016-02-04 09:29:36.980000+00:00,56.069609,160.630208,-0.19,0.8,-0.823,2
2016-02-04 11:35:05.350000+00:00,55.711084,160.456543,6.41,0.79,-0.073,2
2016-02-04 12:08:21.220000+00:00,56.134953,160.390202,5.2,0.77,-0.608,2
2016-02-04 12:27:12.130000+00:00,55.831177,160.49484,0.94,0.76,-100.0,2
2016-02-04 12:53:25.540000+00:00,56.124605,160.423177,1.34,0.47,-0.613,2
2016-02-04 14:49:26.890000+00:00,56.150789,160.505957,0.12,0.94,-0.675,2
2016-02-04 16:23:07.110000+00:00,55.540979,160.13514,38.11,1.06,-100.0,2
2016-02-04 17:52:20.220000+00:00,56.132829,160.452555,0.67,0.73,-0.574,2
2016-02-04 18:19:24.960000+00:00,55.702421,160.472314,0.83,0.44,-100.0,2
2016-02-04 21:19:35.920000+00:00,56.06119,160.699528,14.56,1.27,-0.197,2
2016-02-04 22:04:38.200000+00:00,56.051632,160.610905,30.97,1.42,-0.884,2
2016-02-04 22:19:12.200000+00:00,56.106051,160.040446,30.54,0.77,-100.0,2
2016-02-04 22:22:42.720000+00:00,56.056242,160.606006,32.89,1.08,-0.818,2
2016-02-04 22:56:35.100000+00:00,55.796822,160.371208,0.33,0.49,-0.474,2
2016-02-04 23:12:37.040000+00:00,56.064437,160.624202,-0.75,0.89,-100.0,2
2016-02-04 23:30:08.280000+00:00,55.884408,160.550228,10.74,0.8,-0.854,2
2016-02-05 00:01:22.650000+00:00,55.941252,160.535889,10.91,0.58,-0.646,2
2016-02-05 00:58:49.210000+00:00,56.125008,160.45651,7.78,0.8,-100.0,2
2016-02-05 01:24:27.740000+00:00,55.616455,160.557194,31.73,0.72,-100.0,2
2016-02-05 01:38:11.640000+00:00,55.82314,160.389274,0.23,0.23,-100.0,2
2016-02-05 02:22:16.630000+00:00,56.143949,160.631673,0.77,0.83,-1.213,2
2016-02-05 02:55:14.790000+00:00,56.112341,160.590023,20.25,1.28,-0.121,2
2016-02-05 03:04:27.660000+00:00,55.660421,160.852881,12.66,0.49,-100.0,2
2016-02-05 03:08:40.360000+00:00,56.056042,160.632454,5.6,1.02,-0.724,2
2016-02-05 04:28:00.580000+00:00,56.123568,160.261768,10.53,0.53,-100.0,2
2016-02-05 04:57:42.390000+00:00,55.823193,160.37207,0.92,1.24,-1.122,2
2016-02-05 04:59:42.480000+00:00,55.829626,160.381348,0.6,1.26,-100.0,2
2016-02-05 05:01:22.450000+00:00,55.827181,160.375195,0.44,0.98,-100.0,2
2016-02-05 05:02:58.220000+00:00,55.826029,160.384375,1.13,1.58,-1.229,2
2016-02-05 05:04:58.120000+00:00,55.83245,160.378223,1.79,1.3,-0.679,2
2016-02-05 05:06:17.550000+00:00,55.831376,160.377751,0.96,1.46,-0.789,2
2016-02-05 05:07:17.710000+00:00,55.830754,160.379964,2.51,1.15,-0.819,2
2016-02-05 05:08:30.830000+00:00,55.827686,160.373975,1.07,1.1,-0.756,2
2016-02-05 05:10:54.410000+00:00,55.826672,160.376888,3.93,0.81,-100.0,2
2016-02-05 05:11:09.980000+00:00,55.828174,160.378385,3.86,1.53,-0.971,2
2016-02-05 05:20:40.910000+00:00,55.78894,160.309261,9.42,1.57,-100.0,2
2016-02-05 05:21:19.650000+00:00,55.839632,160.385791,10.33,1.64,-0.397,2
2016-02-05 05:22:09.890000+00:00,55.830949,160.385498,9.13,1.4,-100.0,2
2016-02-05 05:28:52.230000+00:00,55.839779,160.395915,15.83,1.16,-0.17,2
2016-02-05 05:33:55.080000+00:00,55.834155,160.37251,8.92,1.28,-0.635,2
2016-02-05 05:36:43.510000+00:00,55.866138,160.39585,23.79,1.03,-100.0,2
2016-02-05 05:42:43.180000+00:00,55.842749,160.384098,15.0,1.26,-0.642,2
2016-02-05 05:45:28+00:00,55.843197,160.408398,17.65,1.53,-0.985,2
2016-02-05 05:46:45.160000+00:00,55.836584,160.388298,13.02,0.75,-100.0,2
2016-02-05 05:47:18.890000+00:00,55.835262,160.390576,12.71,0.75,-100.0,2
2016-02-05 05:48:03.360000+00:00,55.817131,160.385954,1.02,0.87,-100.0,2
2016-02-05 05:49:26.210000+00:00,55.771509,160.390169,2.75,0.66,-100.0,2
2016-02-05 05:50:08.660000+00:00,55.83678,160.393522,9.54,1.27,-100.0,2
2016-02-05 05:56:41.550000+00:00,55.837976,160.374919,10.8,0.88,-0.59,2
2016-02-05 05:58:58.100000+00:00,55.827262,160.426807,18.49,0.53,-100.0,2
2016-02-05 05:59:37.750000+00:00,55.836027,160.394515,12.16,0.69,-0.74,2
2016-02-05 06:02:29.490000+00:00,55.848283,160.112728,11.67,0.8,-100.0,2
2016-02-05 06:04:12.050000+00:00,55.839559,160.393311,14.55,1.16,-0.348,2
2016-02-05 06:09:35.190000+00:00,55.833057,160.378125,14.43,0.54,-100.0,2
2016-02-05 06:11:12.220000+00:00,55.841642,160.390837,15.41,0.49,-100.0,2
2016-02-05 06:13:31.470000+00:00,55.836572,160.387077,17.77,0.66,-1.012,2
2016-02-05 08:29:10.100000+00:00,55.829618,160.37806,1.13,1.01,-0.656,2
2016-02-05 08:32:18.930000+00:00,55.826583,160.381592,1.32,1.09,-0.86,2
2016-02-05 08:39:35.640000+00:00,55.830347,160.378923,2.04,1.04,-1.073,2
2016-02-05 08:40:59.730000+00:00,55.863236,160.363216,5.96,0.66,-0.853,2
2016-02-05 08:44:04.700000+00:00,55.829232,160.380094,4.25,0.5,-0.859,2
2016-02-05 08:45:22.060000+00:00,55.769657,160.487728,15.1,0.87,-100.0,2
2016-02-05 08:47:47.130000+00:00,55.829806,160.378678,3.85,0.43,-0.95,2
2016-02-05 08:48:07.490000+00:00,55.83042,160.382536,4.78,0.78,-0.515,2
2016-02-05 08:56:07.290000+00:00,55.834696,160.381348,7.31,0.83,-0.428,2
2016-02-05 09:12:22.330000+00:00,55.83678,160.381576,12.82,0.54,-100.0,2
2016-02-05 09:23:34.620000+00:00,55.842436,160.387939,10.17,0.31,-100.0,2
2016-02-05 09:55:16.210000+00:00,56.127384,160.412272,0.85,0.77,-100.0,2
2016-02-05 12:19:18.610000+00:00,55.780021,160.349154,10.91,0.82,-0.516,2
2016-02-05 13:38:47.820000+00:00,55.893486,160.404085,14.86,0.91,-0.554,2
2016-02-05 15:37:39.850000+00:00,56.012166,160.36014,10.28,0.81,-0.641,2
2016-02-05 17:00:00.680000+00:00,55.822831,160.375765,2.53,0.64,-100.0,2
2016-02-05 18:22:03+00:00,56.118164,160.40695,-0.98,0.47,-100.0,2
2016-02-05 18:30:28.960000+00:00,55.705754,160.458122,6.27,0.45,-100.0,2
2016-02-05 19:38:30.920000+00:00,55.780623,160.378271,14.12,0.86,-0.598,2
2016-02-05 19:56:13.680000+00:00,56.107458,160.459814,-0.16,0.67,-100.0,2
2016-02-05 20:48:01.500000+00:00,55.703491,160.459928,-0.55,0.44,-100.0,2
2016-02-05 21:10:13.660000+00:00,55.856116,160.343115,-2.94,0.33,-0.554,2
2016-02-05 21:54:12.360000+00:00,55.799272,160.313802,2.1,0.65,-100.0,2
2016-02-06 00:37:43.910000+00:00,55.728955,160.477067,0.91,0.6,-0.185,2
2016-02-06 00:46:59.490000+00:00,55.797799,160.289648,13.32,1.24,-0.702,2
2016-02-06 01:19:29.850000+00:00,55.693372,160.333854,10.59,0.61,-0.333,2
2016-02-06 01:29:38.190000+00:00,55.790222,160.536898,13.28,0.87,-0.547,2
2016-02-06 03:22:37.170000+00:00,56.118616,160.457552,0.08,1.07,-0.723,2
2016-02-06 04:29:37.680000+00:00,55.534762,160.318424,14.85,0.27,-100.0,2
2016-02-06 06:56:09.590000+00:00,56.138497,160.443896,6.41,0.26,-100.0,2
2016-02-06 07:50:23.970000+00:00,55.835205,160.380924,1.45,0.43,-0.551,2
2016-02-06 07:52:42.140000+00:00,55.782796,160.358203,7.28,0.26,-100.0,2
2016-02-06 07:55:57.710000+00:00,55.82749,160.474707,8.65,0.47,-100.0,2
2016-02-06 07:59:09.690000+00:00,55.838647,160.383285,12.03,0.34,-100.0,2
2016-02-06 08:00:23.260000+00:00,55.787297,160.406299,11.12,0.08,-100.0,2
2016-02-06 08:01:19.370000+00:00,55.841549,160.37863,13.18,0.14,-100.0,2
2016-02-06 08:05:20.130000+00:00,55.827413,160.411865,15.15,0.05,-100.0,2
2016-02-06 08:27:26.370000+00:00,56.126583,160.428662,-0.55,0.35,-100.0,2
2016-02-06 11:02:35.080000+00:00,56.070292,160.635612,-0.63,0.6,-100.0,2
2016-02-06 12:23:45.710000+00:00,55.834167,160.392025,9.44,0.81,-0.69,2
2016-02-06 12:29:05.440000+00:00,55.832796,160.385173,11.58,0.53,-100.0,2
2016-02-06 12:41:08.270000+00:00,55.833374,160.372868,4.94,0.77,-100.0,2
2016-02-06 12:47:23.670000+00:00,55.83988,160.38361,13.9,0.62,-0.483,2
2016-02-06 12:48:05.530000+00:00,55.833382,160.374528,13.16,0.56,-100.0,2
2016-02-06 12:50:57.600000+00:00,55.844014,160.393473,0.1,0.74,-0.601,2
2016-02-06 13:02:52.130000+00:00,56.11792,160.458268,-0.03,1.08,-0.719,2
2016-02-06 13:59:06.860000+00:00,56.053446,160.610547,31.61,1.59,-0.914,2
2016-02-06 14:00:31.030000+00:00,56.046883,160.60708,27.71,1.08,-0.909,2
2016-02-06 14:01:39.550000+00:00,55.697123,160.427702,11.33,0.36,-0.369,2
2016-02-06 14:06:03.600000+00:00,56.058761,160.612044,32.84,1.27,-0.723,2
2016-02-06 14:11:30.980000+00:00,56.05741,160.6132,35.23,1.18,-0.641,2
2016-02-06 14:14:27.140000+00:00,56.053951,160.614144,31.8,0.96,-0.73,2
2016-02-06 14:22:13.740000+00:00,56.051929,160.605404,31.27,1.16,-0.719,2
2016-02-06 14:38:09.180000+00:00,56.055501,160.611296,33.76,1.03,-0.662,2
2016-02-06 14:39:27.080000+00:00,56.070638,160.58112,27.99,1.18,-100.0,2
2016-02-06 15:00:44.680000+00:00,56.046411,160.597884,28.0,1.23,-0.909,2
2016-02-06 15:11:09.480000+00:00,56.05282,160.606982,31.39,1.12,-0.867,2
2016-02-06 16:16:57.190000+00:00,56.288586,160.540755,31.41,0.47,-100.0,2
2016-02-06 17:04:41.280000+00:00,55.843465,160.395085,-0.72,0.48,-100.0,2
2016-02-06 17:10:21.760000+00:00,56.04762,160.606673,29.03,1.0,-0.795,2
2016-02-06 18:21:36.840000+00:00,55.843514,160.389339,-2.83,0.44,-100.0,2
2016-02-06 18:29:27.920000+00:00,56.049198,160.605599,29.55,0.85,-0.676,2
2016-02-06 19:33:49.800000+00:00,55.717875,160.453776,8.8,0.29,-100.0,2
2016-02-06 20:26:22.480000+00:00,56.168518,160.564974,21.38,1.12,-100.0,2
2016-02-06 20:46:08.220000+00:00,56.052665,160.604785,31.7,1.12,-0.706,2
2016-02-06 21:18:57.240000+00:00,56.118722,160.45708,0.03,1.08,-0.688,2
2016-02-06 21:26:15.380000+00:00,56.133671,160.462305,5.94,0.64,-0.942,2
2016-02-06 21:32:15.680000+00:00,56.156653,160.887386,26.28,1.02,-100.0,2
2016-02-06 21:43:04.260000+00:00,56.157458,160.874609,22.07,1.5,-0.14,2
2016-02-06 21:55:06.600000+00:00,56.230636,160.903857,15.16,1.34,-100.0,2
2016-02-06 21:56:31.480000+00:00,56.157373,160.880745,23.43,1.03,-0.435,2
2016-02-06 22:07:58.500000+00:00,56.072652,160.620215,40.53,0.98,-0.653,2
2016-02-06 23:55:05.840000+00:00,55.817082,160.242952,24.1,0.74,-0.458,2
2016-02-06 23:55:46.200000+00:00,55.822843,160.475472,14.86,0.73,-0.689,2
2016-02-07 01:44:43.970000+00:00,55.843738,160.390771,0.16,0.7,-0.75,2
2016-02-07 01:46:35.840000+00:00,56.049141,160.605924,29.86,1.1,-0.771,2
2016-02-07 02:15:01.220000+00:00,55.604081,160.615446,39.12,1.17,-100.0,2
2016-02-07 03:37:42.350000+00:00,56.05734,160.615511,34.38,1.42,-0.701,2
2016-02-07 05:09:39.910000+00:00,56.14974,160.496305,-1.92,0.78,-100.0,2
2016-02-07 05:26:14.090000+00:00,56.151742,160.37666,14.86,0.51,-100.0,2
2016-02-07 05:38:12.140000+00:00,55.861397,160.50682,11.43,0.99,-0.747,2
2016-02-07 05:40:22.600000+00:00,56.065352,160.575326,30.98,0.7,-100.0,2
2016-02-07 05:47:19.040000+00:00,55.688497,160.449723,12.76,1.57,-0.309,2
2016-02-07 06:07:45.150000+00:00,55.722217,160.520785,9.65,0.73,-0.299,2
2016-02-07 06:08:42.520000+00:00,55.723417,160.50791,12.02,0.65,-0.277,2
2016-02-07 06:22:39.920000+00:00,55.681148,160.38641,11.68,0.75,-0.637,2
2016-02-07 06:58:11.620000+00:00,55.725728,160.530811,9.11,0.32,-100.0,2
2016-02-07 09:16:30.150000+00:00,55.822697,160.379264,-0.34,0.29,-0.3,2
2016-02-07 10:06:11.060000+00:00,56.048006,160.605599,29.82,0.99,-0.51,2
2016-02-07 10:24:20.520000+00:00,56.056425,160.613411,33.58,1.24,-0.696,2
2016-02-07 11:25:00.490000+00:00,56.064539,160.62985,-0.27,0.77,-100.0,2
2016-02-07 12:59:09.510000+00:00,56.13385,160.855599,27.47,1.47,-0.116,2
2016-02-07 14:44:09.510000+00:00,56.118803,160.455876,0.74,1.05,-0.626,2
2016-02-07 16:01:54.220000+00:00,55.693522,160.267041,33.29,0.5,-100.0,2
2016-02-07 16:04:48.950000+00:00,55.689038,160.385807,14.91,1.58,-0.227,2
2016-02-07 17:07:03.560000+00:00,56.07513,160.630713,5.38,0.99,-100.0,2
2016-02-07 18:30:56.940000+00:00,56.0981,160.428206,23.03,1.18,-0.915,2
2016-02-07 18:33:42.040000+00:00,55.618831,160.531494,25.38,0.79,-100.0,2
2016-02-07 19:08:07.760000+00:00,56.042253,160.622038,19.99,0.92,-0.529,2
2016-02-07 21:08:17.320000+00:00,55.859843,160.42946,14.63,1.92,-0.246,2
2016-02-07 21:18:50.760000+00:00,55.843787,160.391146,13.21,0.75,-0.185,2
2016-02-07 21:27:54.120000+00:00,56.050395,160.316699,16.59,0.42,-100.0,2
2016-02-07 22:03:49.120000+00:00,56.191056,160.851042,26.28,1.27,-0.148,2
2016-02-07 22:18:30.960000+00:00,55.844401,160.385791,13.1,0.66,-0.235,2
2016-02-07 22:44:31.400000+00:00,55.72948,160.394466,9.22,0.51,-0.123,2
2016-02-07 22:52:51.020000+00:00,56.038928,160.624268,22.71,0.93,-1.016,2
2016-02-08 00:45:17.710000+00:00,56.189062,160.608285,14.06,0.68,-0.587,2
2016-02-08 01:17:36.040000+00:00,55.645894,160.811507,40.21,0.58,-100.0,2
2016-02-08 02:13:16.090000+00:00,56.115112,160.756104,26.46,0.96,-100.0,2
2016-02-08 02:44:14.500000+00:00,56.136174,160.864128,22.18,1.63,-0.11,2
2016-02-08 03:45:03.420000+00:00,56.019503,160.451823,14.95,0.31,-100.0,2
2016-02-08 03:48:46.090000+00:00,55.720923,160.513525,9.85,0.75,-0.192,2
2016-02-08 04:37:34.040000+00:00,56.078971,160.77583,25.71,1.04,-0.191,2
2016-02-08 05:46:07.520000+00:00,55.776888,160.98597,18.66,1.71,-0.255,2
2016-02-08 07:13:19.240000+00:00,56.188595,160.961296,26.37,1.03,-0.135,2
2016-02-08 07:51:18.280000+00:00,56.109224,160.48833,9.62,0.77,-100.0,2
2016-02-08 08:46:46.870000+00:00,56.122139,160.458789,0.37,0.35,-0.71,2
2016-02-08 08:52:43.450000+00:00,56.133366,160.444564,4.91,0.75,-100.0,2
2016-02-08 10:34:30.350000+00:00,55.682902,160.397965,15.35,0.45,-100.0,2
2016-02-08 11:35:11.890000+00:00,56.126143,160.448568,-0.16,0.33,-100.0,2
2016-02-08 14:01:39.410000+00:00,55.801953,160.37679,-0.13,0.14,-0.405,2
2016-02-08 14:14:20.900000+00:00,55.703088,160.425944,12.09,0.74,-0.225,2
2016-02-08 14:20:19.840000+00:00,56.029366,160.218799,10.42,0.74,-0.87,2
2016-02-08 14:55:04.270000+00:00,56.066162,160.622445,-0.7,0.79,-100.0,2
2016-02-08 17:22:27.960000+00:00,55.827706,160.389307,2.74,0.21,-0.603,2
2016-02-08 17:59:55.940000+00:00,55.837659,160.392383,10.42,0.17,-0.544,2
2016-02-08 18:48:44.100000+00:00,56.117537,160.459766,-0.03,0.68,-0.602,2
2016-02-08 19:11:18.920000+00:00,55.711031,160.452441,10.07,0.52,-0.185,2
2016-02-08 19:34:46.420000+00:00,56.15719,160.879899,26.11,1.21,-100.0,2
2016-02-08 20:22:15.800000+00:00,56.119788,160.457161,0.19,0.79,-0.79,2
2016-02-08 21:11:19.760000+00:00,55.831303,160.380306,0.06,0.52,-100.0,2
2016-02-08 21:38:16.600000+00:00,56.12231,160.44751,4.55,0.8,-0.814,2
2016-02-08 21:53:24.960000+00:00,56.159119,160.880208,21.76,1.48,-0.157,2
2016-02-08 22:11:55.880000+00:00,55.728678,160.379248,14.31,0.33,-100.0,2
2016-02-08 22:18:22.960000+00:00,56.0816,160.521029,27.12,0.72,-100.0,2
2016-02-09 00:16:19.480000+00:00,56.178153,160.411702,7.86,0.47,-0.661,2
2016-02-09 02:05:53.430000+00:00,56.155998,160.894873,26.37,1.31,-100.0,2
2016-02-09 02:22:52+00:00,55.830778,160.383529,0.07,0.31,-0.282,2
2016-02-09 03:02:49.020000+00:00,56.119523,160.453011,2.92,1.05,-0.626,2
2016-02-09 03:38:30.350000+00:00,55.792704,160.347119,0.25,0.78,-0.215,2
2016-02-09 04:07:07.370000+00:00,55.829032,160.39821,6.77,0.5,-0.902,2
2016-02-09 04:07:55.330000+00:00,55.846708,160.391097,9.12,0.66,-1.062,2
2016-02-09 04:11:37.340000+00:00,55.830998,160.392301,7.16,0.55,-100.0,2
2016-02-09 04:12:40.870000+00:00,55.836446,160.378874,7.08,0.62,-0.983,2
2016-02-09 04:18:54.230000+00:00,55.835986,160.384115,9.53,0.71,-100.0,2
2016-02-09 04:21:34.530000+00:00,55.858757,160.428613,23.58,0.68,-0.698,2
2016-02-09 04:25:26.220000+00:00,55.835559,160.39585,12.15,0.72,-100.0,2
2016-02-09 04:27:08.660000+00:00,55.838094,160.386344,12.73,0.59,-0.971,2
2016-02-09 04:30:14.960000+00:00,55.837826,160.391732,14.11,0.51,-0.863,2
2016-02-09 05:44:29.420000+00:00,55.830473,160.38374,-1.76,0.01,-100.0,2
2016-02-09 06:31:16.030000+00:00,55.827901,160.376595,1.25,0.28,-100.0,2
2016-02-09 06:41:27.880000+00:00,55.831828,160.387777,4.03,0.59,-1.078,2
2016-02-09 06:52:49.480000+00:00,55.829118,160.379997,0.78,0.56,-1.059,2
2016-02-09 06:56:04.570000+00:00,55.826461,160.375439,0.96,0.72,-1.139,2
2016-02-09 06:59:35.830000+00:00,55.829122,160.382878,0.69,0.6,-100.0,2
2016-02-09 07:02:45.870000+00:00,55.825606,160.371501,1.49,0.51,-0.754,2
2016-02-09 07:03:51.670000+00:00,55.828463,160.372656,1.08,0.56,-0.951,2
2016-02-09 07:14:52.550000+00:00,55.833089,160.397363,11.44,0.8,-100.0,2
2016-02-09 07:16:18.980000+00:00,55.833419,160.37876,0.53,0.79,-0.972,2
2016-02-09 07:18:24.090000+00:00,55.82723,160.37832,2.27,0.5,-0.741,2
2016-02-09 07:20:38.540000+00:00,55.823002,160.387565,-0.39,0.76,-0.974,2
2016-02-09 07:21:31.170000+00:00,55.828381,160.377425,4.03,0.67,-0.91,2
2016-02-09 07:22:53.010000+00:00,55.828923,160.384538,1.22,0.81,-1.069,2
2016-02-09 07:24:47.770000+00:00,55.828674,160.376302,6.88,0.7,-100.0,2
2016-02-09 07:29:04.600000+00:00,55.83252,160.378825,3.88,0.66,-100.0,2
2016-02-09 07:33:43.160000+00:00,55.833411,160.378353,16.57,0.95,-0.897,2
2016-02-09 07:55:34.930000+00:00,55.866866,160.236572,7.47,0.77,-100.0,2
2016-02-09 07:57:04.740000+00:00,55.829061,160.437972,3.8,0.31,-100.0,2
2016-02-09 07:57:51.140000+00:00,55.838912,160.38055,12.67,0.89,-0.745,2
2016-02-09 08:03:53.180000+00:00,55.835417,160.370231,12.05,0.81,-1.054,2
2016-02-09 08:14:05.510000+00:00,55.834981,160.375814,12.51,0.33,-100.0,2
2016-02-09 08:18:03.370000+00:00,55.83505,160.383447,11.2,0.48,-0.767,2
2016-02-09 08:19:24.420000+00:00,55.86556,160.460433,26.44,0.28,-100.0,2
2016-02-09 08:26:49.850000+00:00,55.834505,160.371077,14.37,0.36,-100.0,2
2016-02-09 08:29:44.030000+00:00,55.839408,160.382438,14.78,0.49,-0.831,2
2016-02-09 08:31:24.080000+00:00,56.059705,160.603678,-2.39,0.55,-100.0,2
2016-02-09 09:24:21.340000+00:00,55.702816,160.42915,13.43,0.74,-0.272,2
2016-02-09 09:57:30.460000+00:00,55.82404,160.379215,0.98,0.03,-0.667,2
2016-02-09 10:05:11.380000+00:00,56.142859,160.63737,17.58,0.92,-100.0,2
2016-02-09 10:08:14.930000+00:00,55.827372,160.376465,2.74,0.2,-0.432,2
2016-02-09 10:29:22.120000+00:00,55.840609,160.379427,15.51,0.21,-100.0,2
2016-02-09 10:38:40.350000+00:00,55.848356,160.402686,12.47,0.26,-100.0,2
2016-02-09 10:52:42.230000+00:00,55.671354,160.45988,18.46,0.98,-0.302,2
2016-02-09 12:01:14.670000+00:00,56.050793,160.50625,22.44,0.86,-0.612,2
2016-02-09 13:07:24.500000+00:00,56.128756,160.44502,4.51,0.39,-100.0,2
2016-02-09 13:22:01.130000+00:00,55.822782,160.380599,0.28,0.44,-1.183,2
2016-02-09 13:33:46.190000+00:00,55.821147,160.373079,1.38,0.06,-100.0,2
2016-02-09 15:31:41.060000+00:00,56.09891,160.335661,9.54,0.28,-100.0,2
2016-02-09 17:25:35.080000+00:00,55.824874,160.379915,1.32,0.05,-100.0,2
2016-02-09 17:48:08.920000+00:00,56.103642,160.548942,9.87,0.84,-100.0,2
2016-02-09 19:43:11.520000+00:00,55.683899,160.414648,12.11,0.33,-100.0,2
2016-02-09 21:22:16.440000+00:00,55.819877,160.842985,12.88,0.69,-100.0,2
2016-02-09 22:02:54.700000+00:00,56.134713,160.323844,16.47,0.49,-100.0,2
2016-02-09 23:08:17.600000+00:00,55.541199,160.488607,12.63,0.62,-0.266,2
2016-02-09 23:15:02.560000+00:00,55.69222,160.416878,12.97,0.13,-100.0,2
2016-02-09 23:58:45+00:00,55.835978,160.379346,0.0,0.77,-100.0,2
2016-02-10 05:15:44+00:00,55.826896,160.378695,1.93,0.36,-0.895,2
2016-02-10 05:32:28.120000+00:00,55.832829,160.374723,5.35,0.2,-0.856,2
2016-02-10 06:01:04.890000+00:00,55.839311,160.387793,0.57,0.74,-0.717,2
2016-02-10 06:03:32.020000+00:00,55.835136,160.36696,13.86,0.49,-0.642,2
2016-02-10 06:05:42.960000+00:00,55.837642,160.381559,13.94,0.43,-0.563,2
2016-02-10 06:35:07.010000+00:00,55.808101,160.321468,23.91,0.62,-0.608,2
2016-02-10 06:43:03.440000+00:00,55.817716,160.248649,23.16,0.18,-100.0,2
2016-02-10 07:22:46.900000+00:00,56.040076,160.333773,14.08,0.63,-0.642,2
2016-02-10 09:13:13.500000+00:00,56.076086,160.459196,1.66,0.86,-100.0,2
2016-02-10 13:36:58.500000+00:00,56.137903,160.875928,26.3,1.2,-0.219,2
2016-02-10 13:44:13.200000+00:00,55.831421,160.37832,2.04,0.1,-0.515,2
2016-02-10 13:48:03.460000+00:00,55.709517,160.431576,14.01,0.35,-100.0,2
2016-02-10 13:50:50.230000+00:00,55.708146,160.45026,10.46,0.41,-0.303,2
2016-02-10 14:20:21.710000+00:00,55.833858,160.528011,-2.84,0.62,-100.0,2
2016-02-10 15:16:47.200000+00:00,56.131694,160.464063,5.16,0.35,-0.552,2
2016-02-10 17:06:43.880000+00:00,55.599837,160.540869,29.66,1.11,-100.0,2
2016-02-10 18:11:35.160000+00:00,55.828573,160.375456,2.65,0.16,-0.629,2
2016-02-10 18:13:36.980000+00:00,55.715841,160.425814,15.04,1.14,-0.197,2
2016-02-10 20:34:58.160000+00:00,56.131002,160.454785,5.6,0.33,-0.391,2
2016-02-10 21:40:35.520000+00:00,56.069784,160.646126,6.46,0.42,-100.0,2
2016-02-10 21:42:12.320000+00:00,55.602437,160.721761,21.19,0.87,-100.0,2
2016-02-10 22:32:08.400000+00:00,55.696073,160.412272,14.14,0.72,-0.26,2
2016-02-10 23:11:19.280000+00:00,55.618974,160.620492,7.09,0.27,-100.0,2
2016-02-11 00:17:18.710000+00:00,56.117822,160.458203,-0.1,0.85,-0.945,2
2016-02-11 00:42:41.040000+00:00,56.124479,160.476855,0.82,0.36,-100.0,2
2016-02-11 01:00:12.300000+00:00,55.885404,160.1875,19.29,0.67,-0.118,2
2016-02-11 01:02:56.420000+00:00,55.714685,160.440999,9.8,0.26,-100.0,2
2016-02-11 01:05:48.260000+00:00,55.881632,160.177604,19.74,0.04,-100.0,2
2016-02-11 02:07:26.300000+00:00,56.12297,160.460596,7.3,0.67,-0.845,2
2016-02-11 02:29:50.290000+00:00,56.123706,160.729085,22.61,0.84,-100.0,2
2016-02-11 02:59:42.010000+00:00,55.962134,160.874788,13.65,1.23,-0.359,2
2016-02-11 03:04:38.600000+00:00,56.145007,160.426416,4.82,0.0,-0.551,2
2016-02-11 03:10:57.080000+00:00,56.138761,160.334277,14.52,0.55,-100.0,2
2016-02-11 04:24:37.550000+00:00,56.046578,160.607894,27.94,1.47,-0.779,2
2016-02-11 04:27:30.710000+00:00,56.05271,160.603011,30.59,1.11,-0.825,2
2016-02-11 04:30:09.740000+00:00,56.053861,160.607389,30.65,1.06,-100.0,2
2016-02-11 04:49:04.740000+00:00,55.826583,160.380387,-0.06,0.43,-0.259,2
2016-02-11 04:51:41.800000+00:00,56.126343,160.435465,1.23,0.78,-0.639,2
2016-02-11 05:27:08.480000+00:00,55.842725,160.386898,11.98,0.52,-0.203,2
2016-02-11 05:47:52.950000+00:00,55.885091,160.185075,19.23,0.59,-100.0,2
2016-02-11 05:48:46.800000+00:00,56.057137,160.615137,33.42,1.06,-0.854,2
2016-02-11 07:06:37.040000+00:00,56.058195,160.605339,34.44,0.96,-0.729,2
2016-02-11 07:23:52+00:00,55.676579,160.427604,13.86,0.24,-100.0,2
2016-02-11 09:27:26.310000+00:00,56.058118,160.61263,34.09,0.98,-100.0,2
2016-02-11 09:44:57.060000+00:00,55.717631,160.665299,16.03,0.77,-0.222,2
2016-02-11 09:59:51.370000+00:00,56.114734,160.46805,13.1,0.65,-100.0,2
2016-02-11 10:02:52.520000+00:00,56.049748,160.602409,29.44,1.34,-0.776,2
2016-02-11 10:10:06.130000+00:00,55.829793,160.389827,15.74,0.28,-100.0,2
2016-02-11 10:15:39.830000+00:00,56.05636,160.614681,33.09,0.81,-0.64,2
2016-02-11 10:21:16.360000+00:00,56.066337,160.611686,38.54,0.77,-100.0,2
2016-02-11 11:14:49.130000+00:00,56.096448,160.621094,42.96,1.2,-0.716,2
2016-02-11 12:01:36.930000+00:00,56.057833,160.607943,33.83,0.98,-0.733,2
2016-02-11 12:18:15.670000+00:00,56.11875,160.461377,-0.54,0.72,-0.689,2
2016-02-11 12:56:36.110000+00:00,56.145878,160.550732,-0.66,0.14,-100.0,2
2016-02-11 13:58:46.960000+00:00,55.614693,160.550472,32.64,0.5,-100.0,2
2016-02-11 15:46:11.710000+00:00,56.065824,160.611882,-1.33,0.66,-100.0,2
2016-02-11 16:50:29.400000+00:00,55.748625,160.164551,10.61,0.87,-0.144,2
2016-02-11 18:17:11.780000+00:00,55.651351,160.415251,8.65,0.5,-0.37,2
2016-02-11 18:18:20.180000+00:00,55.824805,160.382324,0.58,0.22,-100.0,2
2016-02-11 19:34:04.880000+00:00,55.687362,160.407422,14.7,0.83,-0.147,2
2016-02-11 20:22:07.080000+00:00,56.061471,160.624707,-0.19,1.05,-100.0,2
2016-02-11 23:21:24.640000+00:00,56.131405,160.461816,11.16,0.61,-0.688,2
2016-02-12 01:33:53.120000+00:00,55.753231,160.150065,9.74,0.34,-100.0,1
2016-02-12 01:47:23.740000+00:00,56.141321,160.336523,5.31,0.38,-0.572,1
2016-02-12 02:50:16.910000+00:00,56.132642,160.451953,0.0,0.06,-100.0,1
2016-02-12 02:56:48.220000+00:00,56.135315,160.884391,25.47,1.49,-0.07,1
2016-02-12 03:38:02.170000+00:00,55.841016,160.398031,15.77,1.53,-0.398,1
2016-02-12 03:38:24.500000+00:00,55.838175,160.360547,13.03,1.51,-100.0,1
2016-02-12 03:44:59.370000+00:00,55.842822,160.420589,16.27,1.25,-0.73,1
2016-02-12 03:45:33.910000+00:00,55.872892,160.489469,9.64,1.22,-0.728,1
2016-02-12 03:57:33.660000+00:00,55.7297,160.336621,-2.66,1.02,-100.0,1
2016-02-12 04:02:37.510000+00:00,55.833936,160.389616,9.91,0.97,-100.0,1
2016-02-12 04:08:55.150000+00:00,55.853617,160.079753,12.02,1.18,-0.691,1
2016-02-12 04:10:11.770000+00:00,55.840987,160.399154,15.65,1.11,-0.85,1
2016-02-12 04:42:30.150000+00:00,55.838554,160.379834,13.38,0.37,-100.0,1
2016-02-12 05:04:33.280000+00:00,56.111536,160.481071,-1.25,0.2,-100.0,1
2016-02-12 06:49:33.720000+00:00,56.191288,160.390283,6.21,0.41,-100.0,1
2016-02-12 07:12:47.840000+00:00,55.830098,160.38068,0.9,0.3,-100.0,1
2016-02-12 08:01:49.800000+00:00,55.717069,160.476286,0.92,0.06,-100.0,1
2016-02-12 08:07:47.340000+00:00,56.052734,160.690934,23.45,1.16,-0.112,1
2016-02-12 08:43:56.590000+00:00,55.8264,160.36945,0.58,0.41,-100.0,1
2016-02-12 09:02:27.900000+00:00,55.790898,160.33138,0.29,0.27,-100.0,1
2016-02-12 09:08:29.410000+00:00,55.832951,160.378483,3.38,0.1,-100.0,1
2016-02-12 10:13:48.080000+00:00,55.839229,160.484733,27.26,1.83,-100.0,1
2016-02-12 10:48:32.680000+00:00,56.121277,160.459391,0.48,0.83,-0.787,1
2016-02-12 11:03:17.050000+00:00,56.105273,160.535368,-0.59,0.79,-0.326,1
2016-02-12 11:55:59.190000+00:00,56.104598,160.208838,12.72,1.41,-0.67,1
2016-02-12 13:03:24.620000+00:00,55.573031,160.656592,19.66,0.9,-0.178,1
2016-02-12 14:03:07.580000+00:00,56.117537,160.460189,0.22,0.89,-0.731,1
2016-02-12 15:20:21.960000+00:00,56.106771,160.857878,26.58,0.96,-0.231,1
2016-02-12 16:03:08.910000+00:00,56.060132,160.620866,-1.59,0.53,-100.0,1
2016-02-12 16:06:59.280000+00:00,55.691825,160.422428,12.91,0.71,-0.25,1
2016-02-12 16:08:53.400000+00:00,55.70105,160.393978,16.03,0.52,-0.095,1
2016-02-12 16:18:32.400000+00:00,56.109481,160.858024,25.23,0.91,-0.167,1
2016-02-12 16:31:45.860000+00:00,56.166777,160.299333,5.83,0.52,-0.71,1
2016-02-12 16:39:14.550000+00:00,56.109623,160.866715,24.45,1.04,-0.314,1
2016-02-12 18:50:13.400000+00:00,56.128715,160.647933,22.46,0.88,-100.0,1
2016-02-12 19:11:33.020000+00:00,55.809656,160.260954,24.44,0.57,-0.329,1
2016-02-12 22:29:43.120000+00:00,55.849951,160.3882,16.66,0.45,-100.0,1
2016-02-12 23:00:34.660000+00:00,56.065308,160.631982,38.87,1.43,-0.869,1
2016-02-12 23:01:05.720000+00:00,56.058521,160.618099,35.71,1.5,-0.764,1
2016-02-12 23:06:33.400000+00:00,56.053776,160.608854,31.12,1.02,-100.0,1
2016-02-12 23:16:33.640000+00:00,56.040914,160.595719,23.09,0.75,-0.611,1
2016-02-12 23:30:37.340000+00:00,56.075183,160.535254,27.11,0.79,-0.689,1
2016-02-13 00:31:28.960000+00:00,56.050118,160.60306,29.55,1.18,-0.911,2
2016-02-13 00:48:22.150000+00:00,56.053446,160.606201,31.2,0.98,-0.957,2
2016-02-13 00:49:44.600000+00:00,56.133301,160.448242,2.15,0.08,-100.0,2
2016-02-13 01:00:18.830000+00:00,56.041984,160.615072,0.82,0.88,-100.0,2
2016-02-13 01:38:15.250000+00:00,55.666386,160.403499,13.12,0.58,-0.189,2
2016-02-13 01:48:18.800000+00:00,56.046643,160.598356,30.04,0.66,-100.0,2
2016-02-13 01:56:51.310000+00:00,56.057719,160.609847,33.81,1.12,-0.874,2
2016-02-13 02:34:52.710000+00:00,56.059216,160.606217,33.18,0.97,-0.709,2
2016-02-13 02:42:29.180000+00:00,56.048149,160.598893,29.2,0.75,-0.729,2
2016-02-13 03:11:24.470000+00:00,56.048381,160.603125,28.61,0.98,-0.792,2
2016-02-13 03:30:19.370000+00:00,55.818974,160.530176,13.34,1.28,-0.382,2
2016-02-13 03:52:03.460000+00:00,56.049007,160.601383,29.91,1.0,-0.852,2
2016-02-13 03:58:27.340000+00:00,56.121985,160.449772,3.35,0.47,-0.58,2
2016-02-13 04:35:56.740000+00:00,56.057552,160.609538,33.4,0.99,-0.829,2
2016-02-13 04:51:01.980000+00:00,55.841972,160.393831,0.57,0.67,-0.134,2
2016-02-13 04:51:58.380000+00:00,55.849471,160.376921,13.66,1.12,-0.2,2
2016-02-13 05:03:40.920000+00:00,56.058781,160.611491,34.02,0.84,-0.708,2
2016-02-13 05:10:44.340000+00:00,56.182145,160.407764,8.56,0.09,-0.592,2
2016-02-13 06:31:57.940000+00:00,56.222009,160.828939,22.82,1.69,-0.117,2
2016-02-13 07:09:09.080000+00:00,56.051241,160.607731,32.08,0.83,-0.699,2
2016-02-13 07:34:23.030000+00:00,56.118095,160.463639,-0.78,0.58,-0.86,2
2016-02-13 07:36:29.360000+00:00,56.147306,160.411589,1.08,0.34,-100.0,2
2016-02-13 07:38:43.990000+00:00,56.05426,160.608968,31.1,0.99,-100.0,2
2016-02-13 08:58:43.520000+00:00,56.051493,160.59585,33.43,0.6,-100.0,2
2016-02-13 09:10:37.560000+00:00,56.078874,160.378141,-1.75,0.7,-0.651,2
2016-02-13 09:13:36.530000+00:00,55.706222,160.429997,12.73,1.32,-0.192,2
2016-02-13 09:37:32.740000+00:00,56.042167,160.600928,26.53,0.64,-0.5,2
2016-02-13 09:47:03.020000+00:00,56.117391,160.470931,4.67,0.94,-0.8,2
2016-02-13 10:21:18.500000+00:00,56.052869,160.610758,32.01,1.16,-0.679,2
2016-02-13 11:15:29.230000+00:00,56.070386,160.590625,-1.36,0.56,-100.0,2
2016-02-13 11:25:54.440000+00:00,56.054875,160.607699,31.94,1.06,-0.771,2
2016-02-13 11:28:08.420000+00:00,55.697359,160.462581,-0.15,0.47,-0.061,2
2016-02-13 11:38:43.850000+00:00,55.838953,160.386003,-0.56,0.55,-0.65,2
2016-02-13 12:06:56.930000+00:00,56.136792,160.438997,5.65,0.72,-1.01,2
2016-02-13 12:10:21.010000+00:00,55.690686,160.444548,7.52,1.27,-0.262,2
2016-02-13 12:20:05.620000+00:00,56.154374,160.420443,7.12,0.05,-100.0,2
2016-02-13 13:28:32.330000+00:00,55.825004,160.334717,0.6,0.09,-0.435,2
2016-02-13 14:46:22.840000+00:00,56.053357,160.604899,31.08,0.82,-0.766,2
2016-02-13 14:48:51.110000+00:00,56.039571,160.605957,27.93,0.66,-100.0,2
2016-02-13 16:02:03.120000+00:00,55.825484,160.365039,1.02,0.08,-0.956,2
2016-02-13 16:04:12.020000+00:00,56.051208,160.607048,30.71,1.19,-0.719,2
2016-02-13 16:13:19.270000+00:00,56.04823,160.603483,30.63,0.91,-0.664,2
2016-02-13 16:55:45.140000+00:00,56.067314,160.627393,-0.21,0.8,-100.0,2
2016-02-13 17:41:52.760000+00:00,55.83208,160.392155,6.89,0.13,-0.865,2
2016-02-13 17:42:43.860000+00:00,55.707731,160.432861,12.62,0.55,-0.223,2
2016-02-13 19:23:26.760000+00:00,56.048995,160.628109,14.62,0.63,-100.0,2
2016-02-13 19:24:41.800000+00:00,55.68737,160.479199,0.5,0.06,-100.0,2
2016-02-13 19:50:04.740000+00:00,55.624548,160.375977,26.2,0.33,-100.0,2
2016-02-13 19:59:16.560000+00:00,56.167208,160.264486,48.25,0.97,-0.785,2
2016-02-13 20:29:45+00:00,56.045756,160.603385,28.15,0.84,-0.626,2
2016-02-13 21:06:35.640000+00:00,56.129753,160.449642,7.96,0.65,-100.0,2
2016-02-13 21:51:16.920000+00:00,55.919291,160.854427,14.73,1.13,-100.0,2
2016-02-13 22:10:03.100000+00:00,56.125496,160.44847,5.62,0.64,-1.082,2
2016-02-13 22:39:19.760000+00:00,56.119511,160.456136,0.24,0.56,-0.709,2
2016-02-13 23:24:52.280000+00:00,56.131881,160.898063,26.38,1.01,-0.267,2
2016-02-13 23:37:27.780000+00:00,55.856034,160.338395,17.66,0.35,-100.0,2
2016-02-13 23:52:04.480000+00:00,56.049626,160.607324,31.73,0.92,-0.695,2
2016-02-13 23:54:50.280000+00:00,56.064628,160.633773,-0.35,0.65,-100.0,2
2016-02-14 00:23:39.760000+00:00,56.146082,160.877637,25.91,1.04,-0.201,1
2016-02-14 00:30:29.620000+00:00,56.064726,160.624023,-0.96,0.48,-100.0,1
2016-02-14 02:06:07.100000+00:00,56.168201,160.724349,30.81,1.1,-0.975,1
2016-02-14 02:47:16.390000+00:00,56.135913,160.685986,23.44,0.94,-100.0,1
2016-02-14 04:20:47.340000+00:00,56.149906,160.41735,5.87,0.36,-100.0,1
2016-02-14 05:05:59.050000+00:00,55.705314,160.429688,12.0,0.7,-0.154,1
2016-02-14 06:11:49.090000+00:00,56.10592,160.458187,-2.21,0.25,-0.577,1
2016-02-14 06:15:06.980000+00:00,56.042806,160.605794,28.92,0.8,-0.632,1
2016-02-14 07:08:20.400000+00:00,56.118111,160.460775,-0.12,0.59,-0.766,1
2016-02-14 07:57:56.800000+00:00,55.813826,160.332145,22.98,0.37,-100.0,1
2016-02-14 08:20:06.520000+00:00,55.699463,160.34738,11.98,1.09,-0.357,1
2016-02-14 08:58:15.020000+00:00,55.826603,160.378434,0.23,0.18,-0.61,1
2016-02-14 09:29:35.230000+00:00,56.158081,160.471354,0.13,0.39,-100.0,1
2016-02-14 09:41:34.910000+00:00,55.835742,160.384538,12.19,0.31,-100.0,1
2016-02-14 09:42:34.270000+00:00,55.830566,160.385547,13.22,0.08,-100.0,1
2016-02-14 09:45:35.520000+00:00,55.838452,160.388704,14.66,0.13,-100.0,1
2016-02-14 09:46:05.820000+00:00,55.838513,160.38986,15.06,0.05,-100.0,1
2016-02-14 09:46:35.210000+00:00,55.833569,160.37321,15.5,0.28,-100.0,1
2016-02-14 09:50:30.570000+00:00,55.852169,160.400732,16.59,0.65,-100.0,1
2016-02-14 10:34:04.570000+00:00,56.036812,160.59904,24.65,1.01,-0.853,1
2016-02-14 10:36:00.140000+00:00,55.840198,160.325049,-0.33,0.51,-0.581,1
2016-02-14 10:51:34.080000+00:00,55.696517,160.425814,14.1,0.34,-0.165,1
2016-02-14 11:50:12.150000+00:00,56.138489,160.448454,11.43,0.43,-0.743,1
2016-02-14 11:56:48.150000+00:00,55.66731,160.458854,9.37,1.36,-0.157,1
2016-02-14 12:30:58.820000+00:00,55.833427,160.955062,17.71,1.72,-0.395,1
2016-02-14 12:49:53.110000+00:00,56.118184,160.457145,0.04,0.97,-0.745,1
2016-02-14 13:17:23.450000+00:00,56.04576,160.60153,29.7,0.97,-0.828,1
2016-02-14 13:50:24.450000+00:00,56.068327,160.618734,-0.98,0.84,-100.0,1
2016-02-14 14:41:47.240000+00:00,55.825594,160.409635,1.79,0.93,-0.627,1
2016-02-14 14:48:42.320000+00:00,56.068994,160.609359,-0.44,1.14,-100.0,1
2016-02-14 15:03:03.890000+00:00,56.044914,160.596387,26.96,0.74,-0.831,1
2016-02-14 15:46:27.090000+00:00,56.049679,160.603483,31.59,0.91,-0.9,1
2016-02-14 15:52:13.260000+00:00,56.064738,160.626221,-0.48,0.42,-100.0,1
2016-02-14 16:08:02.470000+00:00,56.047404,160.602832,30.25,0.6,-0.722,1
2016-02-14 16:28:39.380000+00:00,56.121033,160.456885,0.14,0.77,-0.711,1
2016-02-14 17:49:29.080000+00:00,56.046602,160.598405,29.09,0.7,-0.535,1
2016-02-14 17:57:06.380000+00:00,56.054179,160.604118,32.94,0.5,-0.671,1
2016-02-14 18:00:33.900000+00:00,55.767879,160.30459,-1.83,0.5,-0.511,1
2016-02-14 18:08:43.020000+00:00,56.045406,160.605973,30.55,1.36,-0.513,1
2016-02-14 18:14:47.140000+00:00,55.527055,160.161833,24.5,1.99,-1.18,1
2016-02-14 18:36:50.320000+00:00,56.043331,160.603825,29.63,0.57,-0.926,1
2016-02-14 18:48:53.420000+00:00,56.047176,160.60498,31.01,1.0,-0.837,1
2016-02-14 18:59:20.640000+00:00,56.049955,160.604199,30.08,0.78,-0.597,1
2016-02-14 19:09:01+00:00,56.210754,160.804769,-0.48,0.92,-100.0,1
2016-02-14 19:18:47.320000+00:00,56.052165,160.606885,31.72,0.92,-0.742,1
2016-02-14 19:49:04.080000+00:00,56.042362,160.602539,27.87,0.88,-0.708,1
2016-02-14 20:09:53.240000+00:00,56.046326,160.603646,30.15,0.99,-0.789,1
2016-02-14 20:28:38+00:00,56.13217,160.440755,2.2,0.13,-100.0,1
2016-02-14 20:32:41.380000+00:00,56.049585,160.604915,31.64,1.0,-0.718,1
2016-02-14 20:50:50.680000+00:00,56.052535,160.606445,31.35,0.94,-0.849,1
2016-02-14 20:54:22.220000+00:00,56.120597,160.732129,22.95,0.67,-100.0,1
2016-02-14 21:06:42.280000+00:00,56.043136,160.592497,25.98,0.68,-0.711,1
2016-02-14 22:15:12.620000+00:00,56.053247,160.618343,21.36,0.62,-0.616,1
2016-02-14 22:15:53.100000+00:00,56.039119,160.595671,17.48,0.38,-100.0,1
2016-02-14 22:47:50.540000+00:00,56.046277,160.605908,29.12,0.9,-0.735,1
2016-02-14 23:05:52.360000+00:00,56.049101,160.608366,29.46,0.68,-0.716,1
2016-02-15 00:33:55.290000+00:00,56.043587,160.603711,30.03,0.73,-0.645,1
2016-02-15 00:45:40.440000+00:00,56.049955,160.602393,29.95,0.62,-0.702,1
2016-02-15 00:46:18.620000+00:00,56.119226,160.465723,0.9,0.86,-0.887,1
2016-02-15 02:25:36.200000+00:00,56.046155,160.60612,31.14,0.89,-0.772,1
2016-02-15 02:27:37.390000+00:00,56.053861,160.604883,31.71,1.34,-0.873,1
2016-02-15 02:29:08.690000+00:00,56.052913,160.605778,30.5,1.04,-0.764,1
2016-02-15 02:38:03.590000+00:00,56.048413,160.602262,31.18,1.27,-0.654,1
2016-02-15 02:47:55.940000+00:00,56.046969,160.603695,31.46,0.81,-0.791,1
2016-02-15 03:10:30.840000+00:00,55.828137,160.384993,1.33,0.72,-0.628,1
2016-02-15 03:12:45.310000+00:00,55.826412,160.381608,2.08,0.19,-100.0,1
2016-02-15 03:30:10.810000+00:00,55.835254,160.386605,7.54,0.2,-0.698,1
2016-02-15 03:32:23.850000+00:00,56.11178,160.660563,4.64,0.87,-100.0,1
2016-02-15 03:49:35.210000+00:00,55.838143,160.390365,12.45,0.37,-0.401,1
2016-02-15 03:50:00.500000+00:00,55.839587,160.384619,12.79,0.16,-100.0,1
2016-02-15 03:53:37.680000+00:00,55.842122,160.390055,14.46,0.03,-0.312,1
2016-02-15 04:12:52.170000+00:00,56.160958,160.854476,25.31,0.99,-0.258,1
2016-02-15 04:23:46.130000+00:00,56.074919,160.62207,3.4,0.89,-100.0,1
2016-02-15 05:31:25.180000+00:00,56.045329,160.598877,27.91,0.6,-0.845,1
2016-02-15 05:36:51.280000+00:00,56.064172,160.620361,-0.7,0.72,-100.0,1
2016-02-15 06:01:43.330000+00:00,56.050753,160.599561,29.68,0.57,-0.862,1
2016-02-15 07:08:16.930000+00:00,56.057157,160.624219,34.87,0.73,-0.769,1
2016-02-15 09:17:38.460000+00:00,55.707996,160.431413,13.4,0.4,-0.344,1
2016-02-15 09:45:40.760000+00:00,55.764819,160.648063,14.98,0.98,-0.059,1
2016-02-15 10:01:04.440000+00:00,56.068311,160.623796,6.37,0.56,-100.0,1
2016-02-15 10:04:49.710000+00:00,55.740914,160.539958,10.63,0.62,-0.218,1
2016-02-15 10:13:43.940000+00:00,55.713477,160.460612,5.76,0.73,-0.288,1
2016-02-15 10:32:20.720000+00:00,55.779887,160.96696,21.97,0.92,-100.0,1
2016-02-15 10:58:56.170000+00:00,56.233468,160.865853,20.82,1.24,-0.255,1
2016-02-15 11:02:30.930000+00:00,55.72642,160.648877,12.68,0.57,-0.095,1
2016-02-15 11:55:57.790000+00:00,56.044356,160.604297,29.12,0.73,-0.884,1
2016-02-15 12:22:05.860000+00:00,55.755977,160.49139,6.57,0.17,-100.0,1
2016-02-15 12:57:55.160000+00:00,56.070239,160.599251,17.78,0.57,-100.0,1
2016-02-15 13:53:30.040000+00:00,56.140015,160.844661,24.38,1.38,-0.128,1
2016-02-15 13:55:16.190000+00:00,56.056327,160.593278,24.96,0.67,-100.0,1
2016-02-15 14:09:57.610000+00:00,55.831909,160.302295,6.29,0.55,-100.0,1
2016-02-15 14:12:40.440000+00:00,55.825098,160.379997,1.1,0.15,-100.0,1
2016-02-15 14:22:19.210000+00:00,55.824874,160.352686,1.24,0.16,-100.0,1
2016-02-15 14:42:55.240000+00:00,55.836108,160.385758,12.38,0.67,-0.436,1
2016-02-15 14:46:38.140000+00:00,55.837419,160.381999,14.79,0.23,-100.0,1
2016-02-15 15:24:21.420000+00:00,56.04777,160.60166,31.25,0.94,-0.892,1
2016-02-15 15:34:11.870000+00:00,56.063,160.63654,-1.49,0.52,-100.0,1
2016-02-15 15:36:41.790000+00:00,56.126367,160.448454,7.42,0.66,-0.848,1
2016-02-15 15:44:12.420000+00:00,56.04432,160.602588,28.45,1.29,-0.625,1
2016-02-15 15:54:14.310000+00:00,55.841024,160.397135,15.36,0.13,-100.0,1
2016-02-15 16:01:59.910000+00:00,56.051603,160.592969,24.3,0.76,-0.737,1
2016-02-15 16:05:43.700000+00:00,55.794979,160.338021,0.27,0.92,-0.497,1
2016-02-15 16:25:25.240000+00:00,56.007654,160.543115,23.75,0.57,-100.0,1
2016-02-15 16:35:02.950000+00:00,56.045138,160.597949,28.89,0.89,-0.893,1
2016-02-15 16:39:04.800000+00:00,56.136357,160.438184,5.34,0.48,-0.51,1
2016-02-15 16:45:01.550000+00:00,56.053239,160.608447,31.86,1.44,-0.843,1
2016-02-15 17:18:01.120000+00:00,56.059672,160.604899,35.09,0.7,-100.0,1
2016-02-15 18:07:49.320000+00:00,56.119531,160.457552,0.23,1.19,-0.682,1
2016-02-15 18:14:07.880000+00:00,56.049927,160.606087,32.32,0.68,-0.748,1
2016-02-15 18:38:08.920000+00:00,56.06558,160.614827,38.23,1.06,-0.827,1
2016-02-15 18:55:23.600000+00:00,56.155998,160.327799,6.78,0.3,-100.0,1
2016-02-15 19:05:38.700000+00:00,56.135742,160.450602,10.7,0.53,-100.0,1
2016-02-15 19:21:52.120000+00:00,56.117244,160.449479,-0.45,0.71,-0.782,1
2016-02-15 19:22:35.300000+00:00,56.053133,160.607308,31.53,1.16,-0.731,1
2016-02-15 19:41:51.840000+00:00,56.057792,160.612891,34.42,1.07,-0.768,1
2016-02-15 20:11:14.440000+00:00,56.049365,160.597852,29.41,0.7,-100.0,1
2016-02-15 20:17:36.600000+00:00,56.047066,160.596956,29.36,0.9,-0.689,1
2016-02-15 20:23:01.680000+00:00,56.126746,160.453369,7.16,0.42,-0.664,1
2016-02-15 20:38:57.300000+00:00,56.056604,160.605632,32.86,1.04,-0.713,1
2016-02-15 21:29:49+00:00,56.046126,160.602979,30.13,0.77,-100.0,1
2016-02-15 22:08:53.860000+00:00,56.116553,160.461247,0.19,0.56,-100.0,1
2016-02-15 22:09:37.720000+00:00,56.05356,160.606055,31.86,0.8,-100.0,1
2016-02-15 22:35:41.140000+00:00,56.141064,160.434229,5.8,0.22,-100.0,1
2016-02-15 22:40:39.200000+00:00,56.057808,160.614176,33.58,1.21,-0.735,1
2016-02-15 23:02:05.020000+00:00,56.111861,160.399951,-2.21,0.73,-0.63,1
2016-02-15 23:15:25.560000+00:00,56.041463,160.595915,26.2,0.7,-0.865,1
2016-02-15 23:23:29.980000+00:00,55.841915,160.380908,11.2,0.47,-100.0,1
2016-02-16 01:14:05.380000+00:00,55.711446,160.402946,16.14,0.42,-0.444,1
2016-02-16 01:14:17.390000+00:00,56.13809,160.450911,11.77,0.27,-0.535,1
2016-02-16 01:22:09.530000+00:00,56.046387,160.601742,29.41,0.73,-0.672,1
2016-02-16 02:00:56.190000+00:00,56.169869,160.871712,24.84,0.97,-0.409,1
2016-02-16 02:46:00.840000+00:00,56.114762,160.60778,14.51,0.64,-0.517,1
2016-02-16 04:14:21.520000+00:00,56.092285,160.464795,18.92,0.44,-0.739,1
2016-02-16 04:16:58.620000+00:00,56.164469,160.593441,2.57,0.21,-100.0,1
2016-02-16 04:27:52.270000+00:00,55.823303,160.367757,0.42,0.48,-0.897,1
2016-02-16 04:53:17.060000+00:00,55.703947,160.476188,0.21,0.72,-0.084,1
2016-02-16 04:53:56.510000+00:00,56.23809,160.135059,19.54,0.89,-0.432,1
2016-02-16 05:02:08.570000+00:00,56.120154,160.456755,0.24,0.31,-0.593,1
2016-02-16 05:37:30.860000+00:00,56.112862,160.454134,0.14,0.64,-0.625,1
2016-02-16 05:58:41.370000+00:00,56.131238,160.443311,5.75,0.42,-100.0,1
2016-02-16 06:36:44.620000+00:00,55.569906,160.656185,21.98,2.03,-0.433,1
2016-02-16 06:58:49.870000+00:00,56.12231,160.446012,-0.36,0.38,-0.467,1
2016-02-16 07:02:19.900000+00:00,56.116378,160.435986,1.47,0.14,-100.0,1
2016-02-16 10:27:05.140000+00:00,55.826717,160.37723,3.19,0.18,-0.687,1
2016-02-16 10:33:23.710000+00:00,56.049524,160.605632,30.01,1.4,-0.798,1
2016-02-16 10:40:47.160000+00:00,55.833459,160.371159,6.91,0.49,-0.676,1
2016-02-16 10:48:11.980000+00:00,55.84165,160.403711,10.32,0.58,-0.491,1
2016-02-16 10:56:23.490000+00:00,55.837716,160.381201,10.03,0.09,-100.0,1
2016-02-16 11:14:17.730000+00:00,55.844808,160.387223,0.8,0.06,-100.0,1
2016-02-16 11:15:23.550000+00:00,55.849634,160.399186,-1.21,0.2,-100.0,1
2016-02-16 11:36:34.930000+00:00,55.811194,160.502116,0.96,0.52,-0.307,1
2016-02-16 11:54:07.560000+00:00,56.145911,160.42596,10.89,0.79,-0.836,1
2016-02-16 14:35:22.490000+00:00,56.167025,160.903988,25.33,1.06,-100.0,1
2016-02-16 14:43:23.710000+00:00,56.056453,160.60874,32.3,1.32,-0.689,1
2016-02-16 15:05:42.090000+00:00,55.711466,160.381982,13.68,0.55,-100.0,1
2016-02-16 16:37:43.150000+00:00,56.118193,160.457536,-0.03,1.18,-0.597,1
2016-02-16 18:33:46.200000+00:00,55.71394,160.444531,7.78,0.78,-0.3,1
2016-02-16 20:48:39.360000+00:00,56.051461,160.593311,31.77,0.88,-0.63,1
2016-02-16 21:41:11.720000+00:00,55.688721,160.448975,12.89,1.48,-0.306,1
2016-02-16 22:12:32.820000+00:00,55.841903,160.426953,13.38,2.01,-0.455,1
2016-02-16 22:35:16.520000+00:00,55.777429,160.456901,16.31,0.18,-100.0,1
2016-02-17 01:25:41.260000+00:00,56.135925,160.644971,2.25,0.41,-0.292,1
2016-02-17 01:45:31.770000+00:00,56.047473,160.597119,30.68,0.94,-0.34,1
2016-02-17 02:54:15.470000+00:00,55.821928,160.360938,0.73,0.44,-100.0,1
2016-02-17 05:51:21.800000+00:00,56.04198,160.598307,27.48,1.11,-0.449,1
2016-02-17 06:42:01.080000+00:00,56.137472,160.435742,5.04,0.75,-0.803,1
2016-02-17 07:38:30.380000+00:00,56.070573,160.61932,36.73,1.68,-0.699,1
2016-02-17 07:40:38.180000+00:00,56.059176,160.608887,33.71,1.2,-0.944,1
2016-02-17 07:44:01.410000+00:00,56.055151,160.60625,32.11,1.07,-0.939,1
2016-02-17 07:51:28.650000+00:00,55.79515,160.568376,16.85,0.66,-100.0,1
2016-02-17 07:58:26.630000+00:00,56.118197,160.458496,-0.1,1.29,-0.686,1
2016-02-17 08:02:07.570000+00:00,55.732914,160.438558,11.81,1.15,-0.194,1
2016-02-17 08:17:01.430000+00:00,56.051099,160.601953,29.46,1.59,-0.904,1
2016-02-17 08:34:32.420000+00:00,56.053052,160.607438,32.11,1.02,-0.74,1
2016-02-17 08:48:25.250000+00:00,56.118709,160.457552,0.02,1.01,-0.531,1
2016-02-17 09:21:06.630000+00:00,56.063204,160.616292,7.64,0.97,-0.74,1
2016-02-17 09:51:05.190000+00:00,56.123083,160.350081,18.56,1.02,-0.933,1
2016-02-17 09:52:01.980000+00:00,56.056193,160.606266,32.3,1.27,-0.344,1
2016-02-17 09:56:16.300000+00:00,55.830599,160.376156,1.79,0.16,-0.443,1
2016-02-17 10:15:23.990000+00:00,55.832857,160.386361,7.34,0.31,-0.306,1
2016-02-17 10:17:34.590000+00:00,55.842468,160.398568,8.27,0.26,-0.746,1
2016-02-17 10:40:38.470000+00:00,55.835624,160.377148,11.3,0.27,-100.0,1
2016-02-17 10:43:41.840000+00:00,55.837496,160.38807,9.98,0.61,-0.629,1
2016-02-17 10:54:47.550000+00:00,56.049495,160.603385,29.74,1.51,-0.873,1
2016-02-17 10:56:14.810000+00:00,56.078756,160.581608,16.4,1.16,-0.246,1
2016-02-17 10:59:58.230000+00:00,56.109945,160.694206,19.56,1.15,-0.164,1
2016-02-17 11:07:19.090000+00:00,56.118294,160.46377,-0.45,1.14,-0.942,1
2016-02-17 11:21:22.400000+00:00,56.058016,160.622689,38.75,1.41,-0.715,1
2016-02-17 11:33:01.160000+00:00,55.712671,160.415918,14.52,0.68,-0.128,1
2016-02-17 12:08:10.820000+00:00,55.880363,160.368343,-0.38,0.5,-100.0,1
2016-02-17 12:50:30.760000+00:00,56.052478,160.600798,30.85,1.04,-0.573,1
2016-02-17 12:51:39.490000+00:00,56.051046,160.604427,30.24,1.56,-0.595,1
2016-02-17 13:21:55.960000+00:00,56.04978,160.601676,30.61,1.47,-0.741,1
2016-02-17 13:32:57.240000+00:00,56.043148,160.602865,28.14,1.35,-0.491,1
2016-02-17 14:05:09.050000+00:00,56.053166,160.605257,32.3,1.72,-0.558,1
2016-02-17 14:43:17.820000+00:00,56.049723,160.599023,30.28,1.55,-0.854,1
2016-02-17 15:06:41.470000+00:00,56.118453,160.457812,0.04,1.23,-0.578,1
2016-02-17 15:29:44.180000+00:00,56.052686,160.605062,30.74,1.7,-0.779,1
2016-02-17 15:42:28.100000+00:00,56.05188,160.603581,31.06,1.32,-0.572,1
2016-02-17 15:43:22.450000+00:00,56.117192,160.455924,0.04,0.86,-0.656,1
2016-02-17 15:46:48.700000+00:00,56.126306,160.449316,4.2,1.14,-0.575,1
2016-02-17 16:07:08.270000+00:00,56.052409,160.604004,31.1,1.55,-0.632,1
2016-02-17 16:37:13.290000+00:00,56.052124,160.601986,30.94,1.54,-0.564,1
2016-02-17 17:02:41.120000+00:00,56.050049,160.60293,30.13,1.52,-0.749,1
2016-02-17 17:38:06.380000+00:00,56.05009,160.601107,29.7,1.64,-0.8,1
2016-02-17 17:40:32.460000+00:00,56.11851,160.457389,-0.07,1.08,-0.521,1
2016-02-17 18:06:23.480000+00:00,56.046501,160.603174,30.02,1.39,-0.39,1
2016-02-17 18:10:26.560000+00:00,56.049312,160.603255,29.56,1.55,-0.685,1
2016-02-17 18:12:13.600000+00:00,56.048002,160.601042,28.39,1.15,-0.656,1
2016-02-17 18:58:57.500000+00:00,56.050126,160.601742,30.19,1.55,-0.689,1
2016-02-17 19:12:45.800000+00:00,56.051908,160.602295,30.39,1.43,-0.801,1
2016-02-17 20:02:10.900000+00:00,56.095764,160.694173,6.59,0.49,-0.255,1
2016-02-17 20:27:11.980000+00:00,56.048303,160.600667,29.66,1.57,-0.677,1
2016-02-17 20:36:03.560000+00:00,56.053365,160.60415,30.2,1.01,-0.65,1
2016-02-17 20:48:04.480000+00:00,56.063871,160.612077,38.0,0.98,-0.658,1
2016-02-17 20:52:18.220000+00:00,56.118176,160.457601,-0.04,1.24,-0.342,1
2016-02-17 21:14:45.600000+00:00,56.053007,160.604606,31.2,1.42,-0.779,1
2016-02-17 21:19:55.060000+00:00,56.050854,160.603955,30.17,0.91,-0.697,1
2016-02-17 21:37:58.960000+00:00,56.051457,160.602018,30.15,1.37,-0.779,1
2016-02-17 22:12:12.920000+00:00,56.053198,160.602751,31.2,1.24,-0.754,1
2016-02-17 22:20:27.280000+00:00,56.058321,160.606982,33.12,0.89,-0.652,1
2016-02-17 22:20:50.480000+00:00,56.118709,160.457812,-0.02,1.23,-0.536,1
2016-02-17 22:30:37.720000+00:00,56.06099,160.607568,36.03,0.94,-0.769,1
2016-02-17 22:39:47.960000+00:00,56.047087,160.605566,30.28,1.3,-0.382,1
2016-02-17 22:52:40.600000+00:00,56.120345,160.45625,0.27,1.02,-0.52,1
2016-02-17 22:55:52.280000+00:00,55.877681,160.529346,16.88,0.84,-0.272,1
2016-02-17 23:06:27.440000+00:00,56.051188,160.602816,30.46,1.56,-0.842,1
2016-02-17 23:08:49.480000+00:00,56.052498,160.604785,30.71,1.05,-0.648,1
2016-02-17 23:31:48.180000+00:00,56.055042,160.614714,35.92,1.11,-0.579,1
2016-02-17 23:44:12.620000+00:00,56.062675,160.617822,37.24,1.09,-0.711,1
2016-02-17 23:55:47.160000+00:00,56.118245,160.457292,-0.03,1.09,-0.551,1
2016-02-18 00:00:35.880000+00:00,56.057812,160.610579,34.47,1.24,-0.546,1
2016-02-18 00:11:19.350000+00:00,56.056295,160.600326,30.65,0.91,-0.322,1
2016-02-18 00:22:32.020000+00:00,56.041101,160.596403,26.06,0.67,-0.521,1
2016-02-18 00:39:01.840000+00:00,56.063708,160.581543,33.11,1.12,-0.551,1
2016-02-18 00:51:49.340000+00:00,56.060413,160.609749,33.57,0.76,-0.465,1
2016-02-18 00:53:56.820000+00:00,56.272172,160.287354,5.54,0.18,-100.0,1
2016-02-18 01:10:19.700000+00:00,56.055688,160.606934,32.59,1.25,-0.64,1
2016-02-18 01:25:47.600000+00:00,56.05321,160.608773,31.18,1.18,-0.589,1
2016-02-18 01:38:47.660000+00:00,56.059855,160.611963,35.37,0.73,-0.204,1
2016-02-18 01:46:46.400000+00:00,56.057515,160.608089,33.19,0.83,-0.463,1
2016-02-18 01:55:32.710000+00:00,56.056405,160.605534,32.51,1.05,-0.58,1
2016-02-18 02:07:36.430000+00:00,56.055261,160.606689,32.16,1.09,-0.649,1
2016-02-18 02:31:58.910000+00:00,56.059937,160.613818,34.32,0.5,-100.0,1
2016-02-18 02:40:52.950000+00:00,56.058366,160.608887,33.76,0.54,-100.0,1
2016-02-18 02:53:04.700000+00:00,56.057609,160.609017,34.62,1.54,-0.67,1
2016-02-18 03:06:45.310000+00:00,56.058687,160.603841,32.81,0.48,-0.511,1
2016-02-18 03:21:18.810000+00:00,56.054521,160.605046,32.02,1.4,-0.683,1
2016-02-18 03:37:28.410000+00:00,56.048991,160.60376,28.39,0.74,-0.589,1
2016-02-18 03:38:03.640000+00:00,56.118542,160.457064,-0.02,1.22,-0.506,1
2016-02-18 03:45:16.040000+00:00,56.04268,160.604736,27.77,1.38,-0.398,1
2016-02-18 03:47:06.110000+00:00,56.121997,160.59126,31.3,0.63,-100.0,1
2016-02-18 04:09:20.940000+00:00,56.055237,160.608105,31.86,1.43,-0.593,1
2016-02-18 04:21:30.080000+00:00,56.052983,160.601839,31.44,0.92,-0.594,1
2016-02-18 04:38:40.850000+00:00,56.05295,160.605941,30.28,0.98,-0.563,1
2016-02-18 05:00:54.820000+00:00,56.051127,160.602783,30.24,1.51,-0.736,1
2016-02-18 05:10:52.740000+00:00,56.053813,160.61792,33.85,0.83,-0.523,1
2016-02-18 05:12:48.820000+00:00,55.713517,160.445426,9.15,0.49,-100.0,1
2016-02-18 05:27:35.730000+00:00,56.263619,160.988444,24.16,1.55,-0.151,1
2016-02-18 05:35:16.260000+00:00,56.118575,160.457308,0.04,1.09,-0.511,1
2016-02-18 05:39:16.700000+00:00,56.052397,160.606348,31.07,1.28,-0.638,1
2016-02-18 05:45:38.300000+00:00,56.14825,160.458854,6.99,0.86,-100.0,1
2016-02-18 05:47:34.890000+00:00,56.055249,160.60459,30.27,0.86,-100.0,1
2016-02-18 05:56:58.400000+00:00,56.051428,160.603223,29.91,0.84,-0.548,1
2016-02-18 06:25:28.400000+00:00,56.15686,160.540788,6.43,1.23,-0.595,1
2016-02-18 06:26:05.330000+00:00,55.692224,160.434408,13.07,0.96,-0.16,1
2016-02-18 06:36:27.170000+00:00,56.055151,160.606885,32.41,0.85,-0.593,1
2016-02-18 06:55:45.210000+00:00,55.70634,160.409538,9.66,0.04,-100.0,1
2016-02-18 07:02:51.110000+00:00,56.122563,160.45612,1.05,0.71,-100.0,1
2016-02-18 07:11:35.110000+00:00,56.126375,160.462028,12.22,0.46,-0.547,1
2016-02-18 07:11:48.910000+00:00,56.118237,160.457829,-0.06,1.04,-0.445,1
2016-02-18 07:26:26.750000+00:00,55.713896,160.440902,7.96,0.53,-0.361,1
2016-02-18 07:55:06.470000+00:00,56.053979,160.603711,31.54,1.41,-0.664,1
2016-02-18 08:12:41.400000+00:00,55.831925,160.391504,4.74,0.03,-0.697,1
2016-02-18 08:13:18.790000+00:00,56.120451,160.462581,0.18,0.65,-0.259,1
2016-02-18 08:37:17.250000+00:00,56.046187,160.602523,28.88,1.14,-0.542,1
2016-02-18 09:09:33.550000+00:00,56.055046,160.604574,32.3,1.38,-0.73,1
2016-02-18 09:19:57.740000+00:00,56.063009,160.61333,36.06,0.69,-0.572,1
2016-02-18 09:33:01.430000+00:00,56.120915,160.45874,0.68,0.74,-0.448,1
2016-02-18 09:36:46.570000+00:00,56.122974,160.451107,0.56,0.99,-0.485,1
2016-02-18 09:45:40.740000+00:00,56.073735,160.641683,5.73,0.73,-100.0,1
2016-02-18 09:56:55.070000+00:00,55.579004,160.329915,13.55,1.7,-0.763,1
2016-02-18 09:56:58.400000+00:00,56.044576,160.600846,30.65,1.49,-0.763,1
2016-02-18 10:05:39.660000+00:00,56.130701,160.446289,7.37,0.6,-0.739,1
2016-02-18 10:08:19.780000+00:00,56.047489,160.596289,30.41,1.01,-0.776,1
2016-02-18 10:22:11.440000+00:00,56.052429,160.605566,30.65,1.27,-0.674,1
2016-02-18 10:27:51.740000+00:00,56.118449,160.45752,-0.0,0.97,-0.469,1
2016-02-18 10:53:32.210000+00:00,56.196826,160.393522,7.31,0.22,-100.0,1
2016-02-18 11:02:49.460000+00:00,56.120032,160.458919,0.87,0.96,-0.432,1
2016-02-18 11:21:10.110000+00:00,55.827323,160.374235,0.76,0.84,-0.996,1
2016-02-18 11:27:04.340000+00:00,55.82325,160.379671,1.41,0.24,-0.672,1
2016-02-18 11:27:37.580000+00:00,56.1262,160.459684,4.54,0.76,-0.773,1
2016-02-18 11:52:33.840000+00:00,56.196204,160.403255,9.94,0.6,-100.0,1
2016-02-18 12:00:43.590000+00:00,55.829163,160.384473,0.62,0.45,-0.951,1
2016-02-18 12:01:51.340000+00:00,55.819722,160.383366,1.2,0.53,-0.875,1
2016-02-18 12:05:18.470000+00:00,55.828328,160.379606,1.2,0.55,-0.987,1
2016-02-18 12:05:57.980000+00:00,55.832133,160.377474,0.69,0.54,-0.79,1
2016-02-18 12:07:00.030000+00:00,56.124927,160.450277,2.94,0.97,-0.509,1
2016-02-18 12:12:56.320000+00:00,56.052563,160.605257,30.92,1.4,-0.707,1
2016-02-18 12:14:54.200000+00:00,55.829968,160.381266,2.97,0.38,-0.78,1
2016-02-18 12:23:45.630000+00:00,56.125541,160.448177,4.32,0.98,-0.46,1
2016-02-18 12:24:07.180000+00:00,55.829765,160.381315,6.49,0.61,-0.555,1
2016-02-18 12:25:06.950000+00:00,55.833537,160.382617,5.57,0.51,-0.96,1
2016-02-18 12:28:58.610000+00:00,55.842883,160.397298,8.96,0.29,-0.569,1
2016-02-18 12:37:19.400000+00:00,55.833,160.378434,8.69,0.65,-0.929,1
2016-02-18 12:39:46.220000+00:00,55.837756,160.379508,9.13,0.44,-0.663,1
2016-02-18 12:43:15.110000+00:00,55.835465,160.412207,11.45,0.46,-0.824,1
2016-02-18 12:48:11.100000+00:00,55.836597,160.377474,11.15,0.42,-0.475,1
2016-02-18 12:49:56.180000+00:00,55.837321,160.377767,10.7,0.48,-100.0,1
2016-02-18 12:52:57.010000+00:00,56.118331,160.457633,-0.05,1.0,-0.531,1
2016-02-18 12:53:16.090000+00:00,56.12983,160.449561,5.23,1.21,-0.495,1
2016-02-18 12:53:35.370000+00:00,55.844226,160.395361,13.46,0.4,-100.0,1
2016-02-18 12:54:31.270000+00:00,55.836186,160.376546,11.74,0.17,-100.0,1
2016-02-18 12:56:06.630000+00:00,55.840763,160.387077,13.13,0.69,-100.0,1
2016-02-18 12:59:10.260000+00:00,55.840458,160.385872,0.36,0.75,-100.0,1
2016-02-18 13:06:05.210000+00:00,55.838615,160.384098,14.77,0.26,-0.615,1
2016-02-18 13:07:49.690000+00:00,56.045422,160.60363,28.25,1.31,-0.536,1
2016-02-18 13:18:45.190000+00:00,56.117834,160.457617,0.04,0.83,-0.37,1
2016-02-18 13:37:20.740000+00:00,56.11873,160.458154,0.56,0.93,-0.395,1
2016-02-18 13:51:36.750000+00:00,55.942558,160.612744,10.42,0.38,-100.0,1
2016-02-18 14:12:42.540000+00:00,55.830273,160.384912,-0.78,0.21,-0.527,1
2016-02-18 14:16:25.300000+00:00,55.826982,160.380827,0.83,0.46,-0.743,1
2016-02-18 14:21:36.290000+00:00,56.065479,160.616309,-1.57,0.24,-100.0,1
2016-02-18 14:23:46.050000+00:00,56.118319,160.457324,0.05,0.96,-0.488,1
2016-02-18 14:37:21.380000+00:00,56.130509,160.446696,7.04,1.03,-0.524,1
2016-02-18 14:42:08.840000+00:00,55.833228,160.36958,0.81,0.09,-100.0,1
2016-02-18 14:46:28.930000+00:00,56.127364,160.448258,5.0,0.97,-0.52,1
2016-02-18 14:55:12.190000+00:00,55.532072,160.295052,14.45,1.13,-0.166,1
2016-02-18 15:22:57.860000+00:00,55.829924,160.388802,1.06,0.4,-100.0,1
2016-02-18 15:23:37.280000+00:00,56.129565,160.450879,5.36,0.98,-0.507,1
2016-02-18 15:27:06.700000+00:00,55.827608,160.380111,1.38,0.43,-0.98,1
2016-02-18 15:28:16.750000+00:00,55.829179,160.380843,2.0,0.23,-100.0,1
2016-02-18 15:30:10.150000+00:00,55.829167,160.376204,1.38,0.19,-100.0,1
2016-02-18 15:32:00.710000+00:00,55.827934,160.379036,3.25,0.5,-0.741,1
2016-02-18 15:33:37.480000+00:00,55.82773,160.384261,3.65,0.71,-0.877,1
2016-02-18 15:39:11.550000+00:00,55.829757,160.376335,4.71,0.43,-100.0,1
2016-02-18 15:55:13.330000+00:00,55.84021,160.389128,8.4,0.54,-100.0,1
2016-02-18 16:11:02.160000+00:00,56.118445,160.457666,-0.05,0.95,-0.509,1
2016-02-18 16:23:24.620000+00:00,55.841101,160.401221,14.34,0.27,-100.0,1
2016-02-18 16:25:42.420000+00:00,55.840474,160.394027,15.17,0.74,-0.743,1
2016-02-18 16:31:51.670000+00:00,56.125598,160.455241,8.62,0.6,-0.578,1
2016-02-18 16:58:27.730000+00:00,56.145605,160.486198,3.91,0.36,-100.0,1
2016-02-18 17:04:02.900000+00:00,56.044845,160.604639,29.35,1.54,-0.598,1
2016-02-18 17:04:50.700000+00:00,56.118368,160.458252,-0.1,0.91,-0.62,1
2016-02-18 17:53:59.520000+00:00,56.118884,160.456999,0.07,0.93,-0.585,1
2016-02-18 18:16:19.360000+00:00,56.149101,160.841113,24.9,1.32,-0.172,1
2016-02-18 18:28:08.960000+00:00,56.134412,160.442367,7.97,0.8,-0.551,1
2016-02-18 18:50:44.740000+00:00,56.054114,160.608447,31.6,1.48,-0.67,1
2016-02-18 18:58:40.840000+00:00,56.153276,160.503369,8.97,0.51,-0.438,1
2016-02-18 19:27:49.800000+00:00,56.061902,160.612288,35.37,1.31,-0.615,1
2016-02-18 19:28:55.900000+00:00,56.122262,160.454069,2.62,0.82,-100.0,1
2016-02-18 19:34:03.720000+00:00,55.941195,160.612874,10.9,0.68,-0.282,1
2016-02-18 20:32:44.320000+00:00,56.146615,160.490951,7.97,0.94,-0.458,1
2016-02-18 20:34:06.900000+00:00,56.154285,160.503906,9.33,0.84,-0.533,1
2016-02-18 20:50:46.440000+00:00,56.117196,160.45765,0.26,0.85,-0.534,1
2016-02-18 21:07:20.580000+00:00,56.118575,160.457406,-0.04,0.87,-0.483,1
2016-02-18 21:23:42.280000+00:00,56.045813,160.604297,29.07,1.35,-0.645,1
2016-02-18 21:28:34+00:00,56.050651,160.605192,31.49,1.12,-0.734,1
2016-02-18 21:34:29.440000+00:00,56.123604,160.449512,1.39,0.83,-100.0,1
2016-02-18 22:09:25.140000+00:00,56.117916,160.45752,-0.02,0.96,-0.549,1
2016-02-18 22:25:34.480000+00:00,56.127563,160.447461,1.23,0.17,-100.0,1
2016-02-18 23:35:15.080000+00:00,56.155945,160.350423,17.5,0.44,-100.0,1
2016-02-18 23:57:05.340000+00:00,56.117631,160.45721,-0.03,1.05,-0.474,1
2016-02-19 00:28:25.310000+00:00,56.121997,160.456982,0.88,1.06,-100.0,1
2016-02-19 00:37:22.240000+00:00,56.127482,160.447933,5.06,0.99,-0.51,1
2016-02-19 00:53:40.360000+00:00,56.128052,160.447803,5.66,0.81,-0.498,1
2016-02-19 01:29:56.980000+00:00,55.941016,160.613053,11.1,0.79,-0.258,1
2016-02-19 01:54:58.350000+00:00,55.715287,160.438021,9.96,0.75,-0.264,1
2016-02-19 02:12:58.260000+00:00,56.044539,160.602702,29.55,1.42,-0.693,1
2016-02-19 02:33:01.450000+00:00,56.14565,160.490234,7.8,1.0,-0.459,1
2016-02-19 02:40:47.100000+00:00,55.713843,160.442513,10.46,1.76,-0.312,1
2016-02-19 03:12:52.460000+00:00,56.130603,160.448617,2.55,0.62,-0.589,1
2016-02-19 03:18:32.610000+00:00,55.815837,160.232894,23.34,0.71,-0.545,1
2016-02-19 03:21:48.800000+00:00,55.685111,160.418962,14.48,1.75,-0.231,1
2016-02-19 03:39:14.120000+00:00,56.117786,160.459847,0.33,1.0,-0.434,1
2016-02-19 03:51:36.520000+00:00,55.940417,160.61307,11.19,0.78,-0.197,1
2016-02-19 04:01:51.560000+00:00,55.686247,160.15293,3.19,1.14,-0.373,1
2016-02-19 04:15:45.270000+00:00,56.138086,160.482113,2.13,0.92,-0.627,1
2016-02-19 05:15:34+00:00,56.121598,160.45376,0.44,1.0,-0.497,1
2016-02-19 05:21:46.090000+00:00,56.11759,160.458268,0.32,1.07,-0.631,1
2016-02-19 05:30:02.320000+00:00,55.691056,160.428434,8.85,0.78,-0.361,1
2016-02-19 06:23:48.290000+00:00,56.130509,160.449805,6.16,1.14,-0.507,1
2016-02-19 06:35:22.460000+00:00,56.136845,160.993766,-1.69,1.5,-0.201,1
2016-02-19 08:22:11.300000+00:00,56.115031,160.46971,-1.78,1.39,-100.0,1
2016-02-19 09:10:36.370000+00:00,56.037939,160.598503,26.08,1.3,-0.685,1
2016-02-19 11:28:23.470000+00:00,56.154419,160.872868,23.34,0.82,-100.0,1
2016-02-19 11:41:15.630000+00:00,55.992957,160.610889,21.62,1.29,-0.551,1
2016-02-19 12:22:39.450000+00:00,56.159733,160.860384,23.4,0.44,-100.0,1
2016-02-19 12:38:58.390000+00:00,55.956413,160.895671,12.46,1.92,-0.203,1
2016-02-19 12:58:37.230000+00:00,55.696529,160.475895,1.23,1.18,-0.329,1
2016-02-19 13:41:10.270000+00:00,56.128223,160.447526,5.52,1.11,-0.502,1
2016-02-19 13:55:43.430000+00:00,56.117269,160.459229,-0.19,0.97,-0.462,1
2016-02-19 14:29:04.230000+00:00,56.045211,160.601579,31.32,1.32,-0.653,1
2016-02-19 14:31:21.550000+00:00,56.11816,160.447917,4.28,1.01,-0.463,1
2016-02-19 15:26:47.300000+00:00,55.942212,160.612695,11.03,0.65,-0.366,1
2016-02-19 16:19:07.430000+00:00,56.12203,160.460563,0.79,1.17,-0.505,1
2016-02-19 17:16:29.700000+00:00,56.117171,160.459294,0.21,1.42,-0.454,1
2016-02-19 17:34:44.260000+00:00,56.117948,160.456999,-0.08,1.24,-0.631,1
2016-02-19 19:43:31.560000+00:00,56.060262,160.596924,30.5,0.93,-100.0,1
2016-02-19 20:07:18.720000+00:00,56.146248,160.490658,7.93,1.07,-0.453,1
2016-02-19 20:27:00.200000+00:00,56.047929,160.602279,30.24,1.23,-100.0,1
2016-02-19 20:38:58.960000+00:00,56.11888,160.456999,0.09,1.02,-0.381,1
2016-02-19 21:35:19.400000+00:00,56.155945,160.41486,6.38,0.62,-100.0,1
2016-02-19 21:37:39.540000+00:00,56.127983,160.448031,5.43,1.03,-0.564,1
2016-02-19 22:24:02.960000+00:00,55.923604,160.698747,9.93,0.87,-100.0,1
2016-02-19 22:51:13.900000+00:00,55.702091,160.432731,11.45,0.65,-0.231,1
2016-02-19 22:56:37.200000+00:00,56.118506,160.457764,-0.03,1.02,-0.538,1
2016-02-19 23:19:46.420000+00:00,55.746838,160.630648,13.8,1.02,-0.602,1
2016-02-19 23:41:24.040000+00:00,56.048702,160.593962,31.15,0.82,-100.0,1
2016-02-20 00:02:33.080000+00:00,55.992936,160.625944,16.39,0.44,-100.0,1
2016-02-20 00:29:01.100000+00:00,56.125924,160.448161,5.52,1.16,-0.538,1
2016-02-20 00:30:39.280000+00:00,55.845699,160.381624,11.69,1.45,-0.231,1
2016-02-20 00:39:25.940000+00:00,55.843665,160.406624,15.17,0.55,0.07,1
2016-02-20 00:51:32.320000+00:00,56.054919,160.606087,31.59,0.71,-100.0,1
2016-02-20 01:02:25.010000+00:00,56.048551,160.603792,31.27,0.65,-100.0,1
2016-02-20 01:19:43.540000+00:00,55.850448,160.400326,13.13,0.44,-0.192,1
2016-02-20 01:27:42.950000+00:00,55.842505,160.483333,9.44,0.99,-0.621,1
2016-02-20 02:14:51.380000+00:00,56.118416,160.457422,-0.03,1.14,-0.51,1
2016-02-20 03:20:04.210000+00:00,56.129146,160.445687,6.63,1.36,-0.547,1
2016-02-20 04:12:26.260000+00:00,56.149634,160.494857,9.0,1.09,-0.523,1
2016-02-20 04:14:34.100000+00:00,55.537366,160.311686,17.68,1.4,-0.48,1
2016-02-20 04:46:59.670000+00:00,55.834139,160.380518,-0.25,0.8,-100.0,1
2016-02-20 05:00:03.800000+00:00,55.830216,160.387663,0.79,0.49,-100.0,1
2016-02-20 05:03:52.360000+00:00,55.827783,160.383154,1.18,0.77,-0.91,1
2016-02-20 05:05:34.040000+00:00,56.181995,160.499707,8.79,0.47,-0.409,1
2016-02-20 05:09:50.390000+00:00,55.82771,160.377441,2.57,0.51,-100.0,1
2016-02-20 05:13:34.670000+00:00,55.82817,160.374365,2.52,0.28,-0.591,1
2016-02-20 05:17:00.790000+00:00,56.047363,160.608008,27.45,1.14,-0.769,1
2016-02-20 05:22:00.930000+00:00,55.831038,160.390544,11.1,0.32,-100.0,1
2016-02-20 05:37:30.540000+00:00,55.836938,160.384766,-0.11,0.92,-0.545,1
2016-02-20 05:46:52.040000+00:00,56.146928,160.852572,28.59,1.02,-0.292,1
2016-02-20 05:57:06.390000+00:00,55.834379,160.397087,13.21,0.27,-100.0,1
2016-02-20 05:58:22.610000+00:00,55.829545,160.436719,1.01,0.62,-0.5,1
2016-02-20 06:03:08.810000+00:00,55.84248,160.396761,14.84,0.32,-100.0,1
2016-02-20 06:12:17.890000+00:00,55.834973,160.381722,14.68,0.41,-0.836,1
2016-02-20 07:18:34.690000+00:00,56.125916,160.452507,4.68,1.42,-0.555,1
2016-02-20 07:56:49.680000+00:00,56.118372,160.459684,0.46,1.54,-0.487,1
2016-02-20 09:15:05.380000+00:00,55.833809,160.390609,0.19,0.73,-0.68,1
2016-02-20 09:35:27.810000+00:00,56.118339,160.454313,0.4,0.47,-100.0,1
2016-02-20 11:19:16.460000+00:00,56.045467,160.595687,34.13,1.14,-100.0,1
2016-02-20 11:50:45.270000+00:00,55.832503,160.385693,7.01,1.06,-0.222,1
2016-02-20 11:51:43.620000+00:00,55.832515,160.384212,6.7,0.19,-100.0,1
2016-02-20 12:11:04.260000+00:00,55.838704,160.395589,13.9,0.49,-100.0,1
2016-02-20 12:11:52.780000+00:00,55.8408,160.391618,11.7,0.6,-0.278,1
2016-02-20 14:49:37.960000+00:00,55.604606,160.524414,28.05,1.15,-100.0,1
2016-02-20 16:02:20.490000+00:00,55.619385,160.530322,27.15,1.72,-100.0,1
2016-02-20 16:07:12.320000+00:00,55.587651,160.515104,28.1,1.6,-100.0,1
2016-02-20 16:12:14.350000+00:00,55.701656,160.417692,13.47,0.9,-0.253,1
2016-02-20 16:25:33.120000+00:00,55.980432,160.634131,25.69,0.8,-0.872,1
2016-02-20 17:07:23.600000+00:00,55.78031,160.456738,15.22,0.75,-0.487,1
2016-02-20 18:39:12.240000+00:00,56.050509,160.604785,33.28,0.78,-100.0,1
2016-02-20 18:54:24.420000+00:00,55.712956,160.46167,8.47,0.44,-0.273,1
2016-02-20 18:59:02.880000+00:00,56.134428,160.448747,8.49,0.64,-0.51,1
2016-02-20 19:52:08.720000+00:00,55.826042,160.380241,0.35,0.77,-0.811,1
2016-02-20 19:54:44.120000+00:00,55.824792,160.376302,0.86,0.92,-1.236,1
2016-02-20 19:56:49.160000+00:00,55.823425,160.383219,1.23,0.71,-0.642,1
2016-02-20 19:57:21.080000+00:00,56.153552,160.862044,23.93,1.7,-0.033,1
2016-02-20 19:58:47.980000+00:00,55.828231,160.381722,0.76,1.27,-1.011,1
2016-02-20 20:03:22.800000+00:00,55.829838,160.381624,-0.19,0.98,-0.858,1
2016-02-20 20:18:20.040000+00:00,55.83418,160.376676,4.83,0.97,-1.322,1
2016-02-20 20:34:36.760000+00:00,55.832284,160.425065,13.54,0.6,-100.0,1
2016-02-20 20:35:37.840000+00:00,55.833687,160.37404,9.46,0.59,-100.0,1
2016-02-20 20:41:37.040000+00:00,55.85505,160.153857,10.99,0.74,-100.0,1
2016-02-20 20:52:07.640000+00:00,55.840535,160.399593,16.16,0.67,-0.776,1
2016-02-20 21:02:13.200000+00:00,56.11912,160.442139,5.74,0.34,-0.615,1
2016-02-20 21:06:35.080000+00:00,56.114144,160.421175,20.03,0.76,-0.731,1
2016-02-20 21:37:53.600000+00:00,56.096916,160.502816,7.83,0.67,-100.0,1
2016-02-20 21:44:51.040000+00:00,55.622404,160.545703,25.4,0.8,-100.0,1
2016-02-20 22:21:17.840000+00:00,56.053764,160.600684,31.82,0.84,-100.0,1
2016-02-20 22:23:08.680000+00:00,56.04495,160.600277,29.8,0.76,-100.0,1
2016-02-20 22:53:23+00:00,55.832931,160.44196,5.93,0.46,-100.0,1
2016-02-20 23:27:10.180000+00:00,56.117912,160.45765,-0.08,1.01,-0.765,1
2016-02-21 00:12:20.890000+00:00,55.70636,160.432048,14.67,0.81,-0.146,1
2016-02-21 00:50:00.670000+00:00,56.117322,160.457959,0.25,1.26,-100.0,1
2016-02-21 01:00:15.920000+00:00,56.128361,160.447054,5.73,1.01,-0.669,1
2016-02-21 01:42:32.390000+00:00,56.125138,160.453711,4.26,1.34,-0.524,1
2016-02-21 02:03:05.690000+00:00,56.074984,160.63737,7.45,0.45,-0.554,1
2016-02-21 02:39:52.680000+00:00,55.800911,160.575863,13.41,0.6,-100.0,1
2016-02-21 02:47:54.880000+00:00,56.123828,160.453776,-0.28,0.25,-0.592,1
2016-02-21 03:51:43.410000+00:00,55.825785,160.391227,0.53,0.23,-0.571,1
2016-02-21 03:53:31.940000+00:00,56.057629,160.602132,30.94,0.41,-100.0,1
2016-02-21 04:21:27.780000+00:00,55.783289,160.463037,15.88,0.46,-0.458,1
2016-02-21 04:29:16.150000+00:00,55.842358,160.404753,-0.72,0.31,-0.545,1
2016-02-21 04:38:11.630000+00:00,56.059302,160.601058,32.84,0.47,-0.533,1
2016-02-21 04:44:23.210000+00:00,56.154236,160.86665,22.2,1.14,-0.11,1
2016-02-21 04:45:51.880000+00:00,55.691748,160.395329,13.74,0.3,-100.0,1
2016-02-21 04:51:50.930000+00:00,55.727144,160.909961,25.61,1.46,-0.163,1
2016-02-21 04:54:26.540000+00:00,56.125594,160.453125,4.27,0.63,-0.651,1
2016-02-21 05:35:17.040000+00:00,55.708577,160.466325,4.04,0.01,-100.0,1
2016-02-21 05:36:20.920000+00:00,56.124333,160.452913,-0.16,0.16,-0.599,1
2016-02-21 05:56:37.910000+00:00,56.05592,160.59585,31.44,0.7,-0.779,1
2016-02-21 06:03:35.460000+00:00,56.12817,160.448796,5.59,0.78,-0.415,1
2016-02-21 06:05:36.520000+00:00,56.12041,160.45835,0.8,1.5,-0.482,1
2016-02-21 06:42:28.620000+00:00,56.058492,160.604932,33.14,0.64,-0.645,1
2016-02-21 07:00:03.270000+00:00,56.054631,160.599202,32.1,0.91,-0.621,1
2016-02-21 07:17:02.070000+00:00,56.119885,160.459505,0.7,1.3,-0.455,1
2016-02-21 07:25:21.050000+00:00,55.907454,160.848193,13.42,0.74,-100.0,1
2016-02-21 08:26:38.550000+00:00,56.120361,160.393994,13.06,0.22,-100.0,1
2016-02-21 08:44:25.490000+00:00,56.11932,160.458724,0.63,1.37,-0.478,1
2016-02-21 09:03:28.530000+00:00,56.055672,160.599691,31.93,0.82,-0.71,1
2016-02-21 09:08:53.360000+00:00,56.047681,160.745703,18.02,0.94,-0.152,1
2016-02-21 09:21:53.250000+00:00,55.992147,160.488639,20.08,1.3,-100.0,1
2016-02-21 10:06:49.740000+00:00,55.942253,160.61193,10.19,0.33,-0.175,1
2016-02-21 10:38:50.480000+00:00,56.054366,160.600163,31.45,0.45,-100.0,1
2016-02-21 11:32:15.780000+00:00,56.052877,160.600146,30.95,0.66,-100.0,1
2016-02-21 11:38:19.160000+00:00,56.123934,160.453857,4.25,1.44,-0.42,1
2016-02-21 12:12:47.790000+00:00,55.848075,160.506641,17.46,0.65,-0.697,1
2016-02-21 12:19:40.410000+00:00,56.047196,160.597738,30.31,0.87,-0.643,1
2016-02-21 12:32:51.660000+00:00,56.048999,160.600684,29.6,1.0,-0.544,1
2016-02-21 13:03:27.540000+00:00,56.019975,160.891081,16.59,0.58,-100.0,1
2016-02-21 13:17:50.070000+00:00,56.120264,160.458968,0.7,1.27,-0.454,1
2016-02-21 13:23:55.920000+00:00,56.048193,160.596403,29.17,0.76,-0.446,1
2016-02-21 14:26:11.690000+00:00,56.130831,160.441553,1.59,0.45,-0.897,1
2016-02-21 14:29:24.480000+00:00,56.12417,160.454329,3.77,1.33,-0.443,1
2016-02-21 14:33:36.300000+00:00,55.787085,160.325911,0.94,0.25,-0.788,1
2016-02-21 14:46:40.630000+00:00,56.119735,160.45988,0.66,1.26,-0.404,1
2016-02-21 15:04:02.960000+00:00,56.127397,160.452848,5.14,0.36,-0.477,1
2016-02-21 15:21:04.420000+00:00,56.123726,160.460677,-0.36,1.09,-0.739,1
2016-02-21 16:09:28.390000+00:00,55.824247,160.533512,12.74,0.9,-0.242,1
2016-02-21 16:33:29.160000+00:00,56.118481,160.457617,-0.04,1.2,-0.584,1
2016-02-21 16:34:33.960000+00:00,56.061377,160.605713,34.02,0.66,-100.0,1
2016-02-21 16:43:04.970000+00:00,56.11534,160.45695,-0.2,0.62,-100.0,1
2016-02-21 16:44:30.110000+00:00,56.045337,160.598421,28.35,0.75,-0.664,1
2016-02-21 17:00:01.280000+00:00,55.985116,160.816536,17.67,1.15,-0.627,1
2016-02-21 17:40:16.280000+00:00,55.997091,160.391064,6.81,0.92,-0.582,1
2016-02-21 17:59:39.240000+00:00,55.845101,160.378678,11.82,1.03,-0.229,1
2016-02-21 18:11:30.120000+00:00,55.825871,160.380859,4.97,0.19,-0.575,1
2016-02-21 18:30:35.080000+00:00,56.0533,160.597331,30.87,0.57,-0.665,1
2016-02-21 18:40:21.180000+00:00,55.807829,160.347282,12.26,0.68,-100.0,1
2016-02-21 19:02:06.760000+00:00,56.125846,160.45529,2.13,0.31,-0.627,1
2016-02-21 19:58:33.500000+00:00,56.232642,160.543555,19.85,0.65,-0.561,1
2016-02-21 20:09:26+00:00,56.020365,160.621794,29.84,0.64,-100.0,1
2016-02-21 20:30:37.600000+00:00,56.098185,160.604102,6.26,0.53,-100.0,1
2016-02-21 20:36:47.240000+00:00,56.048088,160.601497,32.09,0.8,-100.0,1
2016-02-21 20:45:59.640000+00:00,56.128231,160.448535,5.76,0.73,-0.45,1
2016-02-21 21:00:46.080000+00:00,56.052852,160.600309,32.16,0.61,-0.656,1
2016-02-21 21:18:00.700000+00:00,55.69611,160.452197,14.17,0.31,-100.0,1
2016-02-21 21:33:15.960000+00:00,55.520695,160.286312,18.37,1.06,-100.0,1
2016-02-21 22:15:11.280000+00:00,56.050403,160.606494,32.2,0.67,-0.602,1
2016-02-21 22:23:41.840000+00:00,56.044572,160.602913,29.29,1.31,-0.63,1
2016-02-21 23:02:11.640000+00:00,56.118254,160.457389,-0.02,1.19,-0.546,1
2016-02-21 23:25:41.060000+00:00,56.04115,160.604085,27.83,1.05,-0.656,1
2016-02-21 23:27:13.040000+00:00,56.044177,160.598698,27.95,0.75,-0.603,1
2016-02-21 23:30:30+00:00,55.836764,160.398079,-1.74,0.34,-0.607,1
2016-02-22 00:44:03.450000+00:00,56.164693,160.418327,9.48,0.37,-0.622,1
2016-02-22 01:18:32.890000+00:00,56.046867,160.598991,29.17,0.97,-0.677,1
2016-02-22 02:27:53.020000+00:00,56.062626,160.622754,-0.89,1.11,-100.0,1
2016-02-22 02:30:39.010000+00:00,56.057694,160.602214,32.54,0.66,-0.636,1
2016-02-22 02:34:18.310000+00:00,56.047945,160.603174,30.42,0.86,-0.628,1
2016-02-22 03:16:26.010000+00:00,56.046757,160.603581,30.73,1.06,-0.714,1
2016-02-22 03:26:11.220000+00:00,55.806425,160.43068,9.75,0.44,-100.0,1
2016-02-22 03:41:55.760000+00:00,56.126298,160.454867,0.57,0.28,-0.509,1
2016-02-22 03:50:28.010000+00:00,56.140955,160.451709,2.88,0.39,-0.603,1
2016-02-22 04:03:24.100000+00:00,56.119214,160.463184,0.26,0.48,-0.66,1
2016-02-22 04:13:32.860000+00:00,56.107113,160.500667,10.02,0.68,-0.533,1
2016-02-22 04:28:00.230000+00:00,55.716951,160.430762,14.39,0.61,-0.263,1
2016-02-22 04:29:00.240000+00:00,56.140955,160.416878,12.39,0.53,-100.0,1
2016-02-22 04:52:03.800000+00:00,56.048621,160.602295,30.76,0.73,-100.0,1
2016-02-22 04:53:53.240000+00:00,56.050822,160.598551,29.07,0.79,-100.0,1
2016-02-22 05:00:14.530000+00:00,55.838692,160.378809,13.5,0.18,-100.0,1
2016-02-22 05:02:15.170000+00:00,55.838155,160.375195,14.26,0.06,-100.0,1
2016-02-22 05:13:24.930000+00:00,55.722168,160.440397,13.99,1.03,-0.251,1
2016-02-22 05:20:27.830000+00:00,56.127759,160.467285,11.74,0.74,-0.636,1
2016-02-22 05:44:42.530000+00:00,56.127917,160.46613,0.41,0.1,-100.0,1
2016-02-22 05:47:14.400000+00:00,56.118164,160.456136,-0.02,0.61,-0.542,1
2016-02-22 06:07:13.300000+00:00,56.055526,160.603044,31.7,0.66,-100.0,1
2016-02-22 06:08:14.140000+00:00,56.12841,160.451432,8.38,0.65,-0.454,1
2016-02-22 06:16:26.260000+00:00,56.048739,160.602214,32.3,1.04,-0.58,1
2016-02-22 06:24:18.590000+00:00,56.121737,160.455241,-0.77,0.06,-0.505,1
2016-02-22 06:42:07.540000+00:00,56.130709,160.447689,6.87,0.59,-0.521,1
2016-02-22 07:00:56.530000+00:00,56.117867,160.461572,0.2,0.69,-0.567,1
2016-02-22 07:17:09.870000+00:00,56.048515,160.601888,30.75,0.98,-0.727,1
2016-02-22 07:34:03.880000+00:00,56.043018,160.600798,27.23,0.76,-0.742,1
2016-02-22 07:56:24.870000+00:00,56.118298,160.45734,0.35,0.62,-0.592,1
2016-02-22 08:08:26.220000+00:00,55.834481,160.398617,-0.21,0.75,-0.602,1
2016-02-22 08:44:33.910000+00:00,56.058459,160.60319,32.92,0.61,-0.587,1
2016-02-22 09:06:43.350000+00:00,55.704346,160.418978,10.92,1.05,-0.285,1
2016-02-22 09:37:54.850000+00:00,56.127861,160.455094,4.38,0.39,-100.0,1
2016-02-22 10:14:53.020000+00:00,56.047628,160.604997,29.82,1.19,-0.575,1
2016-02-22 10:40:17.980000+00:00,55.796159,160.351335,0.38,0.83,-0.466,1
2016-02-22 10:57:43.800000+00:00,55.804972,160.419157,6.65,0.84,-0.758,1
2016-02-22 11:34:58.860000+00:00,56.047847,160.608024,32.75,0.64,-0.612,1
2016-02-22 12:20:23.650000+00:00,55.844682,160.395605,-0.07,0.32,-0.516,1
2016-02-22 12:41:29.930000+00:00,56.043831,160.598324,28.27,0.87,-0.641,1
2016-02-22 12:45:47.740000+00:00,56.118522,160.457503,-0.01,1.13,-0.672,1
2016-02-22 12:52:34.860000+00:00,56.127482,160.444271,12.6,0.62,-0.501,1
2016-02-22 13:23:05.760000+00:00,56.038489,160.593604,22.25,0.43,-0.747,1
2016-02-22 14:10:45.880000+00:00,55.670199,160.973372,9.53,0.74,-100.0,1
2016-02-22 14:15:50.910000+00:00,55.706266,160.468994,8.31,0.25,-100.0,1
2016-02-22 14:22:50.570000+00:00,56.048287,160.602832,29.53,0.74,-0.642,1
2016-02-22 14:23:35.850000+00:00,55.629533,160.428255,8.88,0.41,-100.0,1
2016-02-22 14:40:26.730000+00:00,56.119389,160.457796,0.02,0.75,-0.554,1
2016-02-22 14:48:13.970000+00:00,56.04821,160.604932,29.67,0.94,-0.752,1
2016-02-22 14:55:22.920000+00:00,56.054769,160.603939,32.85,0.54,-100.0,1
2016-02-22 15:12:30.250000+00:00,55.803601,160.47915,9.56,0.71,-0.662,1
2016-02-22 15:56:12.190000+00:00,56.049337,160.606722,30.24,0.76,-100.0,1
2016-02-22 16:33:12.610000+00:00,56.121346,160.457699,0.7,0.52,-100.0,1
2016-02-22 17:05:00.480000+00:00,56.11427,160.465088,-0.66,0.47,-0.925,1
2016-02-22 18:11:55.280000+00:00,56.156099,160.861833,27.05,0.94,-100.0,1
2016-02-22 20:14:49.680000+00:00,56.142362,160.594645,11.04,1.0,-0.637,1
2016-02-22 20:29:02.320000+00:00,55.832922,160.37251,-2.92,0.37,-0.353,1
2016-02-22 20:47:03.060000+00:00,56.11416,160.453678,7.96,0.5,-0.543,1
2016-02-22 21:06:36.800000+00:00,56.050041,160.599674,30.59,0.56,-0.566,1
2016-02-22 21:37:04.080000+00:00,56.132275,160.418441,-0.09,0.36,-100.0,1
2016-02-22 21:49:59.280000+00:00,56.13232,160.450716,6.19,0.72,-0.5,1
2016-02-22 22:25:53.020000+00:00,55.871204,160.438688,6.81,0.36,-100.0,1
2016-02-22 22:31:56.040000+00:00,55.700012,160.447754,12.76,0.51,-100.0,1
2016-02-22 23:59:20.120000+00:00,56.052767,160.602897,33.39,0.75,-0.575,1
2016-02-23 00:01:19.790000+00:00,56.05072,160.604492,30.18,1.14,-0.655,1
2016-02-23 00:10:46.480000+00:00,56.117297,160.459115,-0.57,0.48,-0.612,1
2016-02-23 00:18:27.170000+00:00,56.115987,160.458757,-0.62,0.46,-100.0,1
2016-02-23 00:43:57.080000+00:00,55.915218,160.692627,11.67,1.0,-0.282,1
2016-02-23 01:01:21.870000+00:00,56.180066,160.574788,13.47,0.61,-0.423,1
2016-02-23 01:02:23.450000+00:00,56.12581,160.456331,0.92,0.6,-0.621,1
2016-02-23 01:35:12.350000+00:00,56.052559,160.605843,31.89,1.26,-0.72,1
2016-02-23 01:49:35.430000+00:00,56.042712,160.597396,24.77,0.63,-0.6,1
2016-02-23 02:28:04.490000+00:00,56.128324,160.45332,4.53,0.67,-0.541,1
2016-02-23 02:34:02.740000+00:00,56.080855,160.430436,-1.34,0.8,-0.742,1
2016-02-23 02:52:41.800000+00:00,56.05839,160.61071,34.11,0.8,-100.0,1
2016-02-23 03:03:58.690000+00:00,56.121745,160.455322,0.46,1.16,-0.57,1
2016-02-23 03:25:18.050000+00:00,55.721322,160.445785,9.28,0.59,-0.279,1
2016-02-23 04:00:16.240000+00:00,56.121773,160.431803,0.87,0.41,-0.727,1
2016-02-23 04:11:10.800000+00:00,56.12568,160.452148,0.08,0.33,-0.601,1
2016-02-23 04:22:55.440000+00:00,56.043571,160.597721,28.19,0.61,-100.0,1
2016-02-23 04:28:22.650000+00:00,56.042432,160.598193,27.02,0.99,-0.684,1
2016-02-23 04:33:40.650000+00:00,56.056254,160.611247,32.34,0.96,-0.598,1
2016-02-23 05:30:54.430000+00:00,56.072644,160.552295,30.83,0.82,-100.0,1
2016-02-23 05:43:12.860000+00:00,56.118551,160.457259,0.01,1.15,-0.531,1
2016-02-23 06:11:26.190000+00:00,55.713232,160.358236,0.71,0.26,-0.426,1
2016-02-23 06:16:57.400000+00:00,56.29624,160.502604,6.46,0.49,-100.0,1
2016-02-23 06:30:37.880000+00:00,56.118245,160.457373,-0.01,1.09,-0.512,1
2016-02-23 06:41:46.940000+00:00,56.120422,160.459212,0.79,1.27,-0.593,1
2016-02-23 07:04:37.830000+00:00,55.929061,160.608659,8.48,0.68,-0.287,1
2016-02-23 07:08:20.140000+00:00,56.118884,160.458903,0.62,1.53,-0.476,1
2016-02-23 07:27:43.350000+00:00,55.827238,160.444092,5.87,0.1,-0.512,1
2016-02-23 07:41:13.290000+00:00,56.045085,160.600049,30.35,0.87,-0.674,1
2016-02-23 08:01:42.660000+00:00,56.052291,160.586035,25.3,0.58,-0.673,1
2016-02-23 08:17:43.780000+00:00,56.118172,160.457243,-0.02,1.08,-0.494,1
2016-02-23 08:25:27.910000+00:00,56.04493,160.60599,32.44,0.65,-0.611,1
2016-02-23 08:52:04.260000+00:00,55.747298,160.328288,1.16,0.27,-0.304,1
2016-02-23 08:53:40.310000+00:00,56.126367,160.447184,5.06,0.8,-0.55,1
2016-02-23 09:19:20.180000+00:00,56.120512,160.459131,0.81,1.41,-0.488,1
2016-02-23 09:29:43.580000+00:00,56.04788,160.596631,30.52,0.71,-0.546,1
2016-02-23 09:37:35+00:00,55.783317,160.362174,4.74,0.25,-100.0,1
2016-02-23 09:44:43.590000+00:00,56.048185,160.662142,8.08,0.87,-100.0,1
2016-02-23 09:54:45.900000+00:00,55.717871,160.227686,5.04,0.46,-100.0,1
2016-02-23 10:16:18.680000+00:00,56.118392,160.538656,9.86,0.92,-0.528,1
2016-02-23 11:03:46.980000+00:00,56.112594,160.842497,25.53,1.19,-0.215,1
2016-02-23 11:06:03.790000+00:00,55.840218,160.421257,-1.49,0.14,-0.496,1
2016-02-23 11:11:07.290000+00:00,56.047709,160.594336,26.52,0.62,-100.0,1
2016-02-23 11:54:42.560000+00:00,56.051546,160.610661,30.66,0.74,-100.0,1
2016-02-23 11:55:43.840000+00:00,55.982841,160.551172,24.8,0.49,-100.0,1
2016-02-23 12:04:21.380000+00:00,56.060628,160.620964,41.37,0.99,-0.627,1
2016-02-23 12:09:08.100000+00:00,56.122168,160.453402,0.37,0.37,-0.472,1
2016-02-23 12:19:05.670000+00:00,56.049353,160.600033,30.56,0.66,-100.0,1
2016-02-23 12:34:33.300000+00:00,55.715234,160.444564,10.2,0.49,-0.51,1
2016-02-23 12:52:19.320000+00:00,56.340808,160.895768,18.38,1.0,-100.0,1
2016-02-23 12:55:51+00:00,56.123307,160.451709,0.59,0.95,-0.463,1
2016-02-23 13:05:04.340000+00:00,56.132397,160.449235,5.85,0.62,-0.661,1
2016-02-23 13:21:45.170000+00:00,56.052755,160.612028,34.0,0.64,-0.558,1
2016-02-23 13:31:19.170000+00:00,56.119397,160.458968,0.64,1.42,-0.561,1
2016-02-23 13:43:01.350000+00:00,55.894454,160.809684,14.91,0.57,-100.0,1
2016-02-23 14:48:25.430000+00:00,56.060042,160.616097,34.1,0.78,-0.702,1
2016-02-23 14:52:29.410000+00:00,56.147856,160.83833,23.4,1.27,-0.167,1
2016-02-23 15:08:19.050000+00:00,56.118856,160.457536,0.08,1.0,-0.486,1
2016-02-23 15:20:40.570000+00:00,56.122489,160.457422,0.47,0.78,-0.838,1
2016-02-23 15:21:12.990000+00:00,56.00297,160.411556,8.97,0.91,-0.59,1
2016-02-23 15:52:49.730000+00:00,56.049597,160.606234,30.82,0.82,-0.663,1
2016-02-23 15:56:00.020000+00:00,56.047986,160.606396,31.51,1.27,-0.849,1
2016-02-23 16:01:54.940000+00:00,56.060942,160.637028,39.19,0.72,-0.514,1
2016-02-23 16:10:11+00:00,55.824471,160.386068,0.77,0.24,-100.0,1
2016-02-23 16:11:46.370000+00:00,56.12391,160.451318,0.65,0.98,-0.513,1
2016-02-23 16:20:43.490000+00:00,56.001908,160.955794,14.42,0.74,-100.0,1
2016-02-23 17:20:59.720000+00:00,55.850236,160.425488,-0.81,0.73,-0.503,1
2016-02-23 17:22:48.600000+00:00,56.106702,160.491553,9.43,0.69,-0.874,1
2016-02-23 17:38:09.840000+00:00,56.194678,160.854004,26.38,1.45,-0.179,1
2016-02-23 18:15:05.280000+00:00,56.118892,160.457438,0.04,1.1,-0.531,1
2016-02-23 18:29:41.880000+00:00,56.047872,160.610026,31.52,0.86,-0.576,1
2016-02-23 18:46:30.680000+00:00,56.046826,160.604492,31.78,0.75,-0.638,1
2016-02-23 19:31:42.120000+00:00,55.849373,160.281104,2.46,1.2,-0.528,1
2016-02-23 19:31:46.880000+00:00,56.121924,160.452311,0.5,0.97,-0.528,1
2016-02-23 19:41:25.840000+00:00,56.018481,160.589876,26.99,0.34,-100.0,1
2016-02-23 19:42:23.560000+00:00,55.698942,160.391243,17.12,0.62,-0.194,1
2016-02-23 19:50:06.360000+00:00,56.052641,160.618506,32.86,0.74,-0.639,1
2016-02-23 19:53:52.440000+00:00,56.048031,160.603239,30.65,0.87,-0.723,1
2016-02-23 19:56:17.320000+00:00,56.109884,160.406348,9.35,0.42,-0.764,1
2016-02-23 20:17:12.680000+00:00,55.808154,160.237207,24.11,0.36,-100.0,1
2016-02-23 20:27:22.080000+00:00,56.129769,160.449886,8.74,0.52,-0.536,1
2016-02-23 20:45:42.260000+00:00,55.795915,160.459749,0.54,0.67,-0.7,1
2016-02-23 20:53:12.200000+00:00,55.753947,160.482812,24.61,0.8,-0.107,1
2016-02-23 21:00:56.720000+00:00,56.118465,160.456917,0.01,1.09,-0.532,1
2016-02-23 21:12:24.660000+00:00,55.851371,160.4118,-0.75,0.93,-0.681,1
2016-02-23 22:18:35.040000+00:00,56.05116,160.609049,32.76,0.82,-0.654,1
2016-02-23 22:30:44.960000+00:00,56.107349,160.817301,25.2,0.85,-100.0,1
2016-02-23 23:07:22.380000+00:00,56.058683,160.607699,33.46,0.63,-100.0,1
2016-02-23 23:08:27.820000+00:00,55.823153,160.5389,11.89,1.33,-0.272,1
2016-02-23 23:34:30.840000+00:00,56.118766,160.45734,0.02,1.12,-0.533,1
2016-02-24 00:13:26.640000+00:00,56.117452,160.459814,0.18,0.43,-0.623,1
2016-02-24 00:50:38.860000+00:00,56.127364,160.447363,5.32,0.98,-0.575,1
2016-02-24 01:28:23.340000+00:00,56.138603,160.445003,6.65,0.54,-0.617,1
2016-02-24 02:02:06.470000+00:00,56.118197,160.457129,-0.03,1.06,-0.52,1
2016-02-24 02:16:40.690000+00:00,56.101506,160.800993,24.95,0.75,-100.0,1
2016-02-24 02:20:34.050000+00:00,55.679842,160.415983,14.87,0.41,-100.0,1
2016-02-24 03:01:36.800000+00:00,56.12806,160.446387,5.64,0.87,-0.605,1
2016-02-24 04:00:54.270000+00:00,56.043058,160.6014,29.25,0.84,-100.0,1
2016-02-24 04:33:22.470000+00:00,56.132589,160.40332,22.67,1.02,-0.767,1
2016-02-24 04:48:57.260000+00:00,56.199174,160.535531,2.28,0.36,-0.499,1
2016-02-24 05:16:36.820000+00:00,56.163595,160.438053,5.65,0.45,-100.0,1
2016-02-24 05:26:02.470000+00:00,56.125073,160.453564,4.52,1.42,-0.549,1
2016-02-24 05:35:17.360000+00:00,56.122872,160.453971,0.25,0.49,-100.0,1
2016-02-24 05:47:30.480000+00:00,56.055485,160.606185,31.76,1.41,-0.712,1
2016-02-24 06:00:05.670000+00:00,55.940633,160.615918,6.87,1.92,-0.175,1
2016-02-24 06:01:19.210000+00:00,55.941256,160.613184,11.42,0.48,-0.263,1
2016-02-24 06:07:26.350000+00:00,56.118294,160.457031,-0.06,0.95,-0.503,1
2016-02-24 06:13:19.810000+00:00,56.079508,160.629655,34.23,1.43,-0.74,1
2016-02-24 06:17:37.510000+00:00,55.698547,160.431689,10.01,0.62,-100.0,1
2016-02-24 06:30:00.840000+00:00,56.118282,160.45682,-0.03,0.9,-0.539,1
2016-02-24 06:48:59.410000+00:00,55.699447,160.431348,10.67,1.18,-0.236,1
2016-02-24 06:55:19.540000+00:00,55.992151,160.625765,15.12,0.54,-0.216,1
2016-02-24 07:02:50.700000+00:00,56.024308,160.535905,25.37,0.81,-0.575,1
2016-02-24 07:15:44.110000+00:00,55.888334,160.760645,9.04,0.58,-100.0,1
2016-02-24 07:34:04.790000+00:00,56.118608,160.456722,-0.02,1.02,-0.52,1
2016-02-24 07:36:21.230000+00:00,56.050069,160.620166,20.4,0.71,-100.0,1
2016-02-24 08:24:11.360000+00:00,56.050085,160.602572,29.23,0.9,-0.684,1
2016-02-24 08:37:50.660000+00:00,55.732406,160.154395,0.89,1.13,-0.786,1
2016-02-24 08:42:23.590000+00:00,55.712842,160.45306,6.03,0.49,-0.332,1
2016-02-24 08:49:23.590000+00:00,55.731042,160.426953,10.31,0.67,-100.0,1
2016-02-24 09:11:53.270000+00:00,56.049422,160.602637,30.15,1.32,-0.691,1
2016-02-24 09:30:59.620000+00:00,55.702352,160.395068,7.05,0.48,-100.0,1
2016-02-24 09:49:51.220000+00:00,56.060441,160.599984,31.91,0.55,-100.0,1
2016-02-24 09:52:47.630000+00:00,56.12808,160.447087,5.98,0.91,-0.487,1
2016-02-24 10:40:28.590000+00:00,56.045589,160.610286,30.06,0.49,-100.0,1
2016-02-24 10:42:07.510000+00:00,56.227405,160.83055,24.04,1.04,-100.0,1
2016-02-24 11:55:12.910000+00:00,56.119706,160.458838,0.62,1.44,-0.512,1
2016-02-24 12:00:51.620000+00:00,56.113232,160.6104,5.52,0.81,-0.42,1
2016-02-24 12:22:10.130000+00:00,55.940495,160.612549,11.22,0.5,-0.157,1
2016-02-24 12:33:30.360000+00:00,56.147111,160.428874,12.81,0.91,-0.634,1
2016-02-24 12:36:39.400000+00:00,55.713778,160.475472,0.7,0.44,-0.16,1
2016-02-24 12:45:54.160000+00:00,55.700167,160.440234,9.02,0.88,-0.296,1
2016-02-24 12:51:28.920000+00:00,55.699186,160.43125,10.21,0.78,-0.331,1
2016-02-24 13:00:39.060000+00:00,56.053316,160.603206,30.57,1.39,-0.724,1
2016-02-24 13:06:43.490000+00:00,56.036662,160.596126,25.25,1.44,-0.811,1
2016-02-24 14:22:32.560000+00:00,56.061641,160.602002,15.08,0.6,-100.0,1
2016-02-24 14:31:38.840000+00:00,56.05402,160.602165,31.31,1.17,-0.527,1
2016-02-24 15:26:08.830000+00:00,56.149605,160.886784,26.17,0.85,-100.0,1
2016-02-24 15:30:31.660000+00:00,56.122074,160.457292,0.98,1.21,-0.565,1
2016-02-24 16:01:30.050000+00:00,56.048503,160.627523,2.21,0.97,-0.585,1
2016-02-24 16:53:58.130000+00:00,55.681458,160.373796,12.6,0.26,-100.0,1
2016-02-24 17:25:50.760000+00:00,56.118534,160.457373,-0.06,1.09,-0.552,1
2016-02-24 17:33:23.440000+00:00,55.699211,160.432487,10.29,0.76,-0.182,1
2016-02-24 17:47:37.160000+00:00,56.118953,160.457113,0.12,0.92,-0.546,1
2016-02-24 18:01:55.540000+00:00,56.038232,160.611458,17.74,0.51,-100.0,1
2016-02-24 18:06:35.960000+00:00,55.788949,160.354313,-0.22,0.52,-100.0,1
2016-02-24 18:07:55.720000+00:00,56.057768,160.604395,32.12,1.46,-0.673,1
2016-02-24 18:24:30.540000+00:00,56.103792,160.869661,23.19,1.24,-0.264,1
2016-02-24 19:09:11.720000+00:00,56.131494,160.436654,4.04,0.16,-100.0,1
2016-02-24 19:13:15.960000+00:00,56.054789,160.603532,32.21,1.28,-0.576,1
2016-02-24 19:21:58.200000+00:00,56.035824,160.601839,26.43,0.64,-100.0,1
2016-02-24 19:30:10.180000+00:00,55.939705,160.614518,13.02,0.55,-0.169,1
2016-02-24 20:17:07.920000+00:00,56.061336,160.606201,33.27,1.32,-0.608,1
2016-02-24 20:41:39.600000+00:00,55.823319,160.378353,0.34,0.53,-0.518,1
2016-02-24 20:52:50.560000+00:00,56.127588,160.451416,12.27,0.68,-0.648,1
2016-02-24 20:56:07.220000+00:00,56.068306,160.606348,39.45,0.98,-0.588,1
2016-02-24 20:58:30.560000+00:00,56.049276,160.604525,32.58,0.5,-100.0,1
2016-02-24 20:59:52.520000+00:00,55.686995,160.450423,11.88,0.33,-100.0,1
2016-02-24 21:02:58.520000+00:00,55.737317,160.439958,11.15,0.48,-0.339,1
2016-02-24 21:33:58.280000+00:00,56.124699,160.454508,3.97,1.3,-0.604,1
2016-02-24 21:36:00.360000+00:00,56.052214,160.606982,33.3,1.07,-0.567,1
2016-02-24 22:20:47.680000+00:00,56.055233,160.599577,32.18,0.84,-0.54,1
2016-02-24 22:45:57.040000+00:00,56.04707,160.596436,27.96,0.85,-0.608,1
2016-02-24 23:04:57.200000+00:00,55.711076,160.446273,10.41,0.57,-0.247,1
2016-02-24 23:05:38.960000+00:00,56.130998,160.452214,7.29,0.3,-0.433,1
2016-02-24 23:40:02.240000+00:00,56.051799,160.605436,30.52,1.3,-0.807,1
2016-02-24 23:57:47.400000+00:00,56.060624,160.614079,35.45,0.59,-100.0,1
2016-02-25 00:21:22.360000+00:00,56.12522,160.452148,0.26,0.5,-100.0,1
2016-02-25 00:24:26.500000+00:00,56.057861,160.609326,34.51,1.2,-0.742,1
2016-02-25 00:53:21.050000+00:00,56.049845,160.59528,29.64,0.73,-100.0,1
2016-02-25 01:07:27.470000+00:00,56.051274,160.606022,30.8,0.74,-0.519,1
2016-02-25 01:14:40.140000+00:00,56.053503,160.599756,32.49,0.83,-0.543,1
2016-02-25 01:24:02.410000+00:00,56.046403,160.600277,27.53,0.74,-0.51,1
2016-02-25 01:26:47.870000+00:00,56.125199,160.453564,4.46,1.38,-0.486,1
2016-02-25 01:32:42.590000+00:00,56.028617,160.594206,25.85,0.85,-0.6,1
2016-02-25 01:37:30.620000+00:00,56.054834,160.603678,32.56,0.78,-0.614,1
2016-02-25 01:58:16.520000+00:00,56.061902,160.613883,35.94,1.15,-0.674,1
2016-02-25 02:09:04.690000+00:00,56.135067,160.452653,10.85,0.54,-100.0,1
2016-02-25 02:19:33.980000+00:00,56.062113,160.605013,33.94,0.69,-0.422,1
2016-02-25 02:24:20.810000+00:00,56.11829,160.457129,-0.05,1.15,-0.576,1
2016-02-25 02:30:34.600000+00:00,56.049146,160.592741,32.67,0.84,-100.0,1
2016-02-25 02:31:37.880000+00:00,56.067017,160.401693,11.31,0.78,-100.0,1
2016-02-25 02:42:03.800000+00:00,56.118433,160.457585,-0.04,0.86,-0.511,1
2016-02-25 02:45:22.990000+00:00,56.127958,160.453499,8.24,0.49,-100.0,1
2016-02-25 02:51:45.540000+00:00,56.055819,160.604215,31.5,0.99,-0.492,1
2016-02-25 03:01:44.320000+00:00,56.048242,160.593229,27.71,0.55,-0.554,1
2016-02-25 03:16:50.900000+00:00,55.699198,160.423177,10.99,1.57,-0.105,1
2016-02-25 03:16:56.440000+00:00,55.699117,160.431771,10.07,1.23,-0.186,1
2016-02-25 03:19:43.930000+00:00,56.049382,160.598991,32.9,0.85,-100.0,1
2016-02-25 03:23:16.200000+00:00,56.058061,160.611735,2.9,0.6,-0.539,1
2016-02-25 03:30:26.860000+00:00,56.056755,160.613802,34.43,0.62,-100.0,1
2016-02-25 03:48:25.130000+00:00,56.056559,160.601514,32.93,0.62,-0.666,1
2016-02-25 03:58:38.930000+00:00,56.05686,160.604883,33.12,0.84,-0.594,1
2016-02-25 04:04:25.440000+00:00,55.685486,160.411393,13.81,0.41,-100.0,1
2016-02-25 04:11:27.730000+00:00,56.054854,160.602165,31.95,0.61,-100.0,1
2016-02-25 04:13:31.760000+00:00,55.702336,160.429492,10.71,0.61,-0.199,1
2016-02-25 04:23:14.530000+00:00,56.053337,160.602702,33.63,1.05,-0.503,1
2016-02-25 04:24:47.280000+00:00,56.166772,160.843034,27.56,0.74,-100.0,1
2016-02-25 04:26:05.320000+00:00,56.124894,160.453988,4.23,1.55,-0.505,1
2016-02-25 04:27:59.440000+00:00,56.132084,160.443766,6.23,0.98,-0.607,1
2016-02-25 04:32:26.540000+00:00,56.049609,160.596077,29.53,0.77,-0.532,1
2016-02-25 04:43:12.970000+00:00,56.043351,160.600977,30.45,0.82,-0.599,1
2016-02-25 04:50:28.470000+00:00,56.052568,160.598226,29.97,0.85,-0.464,1
2016-02-25 05:00:28.470000+00:00,56.055424,160.606429,33.18,0.78,-0.571,1
2016-02-25 05:00:56.050000+00:00,56.12054,160.459163,0.66,1.23,-0.558,1
2016-02-25 05:06:49.710000+00:00,56.132479,160.448486,7.64,0.42,-100.0,1
2016-02-25 05:13:29.180000+00:00,56.051855,160.596582,32.31,0.74,-0.651,1
2016-02-25 05:26:30.940000+00:00,56.150696,160.44751,11.81,0.69,-100.0,1
2016-02-25 05:30:40.990000+00:00,56.05516,160.60026,31.02,0.66,-0.644,1
2016-02-25 05:45:02.570000+00:00,55.914079,160.849561,13.89,0.49,-100.0,1
2016-02-25 05:51:52.700000+00:00,56.046517,160.60293,30.07,0.85,-0.512,1
2016-02-25 06:09:25.830000+00:00,56.053898,160.596615,30.91,1.05,-0.651,1
2016-02-25 06:19:27.380000+00:00,56.049691,160.591927,28.88,0.58,-100.0,1
2016-02-25 06:23:01.310000+00:00,56.015613,160.343864,14.02,0.42,-0.771,1
2016-02-25 06:30:40.080000+00:00,56.054163,160.602507,30.53,0.9,-0.499,1
2016-02-25 06:35:45.150000+00:00,56.126978,160.448958,4.77,1.41,-0.499,1
2016-02-25 06:43:37.260000+00:00,56.050256,160.603271,31.07,1.0,-0.895,1
2016-02-25 07:00:03.530000+00:00,56.058329,160.596989,31.91,0.94,-0.652,1
2016-02-25 07:11:00.140000+00:00,56.047795,160.598975,28.94,0.68,-0.388,1
2016-02-25 07:11:49.710000+00:00,56.054541,160.597477,30.75,0.82,-0.576,1
2016-02-25 07:26:29.690000+00:00,56.059505,160.603206,32.7,0.87,-0.656,1
2016-02-25 07:33:51.020000+00:00,56.055489,160.599382,31.6,0.86,-0.547,1
2016-02-25 07:35:56.520000+00:00,56.061043,160.609456,34.75,0.67,-100.0,1
2016-02-25 07:46:02.580000+00:00,56.119104,160.457389,0.09,1.08,-0.568,1
2016-02-25 08:00:22.100000+00:00,55.833895,160.372331,11.91,0.61,-0.206,1
2016-02-25 08:05:31.060000+00:00,56.094938,160.618799,38.9,0.84,-100.0,1
2016-02-25 08:09:35.190000+00:00,56.040206,160.593701,25.92,0.81,-100.0,1
2016-02-25 08:18:36.670000+00:00,56.046012,160.595947,28.48,1.06,-0.548,1
2016-02-25 08:25:36.730000+00:00,56.120056,160.45778,0.15,0.96,-0.561,1
2016-02-25 08:41:55.260000+00:00,56.051347,160.599333,29.51,0.73,-100.0,1
2016-02-25 09:11:11.540000+00:00,56.039168,160.599886,21.14,0.76,-100.0,1
2016-02-25 09:16:48.650000+00:00,56.118608,160.457161,0.01,1.05,-0.499,1
2016-02-25 09:26:21.410000+00:00,56.047998,160.602197,29.72,0.93,-0.689,1
2016-02-25 09:31:53.510000+00:00,56.043254,160.59917,29.87,0.87,-0.466,1
2016-02-25 09:42:41.730000+00:00,56.049674,160.602507,30.11,0.99,-0.588,1
2016-02-25 09:44:12.020000+00:00,56.050736,160.600553,30.13,0.94,-0.633,1
2016-02-25 09:46:33.830000+00:00,56.052201,160.599577,30.97,1.02,-0.535,1
2016-02-25 09:47:12.330000+00:00,56.046468,160.598161,28.16,0.92,-0.52,1
2016-02-25 09:50:04.780000+00:00,56.054167,160.601904,31.72,1.22,-0.579,1
2016-02-25 09:50:40.860000+00:00,56.054154,160.594824,29.57,0.8,-100.0,1
2016-02-25 09:53:05.530000+00:00,56.054211,160.594124,30.09,1.13,-100.0,1
2016-02-25 09:54:07.620000+00:00,56.046301,160.598714,27.97,1.19,-100.0,1
2016-02-25 09:55:58.010000+00:00,56.051046,160.597445,30.02,0.97,-0.735,1
2016-02-25 09:58:48.620000+00:00,56.048584,160.600179,30.05,1.09,-0.687,1
2016-02-25 09:59:30.520000+00:00,56.050696,160.599316,29.89,1.1,-0.742,1
2016-02-25 10:01:52.430000+00:00,56.054513,160.605778,32.49,0.95,-0.488,1
2016-02-25 10:04:11.740000+00:00,56.042464,160.598063,27.64,1.1,-0.737,1
2016-02-25 10:05:12.400000+00:00,56.052437,160.601465,31.15,0.8,-0.573,1
2016-02-25 10:07:13.950000+00:00,56.049788,160.601676,30.4,1.2,-0.706,1
2016-02-25 10:09:38.800000+00:00,56.05142,160.597852,30.72,1.02,-0.734,1
2016-02-25 10:10:42.470000+00:00,56.051823,160.597868,30.09,0.88,-0.503,1
2016-02-25 10:11:17.290000+00:00,56.043091,160.596663,28.96,1.01,-0.55,1
2016-02-25 10:13:56.190000+00:00,56.051261,160.591667,29.09,0.82,-100.0,1
2016-02-25 10:15:31.570000+00:00,56.05048,160.600651,29.63,0.87,-0.606,1
2016-02-25 10:21:06.310000+00:00,56.051139,160.601383,30.24,0.86,-0.638,1
2016-02-25 10:22:25.890000+00:00,56.059399,160.609261,35.09,0.95,-0.646,1
2016-02-25 10:22:49.360000+00:00,56.050183,160.598193,29.84,1.03,-0.68,1
2016-02-25 10:25:20.290000+00:00,56.051786,160.598877,29.91,1.02,-0.547,1
2016-02-25 10:26:14.390000+00:00,56.053446,160.599235,31.55,0.88,-0.639,1
2016-02-25 10:27:42.440000+00:00,56.045162,160.596794,27.73,1.04,-0.693,1
2016-02-25 10:28:32.040000+00:00,56.048763,160.603044,29.54,1.05,-0.567,1
2016-02-25 10:29:42.590000+00:00,56.046887,160.597917,28.97,1.04,-0.762,1
2016-02-25 10:30:21.140000+00:00,56.05105,160.596273,29.85,1.14,-0.743,1
2016-02-25 10:31:19.030000+00:00,56.049797,160.597526,29.5,1.03,-0.68,1
2016-02-25 10:32:06.550000+00:00,56.049935,160.605518,30.07,1.65,-0.516,1
2016-02-25 10:33:40.930000+00:00,56.056091,160.603027,32.23,0.76,-100.0,1
2016-02-25 10:33:52.860000+00:00,56.054985,160.594727,29.61,1.0,-100.0,1
2016-02-25 10:34:11.330000+00:00,56.055257,160.60249,31.07,0.96,-100.0,1
2016-02-25 10:34:56+00:00,56.050509,160.599788,29.76,0.89,-0.566,1
2016-02-25 10:35:15.240000+00:00,56.052897,160.595801,29.64,1.09,-0.639,1
2016-02-25 10:36:06.050000+00:00,56.049296,160.597884,29.33,1.04,-0.63,1
2016-02-25 10:38:17.750000+00:00,56.0512,160.601579,31.18,1.1,-0.734,1
2016-02-25 10:39:27.390000+00:00,56.051571,160.599007,30.9,1.22,-0.768,1
2016-02-25 10:41:33.690000+00:00,56.057353,160.6021,32.91,0.98,-0.825,1
2016-02-25 10:43:24.640000+00:00,56.054395,160.601009,32.17,1.12,-0.631,1
2016-02-25 10:45:02.690000+00:00,56.050285,160.600114,30.07,0.94,-0.675,1
2016-02-25 10:46:08.030000+00:00,56.050773,160.60026,30.38,1.06,-0.779,1
2016-02-25 10:46:35.210000+00:00,56.052848,160.598535,30.12,1.12,-0.704,1
2016-02-25 10:47:45.790000+00:00,56.05413,160.603516,32.14,0.95,-0.728,1
2016-02-25 10:48:48.510000+00:00,56.043905,160.597249,27.13,0.84,-0.549,1
2016-02-25 10:49:14.210000+00:00,56.049674,160.602132,29.69,0.87,-0.627,1
2016-02-25 10:52:13.970000+00:00,56.040605,160.59668,27.07,0.83,-0.628,1
2016-02-25 10:52:41+00:00,56.052193,160.600553,31.94,0.8,-100.0,1
2016-02-25 10:53:33.570000+00:00,56.043237,160.590023,26.07,1.03,-0.722,1
2016-02-25 10:54:47.390000+00:00,56.051351,160.599414,30.44,0.93,-0.635,1
2016-02-25 10:55:39.160000+00:00,56.04989,160.593392,29.47,0.92,-100.0,1
2016-02-25 10:57:20.410000+00:00,56.059912,160.612809,34.87,0.92,-100.0,1
2016-02-25 10:59:01.630000+00:00,56.049211,160.599365,29.87,0.96,-0.631,1
2016-02-25 10:59:23.160000+00:00,56.051563,160.598779,29.37,1.13,-0.806,1
2016-02-25 11:00:16.600000+00:00,56.053532,160.597135,30.97,0.98,-0.583,1
2016-02-25 11:01:05.630000+00:00,56.05072,160.599316,29.85,1.03,-100.0,1
2016-02-25 11:01:32.470000+00:00,56.053951,160.599365,31.62,1.02,-0.613,1
2016-02-25 11:02:15.420000+00:00,56.050671,160.6,30.15,0.98,-0.674,1
2016-02-25 11:02:48.120000+00:00,56.052751,160.59471,29.52,1.03,-0.767,1
2016-02-25 11:03:22.730000+00:00,56.051074,160.598649,30.13,0.92,-100.0,1
2016-02-25 11:03:51.780000+00:00,56.042065,160.597347,26.26,1.12,-0.726,1
2016-02-25 11:04:38.230000+00:00,56.051542,160.59585,29.7,1.0,-0.552,1
2016-02-25 11:05:18.090000+00:00,56.049821,160.596549,29.71,0.89,-0.555,1
2016-02-25 11:06:16.160000+00:00,56.051331,160.599577,31.07,1.06,-0.728,1
2016-02-25 11:07:15.590000+00:00,56.055172,160.604281,32.69,1.08,-0.741,1
2016-02-25 11:08:01.080000+00:00,56.050753,160.600309,30.19,1.08,-0.721,1
2016-02-25 11:08:59.710000+00:00,56.050789,160.601758,31.01,1.1,-0.699,1
2016-02-25 11:09:40.160000+00:00,56.051587,160.598682,30.25,1.04,-0.543,1
2016-02-25 11:10:06.490000+00:00,56.056689,160.600944,32.09,1.01,-0.583,1
2016-02-25 11:11:42.110000+00:00,56.041516,160.577441,24.06,0.63,-100.0,1
2016-02-25 11:11:56.410000+00:00,56.047599,160.592969,27.96,0.97,-0.732,1
2016-02-25 11:12:45.580000+00:00,56.050041,160.59515,29.43,0.87,-0.613,1
2016-02-25 11:13:58.830000+00:00,56.05507,160.599756,31.41,0.95,-0.648,1
2016-02-25 11:14:35.420000+00:00,56.056315,160.599007,31.7,1.03,-0.76,1
2016-02-25 11:15:16.520000+00:00,56.051644,160.597786,29.78,0.94,-0.649,1
2016-02-25 11:15:59.640000+00:00,56.053349,160.596533,30.01,0.99,-0.619,1
2016-02-25 11:16:47.100000+00:00,56.052584,160.601465,31.28,1.01,-0.66,1
2016-02-25 11:17:49.030000+00:00,56.053499,160.602734,31.93,0.98,-0.655,1
2016-02-25 11:18:31.320000+00:00,56.050378,160.599951,30.33,0.87,-100.0,1
2016-02-25 11:19:06.030000+00:00,56.051172,160.598568,29.84,0.79,-0.52,1
2016-02-25 11:22:34.850000+00:00,56.050073,160.601807,29.37,0.97,-100.0,1
2016-02-25 11:23:31.070000+00:00,56.052783,160.59502,30.02,0.86,-100.0,1
2016-02-25 11:24:47.710000+00:00,56.056453,160.596289,31.58,0.91,-100.0,1
2016-02-25 11:25:42.870000+00:00,56.046525,160.595719,28.04,0.96,-0.663,1
2016-02-25 11:26:27.230000+00:00,56.051392,160.60402,31.44,0.94,-0.664,1
2016-02-25 11:27:59.130000+00:00,56.048206,160.601042,29.73,0.94,-0.637,1
2016-02-25 11:29:43.530000+00:00,56.051839,160.598844,30.22,0.92,-0.682,1
2016-02-25 11:31:30.960000+00:00,56.046464,160.596598,29.71,0.89,-0.596,1
2016-02-25 11:32:07.540000+00:00,56.049638,160.596484,29.69,0.93,-0.625,1
2016-02-25 11:33:56.400000+00:00,56.049121,160.600765,29.94,1.03,-0.615,1
2016-02-25 11:35:15.590000+00:00,56.049642,160.599154,29.65,1.0,-0.781,1
2016-02-25 11:36:14.790000+00:00,56.050964,160.599951,29.66,0.88,-100.0,1
2016-02-25 11:37:18+00:00,56.052551,160.602083,31.41,1.09,-0.793,1
2016-02-25 11:37:49.860000+00:00,56.049369,160.605208,29.77,1.63,-1.04,1
2016-02-25 11:41:02.230000+00:00,56.05367,160.599854,31.58,1.01,-0.689,1
2016-02-25 11:41:40.870000+00:00,56.055221,160.599902,32.5,0.9,-100.0,1
2016-02-25 11:42:26.470000+00:00,56.055656,160.608138,33.3,0.89,-0.206,1
2016-02-25 11:43:07.500000+00:00,56.054203,160.595573,30.28,0.88,-0.598,1
2016-02-25 11:44:25.960000+00:00,56.051514,160.601758,30.41,0.9,-0.739,1
2016-02-25 11:45:07.700000+00:00,56.048747,160.598568,29.61,1.04,-0.701,1
2016-02-25 11:46:06.980000+00:00,56.055786,160.602783,33.08,1.0,-0.68,1
2016-02-25 11:46:55.230000+00:00,56.051766,160.600244,30.6,1.06,-0.655,1
2016-02-25 11:48:46.620000+00:00,56.051152,160.599609,30.09,0.95,-0.673,1
2016-02-25 11:49:28.130000+00:00,56.054553,160.600374,31.43,0.98,-0.646,1
2016-02-25 11:50:33.780000+00:00,56.051367,160.598617,29.62,0.97,-0.572,1
2016-02-25 11:51:46.800000+00:00,56.051676,160.600716,30.5,0.98,-0.694,1
2016-02-25 11:52:53.070000+00:00,56.052633,160.593734,29.86,0.82,-100.0,1
2016-02-25 11:53:37.430000+00:00,56.053158,160.602002,31.57,0.97,-0.727,1
2016-02-25 11:55:40.200000+00:00,56.048307,160.603385,29.51,0.97,-0.627,1
2016-02-25 11:56:15.490000+00:00,56.052336,160.598079,30.17,0.98,-100.0,1
2016-02-25 11:57:04.140000+00:00,56.05341,160.601253,30.82,0.8,-100.0,1
2016-02-25 11:57:50.100000+00:00,56.056567,160.601774,32.45,0.98,-0.669,1
2016-02-25 11:58:43.550000+00:00,56.055733,160.602637,33.16,0.97,-0.55,1
2016-02-25 11:59:30.460000+00:00,56.055058,160.601302,32.05,0.78,-100.0,1
2016-02-25 12:04:16.300000+00:00,56.051371,160.597493,29.02,0.9,-0.657,1
2016-02-25 12:04:58.820000+00:00,56.033895,160.597575,25.73,1.15,-0.719,1
2016-02-25 12:05:50.340000+00:00,56.052018,160.600667,30.98,0.93,-100.0,1
2016-02-25 12:06:41.040000+00:00,56.051685,160.59873,30.5,0.97,-0.816,1
2016-02-25 12:07:28.820000+00:00,56.043188,160.59012,26.08,0.96,-0.603,1
2016-02-25 12:11:08.840000+00:00,56.058122,160.598714,32.28,0.86,-100.0,1
2016-02-25 12:12:06.170000+00:00,56.05295,160.598503,31.1,0.9,-100.0,1
2016-02-25 12:13:04.510000+00:00,56.056885,160.598503,31.91,0.89,-100.0,1
2016-02-25 12:14:20.360000+00:00,56.053153,160.598844,30.69,0.9,-100.0,1
2016-02-25 12:14:45.930000+00:00,56.053703,160.599137,30.24,1.04,-0.674,1
2016-02-25 12:15:59.860000+00:00,56.063041,160.603174,33.99,1.05,-0.416,1
2016-02-25 12:17:15.660000+00:00,56.049723,160.596777,29.62,1.15,-0.798,1
2016-02-25 12:19:10.530000+00:00,56.052889,160.598112,30.53,0.89,-100.0,1
2016-02-25 12:19:52.610000+00:00,56.049443,160.59598,29.15,0.78,-100.0,1
2016-02-25 12:20:46.970000+00:00,56.050256,160.597591,29.22,0.89,-0.706,1
2016-02-25 12:21:50.530000+00:00,56.052917,160.600423,30.83,1.01,-0.63,1
2016-02-25 12:22:42.880000+00:00,56.050293,160.602523,31.04,0.85,-0.61,1
2016-02-25 12:23:55.280000+00:00,56.050777,160.599561,30.32,0.85,-0.588,1
2016-02-25 12:24:55.090000+00:00,56.050903,160.599382,30.22,0.81,-100.0,1
2016-02-25 12:25:42.660000+00:00,56.055135,160.602327,32.02,0.85,-100.0,1
2016-02-25 12:26:32.700000+00:00,56.050427,160.611621,32.6,0.71,-100.0,1
2016-02-25 12:28:16.360000+00:00,56.048792,160.585938,27.21,0.93,-0.667,1
2016-02-25 12:29:06.350000+00:00,56.055017,160.598421,31.83,0.96,-100.0,1
2016-02-25 12:30:42.020000+00:00,56.051896,160.595866,30.08,1.01,-100.0,1
2016-02-25 12:31:20.410000+00:00,56.061316,160.606071,34.12,0.86,-100.0,1
2016-02-25 12:32:17.670000+00:00,56.059058,160.60682,34.05,0.98,-100.0,1
2016-02-25 12:32:47.990000+00:00,56.057027,160.601562,32.3,0.88,-0.644,1
2016-02-25 12:33:45.240000+00:00,56.052588,160.602669,31.28,0.96,-0.628,1
2016-02-25 12:36:57.350000+00:00,56.049727,160.601058,29.99,1.34,-0.583,1
2016-02-25 12:37:58.530000+00:00,56.06119,160.600488,33.46,1.0,-100.0,1
2016-02-25 12:38:38.440000+00:00,56.052096,160.600277,30.33,0.86,-100.0,1
2016-02-25 12:40:39.340000+00:00,56.053682,160.601628,31.88,0.93,-0.771,1
2016-02-25 12:41:43.080000+00:00,56.052527,160.595622,29.12,0.91,-100.0,1
2016-02-25 12:42:30.800000+00:00,56.056836,160.604102,33.55,0.82,-100.0,1
2016-02-25 12:46:44.550000+00:00,56.05402,160.598617,30.95,0.95,-100.0,1
2016-02-25 12:48:47.180000+00:00,56.049992,160.590511,28.16,0.73,-100.0,1
2016-02-25 12:49:20.150000+00:00,56.026103,160.575016,22.81,0.83,-100.0,1
2016-02-25 12:50:17.930000+00:00,56.053528,160.60026,31.32,0.93,-0.714,1
2016-02-25 12:51:17.730000+00:00,56.055033,160.603955,32.53,0.99,-0.792,1
2016-02-25 12:52:42.600000+00:00,56.05092,160.598437,29.82,0.89,-100.0,1
2016-02-25 12:53:16.260000+00:00,56.057446,160.606038,33.59,0.86,-100.0,1
2016-02-25 12:53:54.830000+00:00,56.056547,160.604427,33.17,0.97,-100.0,1
2016-02-25 12:55:16.480000+00:00,56.049874,160.600228,30.35,0.83,-100.0,1
2016-02-25 12:56:25.930000+00:00,56.047461,160.595817,29.07,0.88,-100.0,1
2016-02-25 12:57:37.060000+00:00,56.055265,160.598568,30.95,0.91,-100.0,1
2016-02-25 12:58:32.780000+00:00,56.055603,160.602783,32.16,0.86,-0.723,1
2016-02-25 12:59:25.140000+00:00,56.0571,160.601579,33.42,0.85,-0.7,1
2016-02-25 13:00:49.930000+00:00,56.049056,160.601465,30.5,1.54,-0.923,1
2016-02-25 13:02:00.120000+00:00,56.054289,160.600911,31.35,0.85,-100.0,1
2016-02-25 13:03:12.590000+00:00,56.053141,160.598193,31.31,0.8,-100.0,1
2016-02-25 13:03:53.450000+00:00,56.055965,160.593831,30.69,1.01,-100.0,1
2016-02-25 13:05:15.460000+00:00,56.057284,160.599886,32.17,0.99,-0.661,1
2016-02-25 13:06:22.970000+00:00,56.126257,160.452653,4.58,1.46,-0.498,1
2016-02-25 13:07:35.620000+00:00,56.057121,160.60874,33.29,0.91,-0.526,1
2016-02-25 13:09:14.300000+00:00,56.05203,160.601172,31.53,0.89,-100.0,1
2016-02-25 13:10:13.220000+00:00,56.052014,160.599007,30.42,0.87,-0.681,1
2016-02-25 13:11:11.890000+00:00,55.833785,160.378467,-1.29,0.51,-100.0,1
2016-02-25 13:12:08.310000+00:00,56.054639,160.599121,32.23,0.91,-100.0,1
2016-02-25 13:12:42.710000+00:00,56.050033,160.596517,29.45,1.02,-0.731,1
2016-02-25 13:14:05.480000+00:00,56.044649,160.601904,28.13,0.74,-100.0,1
2016-02-25 13:16:43.590000+00:00,56.051115,160.597526,29.64,0.99,-0.638,1
2016-02-25 13:18:02.120000+00:00,56.057479,160.606738,33.4,0.89,-100.0,1
2016-02-25 13:19:37.460000+00:00,56.055778,160.599544,31.88,0.85,-100.0,1
2016-02-25 13:21:15.510000+00:00,56.054085,160.603662,31.31,1.44,-0.801,1
2016-02-25 13:22:29.900000+00:00,56.055432,160.594759,30.88,0.92,-100.0,1
2016-02-25 13:22:49.800000+00:00,55.958211,160.829785,53.34,1.04,-100.0,1
2016-02-25 13:23:56.650000+00:00,56.05389,160.595622,30.97,0.9,-100.0,1
2016-02-25 13:24:48.090000+00:00,56.015389,160.64668,28.26,0.92,-100.0,1
2016-02-25 13:25:28.070000+00:00,56.05284,160.597786,30.84,0.98,-0.624,1
2016-02-25 13:25:56.130000+00:00,56.05555,160.595736,31.03,0.86,-100.0,1
2016-02-25 13:27:21.870000+00:00,56.056946,160.599626,32.1,0.93,-100.0,1
2016-02-25 13:28:54.240000+00:00,56.051713,160.601839,30.93,0.95,-0.685,1
2016-02-25 13:30:13.200000+00:00,56.05494,160.602311,32.22,0.97,-100.0,1
2016-02-25 13:31:11.770000+00:00,56.052144,160.596891,28.94,0.79,-100.0,1
2016-02-25 13:31:33.690000+00:00,56.049919,160.587419,27.53,0.86,-0.649,1
2016-02-25 13:32:08.290000+00:00,56.053296,160.602653,31.57,0.9,-0.607,1
2016-02-25 13:33:11.370000+00:00,56.053479,160.600146,30.87,0.81,-0.521,1
2016-02-25 13:35:03.060000+00:00,55.969218,160.803776,51.29,1.0,-100.0,1
2016-02-25 13:36:50.940000+00:00,56.057255,160.6,32.17,0.86,-100.0,1
2016-02-25 13:38:50.270000+00:00,56.056665,160.596452,32.01,0.82,-100.0,1
2016-02-25 13:39:44.860000+00:00,56.053088,160.602783,31.02,1.01,-100.0,1
2016-02-25 13:40:12.320000+00:00,56.050301,160.59764,29.75,0.91,-100.0,1
2016-02-25 13:40:54.950000+00:00,56.050936,160.595508,28.9,0.85,-100.0,1
2016-02-25 13:42:23+00:00,56.052181,160.59611,29.55,0.93,-0.611,1
2016-02-25 13:44:00.960000+00:00,56.058512,160.60096,33.42,0.92,-100.0,1
2016-02-25 13:44:49.890000+00:00,56.055082,160.599382,32.18,0.87,-100.0,1
2016-02-25 13:45:38.230000+00:00,56.052018,160.598584,29.99,1.01,-100.0,1
2016-02-25 13:47:13.810000+00:00,56.052641,160.605046,32.32,0.97,-0.475,1
2016-02-25 13:48:18.930000+00:00,56.057125,160.599756,32.07,0.86,-100.0,1
2016-02-25 13:50:17.030000+00:00,56.053512,160.601969,30.82,0.94,-0.682,1
2016-02-25 13:52:09.240000+00:00,56.051408,160.594727,29.19,0.8,-100.0,1
2016-02-25 13:53:48.340000+00:00,56.053939,160.600228,31.01,0.89,-100.0,1
2016-02-25 13:55:31.730000+00:00,56.061056,160.617432,36.02,1.0,-100.0,1
2016-02-25 13:56:50.360000+00:00,56.054053,160.598161,31.57,0.93,-100.0,1
2016-02-25 13:58:02.120000+00:00,56.051489,160.596191,30.42,0.8,-100.0,1
2016-02-25 13:59:30.450000+00:00,56.051339,160.598779,29.4,0.98,-100.0,1
2016-02-25 14:04:02.760000+00:00,56.055098,160.599121,31.75,0.89,-100.0,1
2016-02-25 14:04:43.930000+00:00,56.054102,160.596842,29.54,0.87,-0.629,1
2016-02-25 14:05:56.410000+00:00,56.052926,160.606152,30.77,1.24,-0.832,1
2016-02-25 14:08:01.540000+00:00,56.049947,160.603076,30.5,0.79,-100.0,1
2016-02-25 14:11:47.430000+00:00,56.056165,160.597412,31.38,0.91,-100.0,1
2016-02-25 14:18:01.310000+00:00,56.057682,160.598079,32.29,0.83,-100.0,1
2016-02-25 14:21:09.490000+00:00,56.046069,160.60389,28.8,1.45,-0.762,1
2016-02-25 14:22:04.680000+00:00,56.056335,160.597852,31.8,0.9,-100.0,1
2016-02-25 14:35:21.350000+00:00,56.056474,160.604476,31.83,0.86,-100.0,1
2016-02-25 14:43:50.360000+00:00,56.07795,160.63335,32.27,0.78,-100.0,1
2016-02-25 14:48:54.780000+00:00,56.019727,160.679736,17.08,0.42,-100.0,1
2016-02-25 14:50:15.310000+00:00,56.059676,160.602637,32.62,0.91,-100.0,1
2016-02-25 14:53:44.790000+00:00,56.056433,160.598958,31.59,0.84,-100.0,1
2016-02-25 15:02:03.170000+00:00,56.053577,160.59764,31.52,0.85,-100.0,1
2016-02-25 15:17:02.270000+00:00,56.048694,160.596973,28.82,0.88,-100.0,1
2016-02-25 15:23:48.030000+00:00,56.121887,160.458301,0.87,1.34,-0.464,1
2016-02-25 15:24:04.240000+00:00,56.048999,160.6021,29.22,1.7,-0.816,1
2016-02-25 15:25:52.180000+00:00,56.046419,160.598486,29.01,1.12,-100.0,1
2016-02-25 15:33:26.470000+00:00,56.043909,160.596305,27.27,0.88,-0.546,1
2016-02-25 15:37:52.060000+00:00,56.053963,160.596029,30.51,0.9,-100.0,1
2016-02-25 15:42:26.270000+00:00,56.127478,160.449886,4.17,1.01,-0.53,1
2016-02-25 16:05:12.720000+00:00,56.048515,160.599561,29.72,0.77,-100.0,1
2016-02-25 16:12:49.090000+00:00,56.052999,160.600521,29.84,0.76,-100.0,1
2016-02-25 16:17:02.500000+00:00,55.699272,160.432389,10.47,1.28,-0.242,1
2016-02-25 16:25:22.650000+00:00,56.049805,160.599593,29.81,0.89,-100.0,1
2016-02-25 16:26:13.130000+00:00,56.050216,160.595573,29.62,1.02,-100.0,1
2016-02-25 16:32:15.520000+00:00,56.054911,160.607031,31.28,1.31,-0.581,1
2016-02-25 16:38:38.140000+00:00,56.047644,160.594368,28.33,1.13,-0.682,1
2016-02-25 17:32:16.400000+00:00,56.066874,160.598503,38.02,0.9,-100.0,1
2016-02-25 17:41:16.820000+00:00,56.0604,160.613932,34.46,1.3,-0.503,1
2016-02-25 17:45:33.580000+00:00,56.127275,160.453874,8.61,0.75,-0.668,1
2016-02-25 18:10:26.260000+00:00,56.048966,160.598275,29.13,0.67,-100.0,1
2016-02-25 18:13:28.440000+00:00,56.046688,160.602441,29.7,1.47,-0.791,1
2016-02-25 19:01:16.680000+00:00,56.050281,160.60096,30.91,1.17,-0.686,1
2016-02-25 19:44:08.160000+00:00,56.054228,160.603369,32.84,0.93,-100.0,1
2016-02-25 20:38:27.120000+00:00,56.054179,160.603434,30.91,1.34,-0.647,1
2016-02-25 20:41:37.960000+00:00,56.050395,160.596436,29.03,0.73,-100.0,1
2016-02-25 20:44:14.660000+00:00,56.129215,160.441357,19.0,0.74,-100.0,1
2016-02-25 20:56:47.380000+00:00,56.048836,160.600098,30.52,1.05,-100.0,1
2016-02-25 21:04:43.160000+00:00,56.127507,160.449772,4.97,1.36,-0.504,1
2016-02-25 21:24:07.160000+00:00,56.045646,160.59751,29.32,0.96,-0.496,1
2016-02-25 21:46:28.520000+00:00,55.697298,160.412354,9.53,0.6,-0.269,1
2016-02-25 21:48:20.920000+00:00,55.667855,160.496696,8.67,0.3,-100.0,1
2016-02-25 21:54:34.700000+00:00,55.525692,160.32264,13.94,0.77,-100.0,1
2016-02-25 22:31:42.320000+00:00,56.04873,160.601855,29.29,1.11,-0.778,1
2016-02-25 22:32:41.340000+00:00,55.834509,160.38335,5.98,0.55,-0.441,1
2016-02-25 22:45:04.880000+00:00,55.701851,160.430062,13.43,0.93,-0.338,1
2016-02-25 22:51:51.320000+00:00,55.83842,160.375798,9.87,0.62,-0.953,1
2016-02-25 22:53:35.520000+00:00,55.831917,160.370215,10.32,0.41,-100.0,1
2016-02-25 22:56:01.220000+00:00,56.050712,160.605729,30.18,1.57,-0.719,1
2016-02-25 23:01:22.160000+00:00,55.837219,160.363835,11.71,0.36,-100.0,1
2016-02-25 23:03:58.720000+00:00,55.831604,160.364095,14.03,0.21,-100.0,1
2016-02-25 23:06:28.420000+00:00,55.839482,160.375863,14.59,0.43,-100.0,1
2016-02-25 23:36:47.480000+00:00,56.055119,160.59764,29.57,0.65,-100.0,1
2016-02-25 23:40:37.200000+00:00,56.055278,160.599056,30.76,0.74,-100.0,1
2016-02-25 23:43:54.320000+00:00,56.047778,160.598291,27.85,0.73,-100.0,1
2016-02-25 23:46:52.220000+00:00,55.858337,160.455013,22.49,0.73,-100.0,1
2016-02-26 00:50:41.920000+00:00,56.062524,160.600212,32.85,0.73,-100.0,1
2016-02-26 01:14:34.190000+00:00,56.051811,160.599756,31.74,0.96,-0.697,1
2016-02-26 01:22:35.700000+00:00,56.047648,160.600651,29.6,1.49,-0.815,1
2016-02-26 01:23:23.970000+00:00,56.064189,160.607796,34.31,0.96,-100.0,1
2016-02-26 01:24:15.810000+00:00,56.044482,160.607503,26.31,0.79,-100.0,1
2016-02-26 01:35:18.050000+00:00,56.053251,160.597314,29.95,0.84,-100.0,1
2016-02-26 01:53:05.160000+00:00,56.173596,160.355046,4.49,0.66,-0.726,1
2016-02-26 01:59:40.060000+00:00,56.051693,160.598812,31.98,1.31,-0.64,1
2016-02-26 02:16:19.090000+00:00,56.067619,160.596419,36.73,1.02,-100.0,1
2016-02-26 02:16:32.050000+00:00,55.657837,160.424398,9.8,0.76,-0.334,1
2016-02-26 02:21:45.880000+00:00,56.046505,160.59598,29.45,1.13,-0.599,1
2016-02-26 02:27:19.690000+00:00,55.794092,160.345459,-0.03,0.27,-100.0,1
2016-02-26 02:38:11.170000+00:00,56.13905,160.448779,12.76,0.51,-100.0,1
2016-02-26 02:39:27.440000+00:00,56.062781,160.563672,18.1,0.98,-0.697,1
2016-02-26 02:47:11.520000+00:00,56.061344,160.614925,36.52,1.09,-0.587,1
2016-02-26 02:55:27.780000+00:00,56.052458,160.602132,30.38,1.11,-100.0,1
2016-02-26 03:04:23.870000+00:00,56.0547,160.608708,32.67,0.97,-0.552,1
2016-02-26 03:12:28.970000+00:00,56.118559,160.457048,0.03,1.06,-0.595,1
2016-02-26 03:29:09.610000+00:00,56.046411,160.601986,28.8,1.13,-0.638,1
2016-02-26 03:34:25.900000+00:00,56.0519,160.615316,33.71,1.04,-0.597,1
2016-02-26 03:36:13.030000+00:00,55.928385,160.888542,14.96,1.02,-100.0,1
2016-02-26 03:40:33.950000+00:00,56.05894,160.599121,32.59,0.8,-100.0,1
2016-02-26 03:47:44.550000+00:00,56.05354,160.598242,29.81,0.84,-0.672,1
2016-02-26 03:53:47.780000+00:00,56.05,160.598079,29.3,0.88,-0.555,1
2016-02-26 03:59:02.190000+00:00,56.055562,160.612142,33.05,0.72,-100.0,1
2016-02-26 04:09:23.650000+00:00,56.059416,160.594694,31.94,0.79,-100.0,1
2016-02-26 04:18:48.430000+00:00,56.105501,160.813477,26.63,1.02,-0.178,1
2016-02-26 04:24:25.250000+00:00,56.05164,160.605664,30.84,1.36,-0.588,1
2016-02-26 04:29:31.150000+00:00,56.055912,160.611523,32.23,0.85,-0.59,1
2016-02-26 04:41:14.330000+00:00,56.050016,160.595654,29.59,0.84,-100.0,1
2016-02-26 04:55:52.900000+00:00,56.050985,160.604232,30.97,0.79,-0.57,1
2016-02-26 05:07:51.990000+00:00,56.03868,160.598454,25.85,0.75,-100.0,1
2016-02-26 05:19:40.820000+00:00,56.118974,160.458122,0.1,1.21,-0.666,1
2016-02-26 05:21:13.570000+00:00,56.048958,160.603516,29.65,1.19,-0.563,1
2016-02-26 05:32:53+00:00,56.119132,160.456641,0.11,0.84,-0.684,1
2016-02-26 05:44:51.170000+00:00,56.054317,160.607699,32.61,1.05,-0.633,1
2016-02-26 05:52:42.380000+00:00,56.055969,160.600895,31.8,0.88,-100.0,1
2016-02-26 05:59:22.210000+00:00,56.043994,160.568929,21.93,0.75,-100.0,1
2016-02-26 06:12:22.380000+00:00,56.053186,160.606429,31.47,0.92,-100.0,1
2016-02-26 06:39:46.320000+00:00,56.055941,160.594613,30.43,0.82,-100.0,1
2016-02-26 06:40:26.700000+00:00,56.056474,160.598747,31.03,0.75,-100.0,1
2016-02-26 06:52:15.600000+00:00,56.118091,160.457096,-0.05,1.06,-0.635,1
2016-02-26 07:00:46.890000+00:00,56.056002,160.603027,32.2,0.85,-100.0,1
2016-02-26 07:01:22.460000+00:00,56.179277,160.996305,24.84,1.84,-0.141,1
2016-02-26 07:13:44.640000+00:00,56.052051,160.602523,31.01,0.73,-100.0,1
2016-02-26 07:22:15.100000+00:00,56.061035,160.621126,36.23,0.78,-100.0,1
2016-02-26 07:29:27+00:00,56.057987,160.607943,33.3,0.97,-100.0,1
2016-02-26 07:30:00.320000+00:00,56.054036,160.606006,31.74,1.43,-0.68,1
2016-02-26 07:30:58.940000+00:00,56.045439,160.602018,27.68,1.14,-0.656,1
2016-02-26 07:36:12.760000+00:00,56.05603,160.601823,32.73,0.93,-0.597,1
2016-02-26 07:53:24.260000+00:00,56.117228,160.45721,-0.09,0.91,-0.262,1
2016-02-26 07:56:56.270000+00:00,56.056946,160.597998,30.74,0.65,-100.0,1
2016-02-26 07:57:50.860000+00:00,56.054797,160.60109,29.61,0.73,-100.0,1
2016-02-26 08:08:31.050000+00:00,56.053507,160.604557,32.24,0.77,-100.0,1
2016-02-26 08:12:29.440000+00:00,56.035376,160.597347,26.03,0.76,-100.0,1
2016-02-26 08:36:55.330000+00:00,56.059033,160.603711,34.18,1.14,-0.723,1
2016-02-26 08:44:02.960000+00:00,56.118404,160.45695,-0.04,0.9,-0.479,1
2016-02-26 08:59:35.260000+00:00,56.050195,160.592367,27.91,0.7,-100.0,1
2016-02-26 09:05:07.910000+00:00,56.050911,160.607422,33.22,1.0,-0.648,1
2016-02-26 09:12:00.840000+00:00,56.049487,160.595768,28.24,0.86,-100.0,1
2016-02-26 09:15:02.230000+00:00,56.053084,160.606283,29.96,0.92,-0.579,1
2016-02-26 09:37:15.210000+00:00,56.253031,160.449219,25.07,0.42,-100.0,1
2016-02-26 09:46:45.860000+00:00,56.04327,160.591423,26.26,0.66,-100.0,1
2016-02-26 09:51:50.340000+00:00,56.046692,160.60026,29.24,0.97,-0.458,1
2016-02-26 09:58:11.540000+00:00,56.059094,160.611719,35.23,1.15,-0.711,1
2016-02-26 10:08:39.910000+00:00,56.052218,160.59305,29.17,0.69,-100.0,1
2016-02-26 10:25:05.290000+00:00,56.036393,160.600277,23.19,0.92,-0.627,1
2016-02-26 10:39:44.900000+00:00,56.076685,160.481022,4.4,0.5,-100.0,1
2016-02-26 10:42:08.940000+00:00,56.045508,160.603711,30.13,0.94,-0.651,1
2016-02-26 11:01:23.410000+00:00,56.079297,160.593896,31.45,0.73,-100.0,1
2016-02-26 11:10:23.420000+00:00,56.069727,160.610563,39.66,1.23,-0.602,1
2016-02-26 11:39:24.030000+00:00,56.0521,160.604736,30.81,0.79,-0.702,1
2016-02-26 11:42:53.180000+00:00,56.051168,160.610824,33.0,0.78,-0.643,1
2016-02-26 11:56:03.130000+00:00,56.178414,160.982031,24.49,0.61,-100.0,1
2016-02-26 12:01:38.360000+00:00,56.047477,160.602799,29.78,0.81,-0.66,1
2016-02-26 12:11:57.640000+00:00,56.232019,160.859896,23.28,1.14,-0.137,1
2016-02-26 12:15:32.400000+00:00,56.126241,160.448356,4.83,0.92,-0.461,1
2016-02-26 12:34:18.280000+00:00,56.058757,160.610286,34.89,1.23,-0.665,1
2016-02-26 12:39:54.210000+00:00,55.833232,160.493424,0.63,0.64,-100.0,1
2016-02-26 12:42:15.880000+00:00,56.11779,160.456364,-0.06,0.79,-0.562,1
2016-02-26 13:13:53.730000+00:00,56.129846,160.451188,7.92,0.31,-0.456,1
2016-02-26 13:16:59.480000+00:00,56.118351,160.456706,0.0,0.78,-0.523,1
2016-02-26 13:29:40.300000+00:00,56.110539,160.531787,10.54,0.53,-100.0,1
2016-02-26 13:32:07.670000+00:00,56.055509,160.602214,31.65,1.1,-0.613,1
2016-02-26 13:37:52.050000+00:00,55.986304,160.919889,21.41,0.98,-0.714,1
2016-02-26 13:58:36.680000+00:00,56.044165,160.596322,29.23,0.87,-0.613,1
2016-02-26 14:32:09.220000+00:00,56.055811,160.612321,33.49,0.9,-100.0,1
2016-02-26 15:10:42.890000+00:00,56.053894,160.605062,31.8,1.41,-0.812,1
2016-02-26 15:21:25.590000+00:00,56.104797,160.551188,12.26,0.39,-0.651,1
2016-02-26 15:45:07.040000+00:00,56.119348,160.444906,-0.78,0.24,-100.0,1
2016-02-26 15:49:29.660000+00:00,56.044104,160.594727,26.7,0.9,-0.539,1
2016-02-26 16:02:13.910000+00:00,56.152144,160.678564,-0.54,0.87,-100.0,1
2016-02-26 16:06:56.670000+00:00,56.117594,160.457861,-0.1,0.58,-0.506,1
2016-02-26 16:14:57.040000+00:00,56.054301,160.602002,33.18,0.9,-0.687,1
2016-02-26 16:26:47.610000+00:00,56.041402,160.603564,28.27,0.81,-0.652,1
2016-02-26 16:42:38.700000+00:00,56.118498,160.457503,0.02,0.93,-0.576,1
2016-02-26 16:46:24.200000+00:00,56.046745,160.600586,30.05,1.38,-0.713,1
2016-02-26 16:48:43.670000+00:00,56.043823,160.60179,29.29,0.89,-0.708,1
2016-02-26 17:18:42.280000+00:00,56.071309,160.629297,4.38,0.47,-100.0,1
2016-02-26 17:49:03.520000+00:00,56.044942,160.601937,29.16,0.81,-0.657,1
2016-02-26 17:55:49.640000+00:00,56.05769,160.614144,34.0,0.6,-100.0,1
2016-02-26 18:06:41.760000+00:00,56.056258,160.607992,32.34,1.18,-0.679,1
2016-02-26 18:11:44.460000+00:00,56.124117,160.449463,0.84,0.91,-0.469,1
2016-02-26 18:14:42.900000+00:00,56.04366,160.595703,28.66,0.94,-0.584,1
2016-02-26 18:18:23.840000+00:00,56.057959,160.611279,32.67,0.5,-100.0,1
2016-02-26 18:19:34.120000+00:00,56.14552,160.565332,6.29,0.58,-0.649,1
2016-02-26 19:04:40.820000+00:00,56.038379,160.59484,24.9,1.03,-0.721,1
2016-02-26 19:21:09.580000+00:00,56.051701,160.597803,29.17,0.52,-100.0,1
2016-02-26 19:29:37.320000+00:00,56.053731,160.603841,31.04,1.3,-0.68,1
2016-02-26 19:34:14.640000+00:00,56.041077,160.599072,27.84,0.75,-100.0,1
2016-02-26 19:56:11.360000+00:00,56.057719,160.608252,33.33,0.8,-100.0,1
2016-02-26 20:00:56.760000+00:00,56.042008,160.600439,28.66,0.96,-0.775,1
2016-02-26 20:20:49.560000+00:00,56.115344,160.487467,11.79,0.18,-100.0,1
2016-02-26 20:31:25.040000+00:00,56.117045,160.462044,0.75,0.74,-0.64,1
2016-02-26 20:42:33.920000+00:00,56.045524,160.596403,29.76,0.99,-0.578,1
2016-02-26 21:37:13+00:00,56.056392,160.605469,32.86,1.07,-0.557,1
2016-02-26 21:56:08.720000+00:00,56.047974,160.600814,29.6,0.97,-0.624,1
2016-02-26 22:02:26.120000+00:00,56.118921,160.457747,-0.1,0.6,-0.479,1
2016-02-26 22:08:52.840000+00:00,56.037366,160.593522,24.57,0.9,-0.692,1
2016-02-26 22:31:43.520000+00:00,56.045951,160.600244,30.32,0.71,-0.676,1
2016-02-26 22:51:04.880000+00:00,56.046143,160.601383,29.45,0.67,-0.532,1
2016-02-26 23:21:54.240000+00:00,56.120394,160.458301,0.73,1.4,-0.63,1
2016-02-26 23:22:54.200000+00:00,56.1217,160.45931,0.79,1.03,-0.505,1
2016-02-26 23:23:34.200000+00:00,56.05085,160.599951,30.51,0.67,-100.0,1
2016-02-26 23:31:57.740000+00:00,56.05861,160.603141,33.16,0.54,-100.0,1
2016-02-26 23:45:01.480000+00:00,55.667834,160.64777,16.76,0.86,-0.078,1
2016-02-27 00:00:11.010000+00:00,56.050924,160.599528,29.47,0.93,-0.767,1
2016-02-27 00:11:40.250000+00:00,56.052527,160.604297,29.92,0.85,-0.545,1
2016-02-27 01:00:45.160000+00:00,56.045492,160.599593,29.57,1.26,-0.906,1
2016-02-27 01:12:23.940000+00:00,56.051152,160.603646,32.19,0.89,-0.601,1
2016-02-27 01:28:22.110000+00:00,56.064022,160.613542,37.91,1.03,-0.842,1
2016-02-27 01:54:25.790000+00:00,56.118233,160.459115,0.53,1.69,-0.534,1
2016-02-27 02:23:40.860000+00:00,56.05306,160.608854,30.51,0.86,-0.55,1
2016-02-27 02:26:31.520000+00:00,56.054338,160.60708,33.76,0.8,-0.8,1
2016-02-27 02:50:38.410000+00:00,56.051762,160.606201,29.02,0.96,-0.646,1
2016-02-27 03:14:16.060000+00:00,56.121798,160.553271,8.65,0.74,-0.781,1
2016-02-27 03:35:41.830000+00:00,56.047371,160.597038,28.27,0.39,-100.0,1
2016-02-27 03:49:57.440000+00:00,56.057491,160.610075,33.12,1.01,-0.592,1
2016-02-27 04:03:09.810000+00:00,56.046191,160.602246,30.0,0.87,-100.0,1
2016-02-27 04:32:54.470000+00:00,56.089115,160.42373,-1.0,0.61,-0.704,1
2016-02-27 05:24:49+00:00,56.053463,160.596305,29.59,0.52,-100.0,1
2016-02-27 05:25:48.070000+00:00,56.050541,160.599935,30.9,1.07,-0.66,1
2016-02-27 05:51:44.180000+00:00,56.125407,160.42277,0.89,0.53,-100.0,1
2016-02-27 06:09:07.530000+00:00,56.05988,160.622005,32.49,1.58,-0.655,1
2016-02-27 06:10:25.340000+00:00,56.12124,160.458545,0.83,1.54,-0.457,1
2016-02-27 06:21:22.240000+00:00,56.05201,160.604671,31.88,1.09,-0.808,1
2016-02-27 06:29:40.930000+00:00,56.055192,160.597445,31.65,0.77,-0.512,1
2016-02-27 06:55:42.060000+00:00,56.125065,160.453727,4.3,1.27,-0.43,1
2016-02-27 06:58:32.760000+00:00,56.046798,160.60083,30.4,0.91,-0.795,1
2016-02-27 07:00:49.320000+00:00,56.138049,160.4514,12.08,0.41,-0.612,1
2016-02-27 07:04:19.920000+00:00,56.052063,160.603955,30.38,0.88,-0.713,1
2016-02-27 07:07:35.890000+00:00,56.046094,160.604036,29.97,0.88,-0.598,1
2016-02-27 07:16:45.590000+00:00,56.119401,160.45752,0.05,0.76,-0.419,1
2016-02-27 07:22:39.570000+00:00,56.126969,160.892448,24.91,0.78,-0.252,1
2016-02-27 07:43:53.490000+00:00,56.120988,160.456755,0.57,0.78,-0.51,1
2016-02-27 07:46:41.440000+00:00,56.061702,160.611898,34.72,0.88,-0.448,1
2016-02-27 07:47:39.360000+00:00,56.126876,160.445947,5.41,0.56,-100.0,1
2016-02-27 08:12:14.670000+00:00,56.119446,160.459001,0.57,1.36,-0.595,1
2016-02-27 08:56:54.890000+00:00,56.0507,160.609717,3.75,0.6,-0.523,1
2016-02-27 09:06:39+00:00,56.044336,160.596956,29.73,0.87,-0.715,1
2016-02-27 09:11:14.880000+00:00,56.056038,160.603564,32.67,0.88,-0.594,1
2016-02-27 09:12:23.920000+00:00,56.047042,160.601025,29.15,1.09,-0.764,1
2016-02-27 09:13:31.210000+00:00,56.049752,160.602393,31.42,0.99,-0.608,1
2016-02-27 09:18:50.520000+00:00,56.058529,160.604281,32.91,0.61,-100.0,1
2016-02-27 09:19:22.600000+00:00,56.155941,160.877718,26.16,0.97,-0.169,1
2016-02-27 09:37:18.730000+00:00,56.12076,160.45918,0.79,1.18,-0.469,1
2016-02-27 09:59:52.610000+00:00,56.051603,160.60179,30.6,0.73,-100.0,1
2016-02-27 10:05:57.470000+00:00,55.699386,160.434993,9.43,0.48,-0.267,1
2016-02-27 10:08:30.170000+00:00,56.072856,160.673258,24.25,0.63,-0.253,1
2016-02-27 10:27:38.520000+00:00,56.047034,160.605387,30.89,0.55,-100.0,1
2016-02-27 10:41:24.370000+00:00,56.051538,160.598389,30.13,0.66,-0.595,1
2016-02-27 10:44:05.540000+00:00,56.046912,160.603825,31.55,0.82,-0.582,1
2016-02-27 11:01:41.050000+00:00,56.054496,160.609001,31.53,1.08,-0.545,1
2016-02-27 12:10:38.860000+00:00,56.049829,160.60166,31.86,0.89,-0.659,1
2016-02-27 12:24:39.550000+00:00,56.054228,160.604671,31.27,1.03,-0.723,1
2016-02-27 12:42:39.460000+00:00,56.118986,160.443848,10.29,0.66,-100.0,1
2016-02-27 12:57:01.810000+00:00,56.033521,160.349772,34.65,0.87,-0.639,1
2016-02-27 13:18:36.850000+00:00,56.047697,160.601221,31.12,0.99,-0.687,1
2016-02-27 13:30:26.100000+00:00,56.12137,160.457161,0.93,1.49,-0.502,1
2016-02-27 13:31:36.730000+00:00,55.70933,160.429362,13.28,1.05,-0.183,1
2016-02-27 14:01:13.580000+00:00,56.05494,160.611084,32.68,1.29,-0.772,1
2016-02-27 14:06:41.560000+00:00,56.046708,160.600993,29.51,0.82,-0.656,1
2016-02-27 14:14:20.650000+00:00,56.118136,160.560384,7.3,0.37,-0.789,1
2016-02-27 14:28:54.820000+00:00,56.121838,160.460677,0.79,1.3,-0.443,1
2016-02-27 14:32:44.320000+00:00,56.093787,160.383659,14.22,0.42,-100.0,1
2016-02-27 14:38:39.020000+00:00,56.058191,160.617025,36.33,0.75,-0.627,1
2016-02-27 14:46:42.730000+00:00,56.107703,160.456185,0.05,0.43,-0.682,1
2016-02-27 14:50:21.640000+00:00,56.046916,160.598519,28.84,0.64,-0.493,1
2016-02-27 15:10:45.880000+00:00,56.122432,160.458366,0.94,1.28,-0.43,1
2016-02-27 15:37:10.310000+00:00,56.048088,160.58693,27.1,0.52,-100.0,1
2016-02-27 15:44:05.880000+00:00,56.052836,160.604118,31.43,1.19,-0.632,1
2016-02-27 16:05:45.500000+00:00,56.058447,160.609505,35.53,0.72,-0.596,1
2016-02-27 16:10:36.990000+00:00,56.044364,160.599186,26.96,1.0,-0.651,1
2016-02-27 16:13:08.500000+00:00,56.046659,160.598193,29.68,1.22,-0.798,1
2016-02-27 16:40:06.170000+00:00,56.059237,160.614941,36.02,1.03,-0.616,1
2016-02-27 16:57:04.650000+00:00,56.0486,160.602327,31.28,0.94,-0.704,1
2016-02-27 17:11:20.080000+00:00,55.945764,160.833057,-0.23,1.03,0.071,1
2016-02-27 17:42:18.540000+00:00,56.127364,160.73361,22.89,0.88,-0.221,1
2016-02-27 17:46:46.300000+00:00,56.121045,160.459212,11.46,0.22,-0.527,1
2016-02-27 17:48:30.240000+00:00,55.958838,160.820068,14.55,0.56,-100.0,1
2016-02-27 17:53:32.320000+00:00,56.05861,160.610335,33.37,1.32,-0.562,1
2016-02-27 18:06:55.280000+00:00,55.795394,160.829834,6.25,0.48,-100.0,1
2016-02-27 18:13:00.840000+00:00,56.072123,160.632389,14.5,0.77,-100.0,1
2016-02-27 18:16:55.980000+00:00,56.062349,160.618587,14.65,1.09,-0.835,1
2016-02-27 18:22:58.880000+00:00,56.056669,160.617399,14.77,0.68,-100.0,1
2016-02-27 18:23:24.160000+00:00,56.047632,160.611442,27.87,1.09,-100.0,1
2016-02-27 18:53:02.560000+00:00,56.052401,160.606576,30.98,1.14,-0.628,1
2016-02-27 19:52:11.720000+00:00,56.057662,160.611361,32.18,1.21,-0.568,1
2016-02-27 19:55:01.720000+00:00,56.365385,160.894352,23.86,1.52,-0.213,1
2016-02-27 20:10:54.640000+00:00,56.053186,160.605013,30.51,0.71,-0.677,1
2016-02-27 20:18:57.120000+00:00,56.050248,160.60262,31.1,1.06,-0.724,1
2016-02-27 20:38:43.820000+00:00,56.12109,160.458659,0.87,1.46,-0.428,1
2016-02-27 21:21:40.540000+00:00,56.054765,160.608301,32.23,1.21,-0.545,1
2016-02-27 21:29:19.980000+00:00,56.069694,160.628337,37.58,0.66,-100.0,1
2016-02-27 21:44:25.680000+00:00,56.108842,160.392985,7.66,0.41,-0.423,1
2016-02-27 21:52:29.620000+00:00,55.825985,160.51849,14.32,0.7,-0.427,1
2016-02-27 22:00:05.040000+00:00,56.049556,160.608626,30.74,0.83,-0.749,1
2016-02-27 22:06:55.900000+00:00,56.05225,160.604395,30.5,1.12,-0.599,1
2016-02-27 22:37:00.800000+00:00,56.121277,160.450798,0.7,0.39,-0.599,1
2016-02-27 22:43:16.320000+00:00,56.128979,160.448014,0.6,0.11,-100.0,1
2016-02-27 23:07:59.600000+00:00,56.125028,160.453841,4.3,1.21,-0.479,1
2016-02-27 23:11:06.080000+00:00,56.051733,160.607666,30.66,1.04,-0.66,1
2016-02-27 23:31:43.660000+00:00,56.058301,160.610645,34.16,0.5,-100.0,1
2016-02-27 23:53:23.640000+00:00,56.122534,160.453792,0.59,1.21,-0.689,1
2016-02-28 00:01:36.640000+00:00,56.118237,160.458138,0.66,1.32,-0.465,1
2016-02-28 00:14:33.920000+00:00,56.056946,160.60179,32.45,0.94,-0.556,1
2016-02-28 00:15:23.320000+00:00,56.04386,160.597689,29.66,0.93,-0.674,1
2016-02-28 00:21:51.420000+00:00,56.049382,160.604915,31.3,0.9,-0.724,1
2016-02-28 00:35:26.830000+00:00,55.826933,160.359896,1.42,0.69,-1.258,1
2016-02-28 00:37:30.770000+00:00,55.82782,160.377669,1.4,0.29,-100.0,1
2016-02-28 00:38:39.760000+00:00,55.826729,160.381022,2.29,0.23,-0.835,1
2016-02-28 00:39:12.200000+00:00,55.829635,160.387191,1.46,0.18,-100.0,1
2016-02-28 00:39:40.440000+00:00,55.830986,160.379687,3.19,0.53,-0.914,1
2016-02-28 00:42:04.400000+00:00,55.829932,160.378564,8.77,0.3,-100.0,1
2016-02-28 00:44:18.310000+00:00,55.829924,160.379378,6.76,0.98,-1.066,1
2016-02-28 00:45:19.160000+00:00,55.832345,160.381006,6.9,1.07,-0.845,1
2016-02-28 00:45:58.270000+00:00,55.832511,160.383724,6.69,1.1,-0.861,1
2016-02-28 00:46:33.340000+00:00,55.834847,160.38374,6.78,1.22,-1.179,1
2016-02-28 00:47:44.730000+00:00,55.833777,160.381364,7.18,0.96,-100.0,1
2016-02-28 00:48:51.110000+00:00,55.83057,160.382438,7.35,1.08,-100.0,1
2016-02-28 00:50:46.710000+00:00,56.058931,160.60988,33.65,1.22,-0.721,1
2016-02-28 00:54:23.680000+00:00,55.787744,160.337646,0.63,0.02,-100.0,1
2016-02-28 01:00:28.790000+00:00,55.837484,160.380778,13.47,0.94,-0.761,1
2016-02-28 01:00:46.680000+00:00,55.837138,160.388151,12.67,1.24,-100.0,1
2016-02-28 01:02:10.710000+00:00,55.838208,160.385059,13.5,0.84,-0.838,1
2016-02-28 01:03:17.910000+00:00,55.837956,160.407275,14.91,0.43,-0.518,1
2016-02-28 01:03:50.710000+00:00,56.061064,160.448828,34.33,1.35,-100.0,1
2016-02-28 01:05:41.360000+00:00,55.839213,160.402995,16.39,0.85,-0.692,1
2016-02-28 01:10:13.240000+00:00,55.836332,160.400081,17.01,0.37,-100.0,1
2016-02-28 01:12:27.270000+00:00,55.837553,160.370166,9.69,0.48,-100.0,1
2016-02-28 01:40:22.540000+00:00,55.703996,160.458919,10.98,0.32,-0.33,1
2016-02-28 02:15:48.710000+00:00,56.049858,160.603418,31.94,1.12,-0.735,1
2016-02-28 02:24:55.860000+00:00,56.051261,160.600505,29.8,0.93,-0.581,1
2016-02-28 03:08:37.770000+00:00,56.125407,160.453418,4.44,1.52,-0.512,1
2016-02-28 03:33:25.820000+00:00,56.057495,160.608675,33.67,1.33,-0.684,1
2016-02-28 03:37:53.180000+00:00,56.050692,160.602588,32.24,0.82,-100.0,1
2016-02-28 03:49:03.980000+00:00,56.049182,160.604085,30.38,1.02,-0.771,1
2016-02-28 04:04:09.450000+00:00,56.042961,160.597559,27.86,0.79,-0.561,1
2016-02-28 04:24:07.610000+00:00,56.056759,160.615023,34.31,0.75,-0.555,1
2016-02-28 04:50:13.160000+00:00,56.044421,160.604834,30.27,0.96,-0.704,1
2016-02-28 04:52:46.450000+00:00,56.111646,160.466325,-0.1,0.42,-100.0,1
2016-02-28 05:35:14.270000+00:00,56.054696,160.605664,33.19,0.89,-0.624,1
2016-02-28 05:37:50.740000+00:00,55.828503,160.365283,-0.27,0.13,-100.0,1
2016-02-28 05:50:36.950000+00:00,55.519666,160.288118,14.1,1.22,-0.128,1
2016-02-28 06:03:08.620000+00:00,56.061389,160.61735,35.68,0.94,-0.648,1
2016-02-28 06:14:25.310000+00:00,56.044275,160.598551,29.21,0.78,-0.619,1
2016-02-28 06:20:35.920000+00:00,56.118172,160.457585,-0.04,1.19,-0.528,1
2016-02-28 06:33:07.420000+00:00,56.116659,160.462467,2.74,0.39,-0.727,1
2016-02-28 06:35:32.650000+00:00,56.133639,160.453044,10.84,0.63,-0.461,1
2016-02-28 06:37:09.380000+00:00,56.054598,160.60651,36.06,0.68,-100.0,1
2016-02-28 06:54:24.190000+00:00,56.051261,160.608512,32.06,1.16,-0.701,1
2016-02-28 07:00:09.770000+00:00,56.122925,160.457129,4.69,1.3,-0.38,1
2016-02-28 07:17:48.990000+00:00,55.757406,160.462061,7.9,0.44,-0.467,1
2016-02-28 07:21:31.990000+00:00,56.11991,160.452295,-0.75,0.36,-0.524,1
2016-02-28 07:56:18.580000+00:00,56.060893,160.623535,32.8,0.94,-0.558,1
2016-02-28 08:29:34.690000+00:00,56.051969,160.600814,31.3,0.89,-0.669,1
2016-02-28 08:35:12.290000+00:00,56.04528,160.600423,28.09,0.8,-0.749,1
2016-02-28 08:52:47.730000+00:00,56.16816,160.90529,23.79,1.0,-0.164,1
2016-02-28 09:15:50.140000+00:00,55.605815,160.446729,21.22,0.92,-100.0,1
2016-02-28 09:29:45.180000+00:00,56.082735,160.816699,20.9,1.46,-0.701,1
2016-02-28 09:42:18.710000+00:00,56.121045,160.457715,0.86,1.37,-0.471,1
2016-02-28 09:46:12.290000+00:00,56.058289,160.60459,33.12,0.71,-0.475,1
2016-02-28 10:14:28.620000+00:00,56.052791,160.602409,31.72,0.51,-100.0,1
2016-02-28 10:16:39.170000+00:00,56.059306,160.591455,33.24,1.11,-0.656,1
2016-02-28 10:43:49.430000+00:00,56.05811,160.604622,33.04,1.06,-0.51,1
2016-02-28 10:48:11.750000+00:00,56.060612,160.609945,34.36,0.58,-100.0,1
2016-02-28 11:07:29.160000+00:00,56.117985,160.448958,0.2,0.08,-100.0,1
2016-02-28 11:15:15.700000+00:00,56.055847,160.603906,32.7,0.52,-100.0,1
2016-02-28 11:18:16.810000+00:00,56.059644,160.612858,34.96,1.57,-0.641,1
2016-02-28 11:18:20.030000+00:00,56.050281,160.604346,30.31,1.37,-0.641,1
2016-02-28 11:48:31.370000+00:00,55.588025,160.503906,27.45,1.01,-100.0,1
2016-02-28 11:49:51.570000+00:00,56.058053,160.613053,33.41,1.29,-0.588,1
2016-02-28 12:00:45.080000+00:00,55.940556,160.613542,10.96,0.51,-100.0,1
2016-02-28 12:18:30.500000+00:00,56.058411,160.604281,33.23,0.71,-0.611,1
2016-02-28 12:20:59.980000+00:00,56.051855,160.605843,30.8,1.02,-0.824,1
2016-02-28 12:29:45.200000+00:00,55.702271,160.41709,12.5,0.61,-0.283,1
2016-02-28 12:42:09.920000+00:00,55.69659,160.477669,-0.03,0.33,-100.0,1
2016-02-28 13:04:46.930000+00:00,56.050899,160.589958,26.95,0.64,-0.539,1
2016-02-28 13:07:14.850000+00:00,56.044625,160.599821,26.44,0.64,-100.0,1
2016-02-28 13:13:59.850000+00:00,56.062256,160.619808,36.67,0.59,-100.0,1
2016-02-28 13:41:07.120000+00:00,55.827279,160.35944,0.57,0.09,-100.0,1
2016-02-28 13:43:40.930000+00:00,56.056002,160.600472,31.81,0.67,-100.0,1
2016-02-28 13:48:25.910000+00:00,56.054032,160.595817,31.09,0.77,-0.639,1
2016-02-28 14:14:05.680000+00:00,55.716683,160.438281,11.03,0.42,-0.388,1
2016-02-28 14:17:50.170000+00:00,56.059639,160.610091,33.03,1.3,-0.664,1
2016-02-28 14:45:47.230000+00:00,56.05426,160.598682,30.99,0.73,-0.637,1
2016-02-28 15:14:33.910000+00:00,56.054529,160.607406,31.79,0.86,-0.672,1
2016-02-28 15:21:19.610000+00:00,56.132495,160.462663,5.54,0.77,-0.875,1
2016-02-28 15:36:07.720000+00:00,56.129419,160.456104,0.77,0.55,-0.444,1
2016-02-28 15:45:21.220000+00:00,56.047205,160.603548,31.19,0.65,-100.0,1
2016-02-28 15:56:16.970000+00:00,56.124723,160.454899,3.98,1.31,-0.452,1
2016-02-28 16:03:05.170000+00:00,56.048002,160.601579,28.01,0.87,-0.671,1
2016-02-28 16:08:54.200000+00:00,56.101664,160.407031,7.52,0.51,-100.0,1
2016-02-28 16:28:05.840000+00:00,56.044291,160.598128,28.75,0.64,-0.533,1
2016-02-28 17:02:54.160000+00:00,56.053593,160.617562,36.87,0.97,-0.581,1
2016-02-28 17:09:37.120000+00:00,56.118876,160.458285,0.61,1.54,-0.518,1
2016-02-28 17:17:48.600000+00:00,56.04598,160.60096,29.45,1.25,-0.716,1
2016-02-28 17:25:43.800000+00:00,55.784013,160.68138,19.16,0.57,-0.367,1
2016-02-28 17:47:46.200000+00:00,56.127397,160.45319,5.12,1.0,-0.872,1
2016-02-28 18:09:05.840000+00:00,56.177584,160.962451,22.35,1.13,-0.236,1
2016-02-28 18:14:37.480000+00:00,56.13009,160.454167,7.86,0.52,-0.495,1
2016-02-28 18:25:46.120000+00:00,56.049626,160.602995,29.56,0.96,-0.686,1
2016-02-28 18:37:00.360000+00:00,55.591003,160.502197,27.32,0.76,-100.0,1
2016-02-28 18:40:33.320000+00:00,55.520105,160.872135,10.95,0.29,-100.0,1
2016-02-28 18:51:26.140000+00:00,56.113265,160.474089,7.06,0.78,-0.477,1
2016-02-28 18:52:07.380000+00:00,56.125183,160.449235,-0.82,0.63,-0.709,1
2016-02-28 18:56:55.800000+00:00,56.058948,160.598812,31.88,0.7,-0.519,1
2016-02-28 19:04:32.120000+00:00,55.741443,160.576693,12.59,1.02,-0.31,1
2016-02-28 19:11:11.600000+00:00,55.674906,160.964714,3.74,1.0,-0.227,1
2016-02-28 19:29:27.080000+00:00,56.049361,160.600505,28.46,0.87,-0.654,1
2016-02-28 19:57:22.500000+00:00,56.04729,160.598047,28.61,1.01,-0.657,1
2016-02-28 20:45:14.720000+00:00,56.051949,160.607227,27.39,1.06,-0.718,1
2016-02-28 20:59:08.440000+00:00,56.042631,160.597754,27.86,0.73,-100.0,1
2016-02-28 21:10:13.700000+00:00,56.044043,160.604867,29.2,0.75,-0.649,1
2016-02-28 21:12:05.840000+00:00,56.051025,160.602181,30.37,1.0,-0.583,1
2016-02-28 21:24:10.520000+00:00,56.050712,160.604281,30.04,1.01,-0.752,1
2016-02-28 21:27:00.020000+00:00,56.133744,160.444434,5.26,0.48,-0.781,1
2016-02-28 21:32:33.260000+00:00,56.118742,160.458187,0.63,1.41,-0.596,1
2016-02-28 21:58:20.920000+00:00,56.059859,160.612826,34.82,0.78,-0.669,1
2016-02-28 22:38:44.800000+00:00,56.127559,160.442399,0.8,0.26,-100.0,1
2016-02-28 22:52:38.080000+00:00,56.125667,160.452962,4.62,1.51,-0.495,1
2016-02-28 23:02:31.600000+00:00,56.058765,160.604004,33.59,1.44,-0.773,1
2016-02-28 23:15:08.360000+00:00,56.044963,160.602539,28.8,1.15,-0.744,1
2016-02-28 23:42:14.880000+00:00,56.118359,160.457992,-0.1,0.67,-0.512,1
2016-02-29 00:25:45.140000+00:00,56.122693,160.457568,1.06,1.16,-0.453,2
2016-02-29 00:36:52.370000+00:00,56.121753,160.454215,0.58,0.59,-0.547,2
2016-02-29 00:40:38.370000+00:00,55.829586,160.380534,1.21,0.4,-0.813,2
2016-02-29 00:43:02.630000+00:00,56.053861,160.599398,32.16,0.88,-0.679,2
2016-02-29 00:43:27.700000+00:00,56.059424,160.60363,32.96,0.91,-100.0,2
2016-02-29 01:04:37.840000+00:00,56.047355,160.615706,32.07,0.92,-100.0,2
2016-02-29 01:17:26.260000+00:00,55.843217,160.410417,16.18,0.57,-1.104,2
2016-02-29 01:56:18.690000+00:00,56.046179,160.600993,28.73,0.5,-100.0,2
2016-02-29 02:29:32.230000+00:00,56.122819,160.451416,1.66,1.36,-0.469,2
2016-02-29 02:35:22.340000+00:00,56.063676,160.619613,37.17,1.38,-0.695,2
2016-02-29 02:43:45.540000+00:00,56.047591,160.605387,30.75,1.09,-0.664,2
2016-02-29 02:47:31.460000+00:00,56.115666,160.470003,0.04,0.73,-0.854,2
2016-02-29 02:53:22.660000+00:00,55.830432,160.362598,-0.02,0.79,-0.978,2
2016-02-29 03:44:22.570000+00:00,56.043933,160.597933,32.35,0.6,-0.636,2
2016-02-29 03:46:56.070000+00:00,56.056803,160.608577,32.96,0.86,-0.593,2
2016-02-29 04:38:41.270000+00:00,56.04895,160.594727,29.3,0.85,-0.596,2
2016-02-29 04:58:53.490000+00:00,56.034993,160.593766,24.56,1.11,-100.0,2
2016-02-29 05:20:07.520000+00:00,56.054761,160.606982,32.8,1.19,-0.607,2
2016-02-29 05:27:21.160000+00:00,55.704517,160.425228,13.61,0.95,-0.226,2
2016-02-29 05:50:18.220000+00:00,56.118547,160.45682,0.02,1.0,-0.494,2
2016-02-29 06:29:16.710000+00:00,56.056388,160.602246,31.07,0.68,-0.567,2
2016-02-29 06:47:00.750000+00:00,56.057926,160.608464,34.67,0.9,-0.711,2
2016-02-29 07:56:21.100000+00:00,56.043848,160.598568,27.02,1.37,-0.878,2
2016-02-29 09:37:10.320000+00:00,55.717529,160.466195,0.38,0.35,-0.072,2
2016-02-29 10:01:01.570000+00:00,56.119238,160.458105,0.67,1.65,-0.498,2
2016-02-29 10:18:23.300000+00:00,56.049524,160.60848,30.09,1.52,-0.772,2
2016-02-29 10:22:35.820000+00:00,56.062504,160.593848,33.56,0.61,-100.0,2
2016-02-29 10:24:42.950000+00:00,55.830693,160.411035,14.43,0.27,-100.0,2
2016-02-29 11:00:26.940000+00:00,56.119246,160.446061,-0.27,0.43,-100.0,2
2016-02-29 11:52:35.900000+00:00,56.129423,160.45415,9.52,0.16,-100.0,2
2016-02-29 12:08:10.560000+00:00,56.054122,160.607031,32.52,0.55,-100.0,2
2016-02-29 12:52:15.690000+00:00,56.114372,160.4611,9.97,0.63,-0.725,2
2016-02-29 13:02:52.670000+00:00,55.719181,160.445654,15.03,0.89,-0.147,2
2016-02-29 13:08:01.050000+00:00,56.158728,160.911133,24.45,0.69,-0.263,2
2016-02-29 13:23:05.680000+00:00,55.71095,160.464518,8.28,0.24,-100.0,2
2016-02-29 13:26:15.690000+00:00,56.056466,160.605859,33.56,0.8,-0.712,2
2016-02-29 13:58:14.810000+00:00,55.670329,160.412191,11.56,1.06,-0.302,2
2016-02-29 14:45:43.370000+00:00,56.043722,160.599837,28.7,0.83,-0.748,2
2016-02-29 15:03:51.650000+00:00,56.057373,160.601221,32.34,0.58,-100.0,2
2016-02-29 15:30:23.370000+00:00,56.061605,160.601611,32.83,0.64,-100.0,2
2016-02-29 15:41:56.120000+00:00,56.051294,160.602279,30.98,1.26,-0.749,2
2016-02-29 15:47:34.810000+00:00,55.566878,160.64279,16.48,0.42,-0.12,2
2016-02-29 16:34:24.890000+00:00,56.118083,160.456966,-0.02,1.18,-0.557,2
2016-02-29 17:29:21.980000+00:00,56.045215,160.6021,28.21,1.43,-0.802,2
2016-02-29 17:34:01.540000+00:00,56.055859,160.606982,33.09,0.99,-0.76,2
2016-02-29 17:40:13.480000+00:00,56.049137,160.600716,30.23,0.75,-0.393,2
2016-02-29 17:42:57.080000+00:00,56.056124,160.602572,32.59,0.78,-0.579,2
2016-02-29 18:41:26.720000+00:00,56.11849,160.45708,0.04,1.18,-0.598,2
2016-02-29 18:53:02.420000+00:00,56.105587,160.87028,24.9,0.73,-0.338,2
2016-02-29 19:02:43.800000+00:00,56.052067,160.604867,31.07,1.13,-0.74,2
2016-02-29 19:16:09.240000+00:00,56.096525,160.468083,5.52,0.54,-0.583,2
2016-02-29 19:22:16.860000+00:00,56.224524,160.854655,16.97,0.53,-100.0,2
2016-02-29 19:27:23.040000+00:00,56.051819,160.598861,30.34,0.86,-0.644,2
2016-02-29 21:24:14.320000+00:00,56.118335,160.457292,-0.02,1.1,-0.641,2
2016-02-29 21:37:09.040000+00:00,56.046509,160.589697,29.41,0.87,-0.695,2
2016-02-29 22:01:12.200000+00:00,56.020024,160.733138,24.4,0.48,-0.75,2
2016-02-29 22:11:53.900000+00:00,56.125073,160.734115,23.39,0.71,-0.243,2
2016-02-29 22:15:43.960000+00:00,56.060291,160.610254,33.87,0.7,-100.0,2
2016-02-29 22:30:13.040000+00:00,56.044035,160.571061,20.58,0.35,-100.0,2
2016-02-29 22:37:00.600000+00:00,56.057625,160.616732,32.78,1.18,-0.764,2
2016-02-29 22:50:53.700000+00:00,55.825114,160.382715,-0.08,0.23,-100.0,2
2016-02-29 23:31:03.720000+00:00,56.13455,160.451074,10.97,0.97,-0.793,2
2016-02-29 23:42:49.560000+00:00,56.05651,160.603271,30.83,0.72,-0.721,2
2016-02-29 23:53:48.020000+00:00,55.538232,160.686328,25.14,0.43,-100.0,2
2016-03-01 00:22:04.740000+00:00,55.924776,160.539974,16.8,0.31,-100.0,1
2016-03-01 00:30:19.710000+00:00,56.118599,160.456787,0.02,0.98,-0.551,1
2016-03-01 00:38:53.080000+00:00,56.050517,160.603711,30.55,0.55,-0.685,1
2016-03-01 00:42:15.410000+00:00,56.123035,160.72373,24.01,0.47,-100.0,1
2016-03-01 01:49:59.730000+00:00,56.047095,160.595264,26.79,0.93,-0.407,1
2016-03-01 01:51:11.080000+00:00,56.053023,160.605452,33.48,0.53,-100.0,1
2016-03-01 02:23:30.800000+00:00,56.04696,160.597168,28.59,0.93,-100.0,1
2016-03-01 02:25:32.190000+00:00,56.108004,160.523958,9.91,0.34,-0.295,1
2016-03-01 02:25:59.870000+00:00,56.110453,160.524528,9.52,0.66,-0.277,1
2016-03-01 02:28:02.770000+00:00,56.122538,160.474902,-0.46,0.52,-100.0,1
2016-03-01 02:28:11.210000+00:00,56.111247,160.502555,10.04,0.69,-100.0,1
2016-03-01 02:29:27.100000+00:00,56.118477,160.457308,0.01,0.97,-0.563,1
2016-03-01 02:34:44.520000+00:00,56.111283,160.523958,9.19,1.02,-0.213,1
2016-03-01 02:36:01.850000+00:00,56.103113,160.482682,4.75,0.04,-100.0,1
2016-03-01 02:36:55.830000+00:00,56.118608,160.502018,8.77,0.25,-100.0,1
2016-03-01 02:54:08.690000+00:00,56.11169,160.522575,8.71,0.26,-100.0,1
2016-03-01 03:10:48.800000+00:00,56.034167,160.456234,33.62,0.85,-0.474,1
2016-03-01 03:26:47.890000+00:00,56.052791,160.607975,31.34,1.25,-0.749,1
2016-03-01 03:48:20.210000+00:00,56.125891,160.456217,2.8,0.42,-0.393,1
2016-03-01 03:51:00.340000+00:00,56.141199,160.334668,8.11,0.89,-0.818,1
2016-03-01 04:00:21.580000+00:00,56.044071,160.584375,15.5,0.7,-100.0,1
2016-03-01 04:08:59.540000+00:00,56.110213,160.504476,9.03,0.12,-100.0,1
2016-03-01 04:22:17.470000+00:00,56.12526,160.44891,3.52,1.04,-0.507,1
2016-03-01 04:35:08.160000+00:00,56.124955,160.451465,0.47,0.91,-0.796,1
2016-03-01 04:36:12.360000+00:00,56.112777,160.392383,7.87,0.34,-100.0,1
2016-03-01 04:54:04.500000+00:00,56.181787,160.390885,8.72,0.56,-0.771,1
2016-03-01 04:58:38.010000+00:00,56.043567,160.600846,27.54,1.02,-0.893,1
2016-03-01 05:12:36.420000+00:00,56.056274,160.605111,32.87,0.99,-0.646,1
2016-03-01 05:19:45.660000+00:00,56.060063,160.619792,35.41,0.49,-0.306,1
2016-03-01 06:24:07.280000+00:00,56.141158,160.485645,6.05,0.1,-100.0,1
2016-03-01 06:48:48.770000+00:00,56.056482,160.615381,34.02,1.16,-0.641,1
2016-03-01 07:04:07.360000+00:00,56.118347,160.497982,10.24,0.3,-100.0,1
2016-03-01 08:04:06.980000+00:00,56.109664,160.498063,10.11,0.67,-0.584,1
2016-03-01 08:29:26.140000+00:00,56.121582,160.452132,0.39,0.83,-0.62,1
2016-03-01 08:50:21.700000+00:00,56.161312,160.889632,22.89,0.72,-0.06,1
2016-03-01 09:11:37.170000+00:00,56.124215,160.450081,3.41,0.75,-0.558,1
2016-03-01 09:39:39+00:00,55.744263,160.427181,10.97,0.74,-0.461,1
2016-03-01 11:09:10.500000+00:00,56.060152,160.609082,33.93,0.65,-100.0,1
2016-03-01 11:34:50.870000+00:00,55.819474,160.379818,0.98,0.11,-0.249,1
2016-03-01 12:02:13.640000+00:00,56.043233,160.602311,28.82,0.88,-0.548,1
2016-03-01 12:34:16.940000+00:00,56.124931,160.452474,0.72,0.1,-100.0,1
2016-03-01 12:38:03.280000+00:00,55.722864,160.469287,11.28,0.27,-0.31,1
2016-03-01 12:49:59.420000+00:00,56.057194,160.609554,33.05,1.02,-0.721,1
2016-03-01 12:50:40.870000+00:00,55.729045,160.473503,11.27,0.24,-100.0,1
2016-03-01 13:16:07.080000+00:00,56.047119,160.598796,29.01,0.88,-0.549,1
2016-03-01 13:39:35.260000+00:00,55.919849,160.468669,26.31,0.32,-100.0,1
2016-03-01 13:54:37.040000+00:00,56.128101,160.44751,4.84,0.42,-0.702,1
2016-03-01 13:55:00.580000+00:00,55.72255,160.471159,10.53,0.17,-100.0,1
2016-03-01 14:14:45.650000+00:00,55.959163,160.770915,15.89,0.37,-100.0,1
2016-03-01 14:31:16.420000+00:00,55.699894,160.43304,12.29,0.75,-0.235,1
2016-03-01 14:37:39.300000+00:00,55.980005,160.333757,-1.87,1.19,-0.38,1
2016-03-01 15:33:29.910000+00:00,56.04845,160.599772,29.78,1.11,-0.506,1
2016-03-01 16:05:58.330000+00:00,55.827104,160.383643,0.22,0.74,-1.044,1
2016-03-01 16:07:37.720000+00:00,55.826103,160.382113,0.62,1.36,-0.924,1
2016-03-01 16:09:23.140000+00:00,55.828931,160.385433,0.59,0.81,-0.741,1
2016-03-01 16:09:52.440000+00:00,55.829736,160.385547,0.36,0.7,-0.546,1
2016-03-01 16:13:01.760000+00:00,55.826347,160.380827,0.81,0.74,-0.817,1
2016-03-01 16:13:56.390000+00:00,55.829179,160.382373,0.14,0.68,-1.045,1
2016-03-01 16:16:49.300000+00:00,55.831991,160.380355,1.03,1.09,-0.884,1
2016-03-01 16:18:14.460000+00:00,55.826864,160.362109,1.08,0.71,-100.0,1
2016-03-01 16:19:15.150000+00:00,56.130546,160.459701,11.54,1.41,-0.829,1
2016-03-01 16:22:44.020000+00:00,55.835327,160.380143,1.01,0.75,-0.773,1
2016-03-01 16:25:17.830000+00:00,55.828353,160.386133,3.13,1.08,-0.688,1
2016-03-01 16:25:47.710000+00:00,55.831502,160.381885,3.65,1.05,-0.762,1
2016-03-01 16:27:05.620000+00:00,55.833085,160.380029,4.28,0.71,-0.632,1
2016-03-01 16:34:27.790000+00:00,55.841178,160.377311,6.25,0.74,-0.762,1
2016-03-01 16:36:31.450000+00:00,55.835632,160.379818,6.74,0.63,-0.683,1
2016-03-01 16:45:13.450000+00:00,55.83831,160.369499,11.46,0.65,-100.0,1
2016-03-01 16:46:28.270000+00:00,55.836287,160.389535,12.69,0.8,-0.73,1
2016-03-01 16:47:25.640000+00:00,56.124508,160.459098,6.38,0.59,-0.578,1
2016-03-01 16:56:23.470000+00:00,55.837752,160.382129,14.77,1.05,-100.0,1
2016-03-01 16:58:42.110000+00:00,55.838053,160.379476,13.94,0.88,-0.696,1
2016-03-01 17:02:14.820000+00:00,55.83752,160.400472,15.61,0.71,-0.289,1
2016-03-01 17:10:43.740000+00:00,55.840243,160.400293,16.03,0.63,-0.466,1
2016-03-01 17:11:36.080000+00:00,55.833866,160.374902,6.58,0.37,-100.0,1
2016-03-01 17:13:55.160000+00:00,56.047904,160.600163,29.48,1.11,-0.503,1
2016-03-01 17:15:14.600000+00:00,55.849243,160.393636,-0.12,0.23,-100.0,1
2016-03-01 17:16:40.840000+00:00,55.842257,160.407487,16.75,0.33,-0.185,1
2016-03-01 17:18:52.980000+00:00,55.830009,160.379541,4.54,0.29,-100.0,1
2016-03-01 17:19:43.660000+00:00,55.829704,160.385124,3.86,0.22,-100.0,1
2016-03-01 17:20:24.760000+00:00,55.844006,160.402279,9.95,0.1,-100.0,1
2016-03-01 17:21:12.060000+00:00,55.832385,160.376139,8.91,0.4,-0.399,1
2016-03-01 17:35:38.760000+00:00,55.819747,160.343408,14.26,0.41,-0.33,1
2016-03-01 17:40:27.440000+00:00,56.038204,160.545736,30.57,0.8,-0.599,1
2016-03-01 18:10:25.960000+00:00,55.844303,160.408561,17.14,0.36,-100.0,1
2016-03-01 18:42:21.480000+00:00,56.049361,160.600944,30.94,0.94,-0.525,1
2016-03-01 18:58:59.840000+00:00,55.832064,160.380062,3.23,0.17,-0.718,1
2016-03-01 19:10:27.360000+00:00,56.046265,160.598617,28.1,0.76,-0.487,1
2016-03-01 19:30:31.060000+00:00,56.0486,160.597559,30.62,0.71,-0.542,1
2016-03-01 19:32:06.940000+00:00,56.118852,160.463118,-0.54,0.86,-0.966,1
2016-03-01 19:48:40.120000+00:00,56.044979,160.600439,29.19,0.97,-0.58,1
2016-03-01 20:03:47.520000+00:00,56.046802,160.600439,28.84,0.85,-0.554,1
2016-03-01 20:24:40.920000+00:00,56.052275,160.611165,32.54,0.99,-0.549,1
2016-03-01 20:26:58.840000+00:00,55.684298,160.437093,8.55,0.78,-0.324,1
2016-03-01 20:39:46.360000+00:00,56.04187,160.601758,28.12,1.1,-0.623,1
2016-03-01 20:52:56.480000+00:00,56.055929,160.517708,-1.69,1.2,-0.506,1
2016-03-01 21:02:32.380000+00:00,55.823637,160.372624,9.04,0.84,-0.015,1
2016-03-01 21:04:52.160000+00:00,56.048279,160.601888,31.7,0.86,-0.542,1
2016-03-01 21:13:22.840000+00:00,56.16709,160.880957,19.32,1.11,-0.11,1
2016-03-01 21:26:25.680000+00:00,56.053475,160.597201,28.88,0.81,-0.496,1
2016-03-01 21:39:26.360000+00:00,55.679797,160.403076,12.83,0.37,-100.0,1
2016-03-01 21:49:12.600000+00:00,55.827148,160.376628,1.09,0.48,-0.749,1
2016-03-01 21:49:52.680000+00:00,55.828898,160.376302,1.05,0.57,-0.836,1
2016-03-01 21:50:27.700000+00:00,55.835034,160.391732,-1.05,0.81,-0.696,1
2016-03-01 21:55:47.240000+00:00,56.045976,160.6,28.88,1.27,-0.616,1
2016-03-01 21:58:21.820000+00:00,55.828947,160.377783,3.87,0.51,-0.638,1
2016-03-01 22:04:03.100000+00:00,55.82959,160.372168,6.37,0.55,-0.98,1
2016-03-01 22:04:37.960000+00:00,55.831604,160.375081,6.0,0.33,-100.0,1
2016-03-01 22:13:54.620000+00:00,55.831116,160.370915,8.53,0.33,-100.0,1
2016-03-01 22:21:49+00:00,56.04384,160.602734,28.36,1.11,-0.482,1
2016-03-01 22:22:42.160000+00:00,55.82607,160.40332,18.3,0.8,-0.614,1
2016-03-01 22:25:38.160000+00:00,55.836198,160.386182,10.92,0.53,-0.636,1
2016-03-01 22:28:03.480000+00:00,56.059436,160.610889,34.79,1.26,-0.716,1
2016-03-01 22:32:33.080000+00:00,55.839473,160.376742,13.04,0.72,-0.893,1
2016-03-01 22:40:57.480000+00:00,56.063322,160.614128,7.66,0.98,-0.542,1
2016-03-01 22:50:51.920000+00:00,56.046118,160.6021,29.86,1.17,-0.647,1
2016-03-01 23:06:30.880000+00:00,56.100769,160.351514,26.83,1.21,-0.66,1
2016-03-01 23:11:12.480000+00:00,55.942281,160.612809,10.81,0.87,-0.246,1
2016-03-01 23:12:17.800000+00:00,56.051229,160.59847,30.67,0.83,-0.598,1
2016-03-01 23:12:46.540000+00:00,55.837569,160.395231,10.11,0.36,-100.0,1
2016-03-01 23:21:03.120000+00:00,55.837484,160.372054,10.96,0.13,-100.0,1
2016-03-01 23:23:06.720000+00:00,55.85472,160.395312,14.52,0.34,-0.451,1
2016-03-01 23:24:07.720000+00:00,55.83796,160.376188,12.84,0.61,-100.0,1
2016-03-01 23:28:32.360000+00:00,56.046012,160.60236,28.79,1.22,-0.516,1
2016-03-01 23:39:53.300000+00:00,56.039181,160.602035,27.41,1.1,-0.616,1
2016-03-02 00:02:24.260000+00:00,56.065165,160.627848,1.13,0.83,-0.291,1
2016-03-02 00:06:01.230000+00:00,56.067379,160.630892,4.24,1.16,-0.258,1
2016-03-02 00:26:05.190000+00:00,55.936694,160.620654,13.05,0.28,-100.0,1
2016-03-02 00:36:44.550000+00:00,56.048844,160.601888,31.34,1.13,-0.563,1
2016-03-02 00:42:43.060000+00:00,56.048381,160.605778,29.84,1.05,-0.628,1
2016-03-02 01:36:59.590000+00:00,56.055583,160.622233,4.87,0.94,-0.647,1
2016-03-02 01:38:15.030000+00:00,56.06781,160.633398,4.57,0.88,-0.218,1
2016-03-02 02:20:53.060000+00:00,56.042839,160.60599,31.03,0.73,-100.0,1
2016-03-02 02:34:20.180000+00:00,56.051689,160.606315,29.83,0.91,-0.507,1
2016-03-02 02:38:06.520000+00:00,56.125891,160.448763,4.58,1.19,-0.618,1
2016-03-02 03:36:06.490000+00:00,56.044316,160.601872,28.12,0.54,-0.61,1
2016-03-02 03:58:56.510000+00:00,56.127104,160.453239,7.8,0.29,-0.57,1
2016-03-02 04:08:51.240000+00:00,56.040129,160.593506,25.89,0.67,-100.0,1
2016-03-02 04:12:40.380000+00:00,56.113102,160.482585,8.95,0.56,-0.68,1
2016-03-02 04:21:59.560000+00:00,55.820634,160.531331,12.74,0.46,-100.0,1
2016-03-02 04:42:18+00:00,56.050635,160.59515,31.29,0.57,-0.428,1
2016-03-02 05:15:26.740000+00:00,56.047335,160.602995,31.09,0.73,-100.0,1
2016-03-02 05:30:43.680000+00:00,55.688302,160.441618,10.87,0.57,-0.18,1
2016-03-02 05:52:37.960000+00:00,56.077238,160.582438,46.16,0.76,-100.0,1
2016-03-02 06:04:46.750000+00:00,55.828617,160.379574,4.33,0.17,-0.534,1
2016-03-02 06:20:39.730000+00:00,55.610885,160.43361,18.66,0.72,-100.0,1
2016-03-02 06:25:14.150000+00:00,56.138863,160.416699,13.32,0.89,-0.69,1
2016-03-02 06:53:58.980000+00:00,55.837288,160.381038,10.75,0.09,-0.122,1
2016-03-02 07:14:04.750000+00:00,56.131909,160.45249,10.14,0.9,-0.807,1
2016-03-02 07:16:24.520000+00:00,56.163733,160.410693,9.67,0.91,-0.751,1
2016-03-02 07:38:27.380000+00:00,56.049451,160.603857,31.6,0.93,-0.579,1
2016-03-02 08:11:26.080000+00:00,56.072835,160.625358,6.26,0.61,-0.326,1
2016-03-02 08:34:50.610000+00:00,56.164254,160.871338,21.66,1.05,-0.163,1
2016-03-02 09:02:37.200000+00:00,56.062744,160.618262,14.84,0.79,-100.0,1
2016-03-02 10:06:09.320000+00:00,56.047489,160.59873,29.6,0.83,-0.56,1
2016-03-02 10:39:55.640000+00:00,56.193778,160.954915,24.24,0.55,-100.0,1
2016-03-02 10:45:03.090000+00:00,56.111869,160.53234,10.68,1.12,-0.205,1
2016-03-02 11:03:37.350000+00:00,56.119865,160.462435,0.34,0.71,-100.0,1
2016-03-02 12:42:55.590000+00:00,56.105245,160.521615,-0.41,0.89,-0.654,1
2016-03-02 12:56:01.590000+00:00,55.829643,160.382438,3.96,0.61,-0.897,1
2016-03-02 13:19:12.570000+00:00,55.950114,160.497331,16.71,0.59,-0.693,1
2016-03-02 13:37:22.250000+00:00,55.837675,160.389388,12.59,0.31,-100.0,1
2016-03-02 14:04:06.470000+00:00,56.054777,160.610726,31.53,0.94,-0.648,1
2016-03-02 14:16:23.680000+00:00,56.110954,160.471468,5.73,0.18,-100.0,1
2016-03-02 14:40:12.180000+00:00,56.065373,160.621273,-1.13,0.96,-100.0,1
2016-03-02 15:47:13.410000+00:00,55.700964,160.436214,10.44,0.94,-0.256,1
2016-03-02 15:56:28.030000+00:00,56.165637,160.516292,11.64,1.05,-0.748,1
2016-03-02 16:16:59.880000+00:00,56.11108,160.478223,11.79,0.29,-100.0,1
2016-03-02 16:22:03.210000+00:00,56.037118,160.599495,28.86,0.58,-100.0,1
2016-03-02 17:07:34.140000+00:00,56.040393,160.587516,24.41,0.54,-100.0,1
2016-03-02 17:28:18.480000+00:00,56.051685,160.602279,30.32,1.63,-0.826,1
2016-03-02 17:40:20.440000+00:00,56.049524,160.601709,30.84,0.92,-0.523,1
2016-03-02 17:56:25.440000+00:00,56.052336,160.60402,31.24,1.17,-0.664,1
2016-03-02 18:11:42+00:00,55.826575,160.374479,0.25,1.18,-0.337,1
2016-03-02 19:49:21.020000+00:00,56.118486,160.457601,-0.07,1.21,-0.607,1
2016-03-02 21:07:29.240000+00:00,56.213883,160.862809,28.14,0.45,-100.0,1
2016-03-02 21:24:53.860000+00:00,56.046818,160.599593,29.61,0.93,-0.612,1
2016-03-02 21:48:24.640000+00:00,56.363151,160.436344,24.41,1.05,-0.422,1
2016-03-02 21:58:03.840000+00:00,56.048112,160.599886,30.42,0.78,-0.42,1
2016-03-02 23:41:34.600000+00:00,55.707247,160.465267,5.7,1.24,-0.376,1
2016-03-03 00:14:58.690000+00:00,56.052763,160.601286,32.23,0.97,-0.495,1
2016-03-03 01:30:43.960000+00:00,56.124776,160.44541,10.92,0.15,-100.0,1
2016-03-03 02:01:23.590000+00:00,56.052307,160.601497,31.69,0.96,-0.583,1
2016-03-03 02:28:52.110000+00:00,55.997404,160.824919,17.47,0.56,-100.0,1
2016-03-03 02:29:27.940000+00:00,56.057572,160.611686,34.06,0.89,-0.689,1
2016-03-03 02:31:21.100000+00:00,56.046696,160.522152,21.76,0.69,-100.0,1
2016-03-03 06:26:17.940000+00:00,56.123551,160.456364,6.59,0.35,-100.0,1
2016-03-03 07:58:16.960000+00:00,56.192375,160.955713,25.08,0.85,-100.0,1
2016-03-03 08:47:46.640000+00:00,55.831641,160.550309,-0.65,0.73,-100.0,1
2016-03-03 09:20:30.240000+00:00,56.126213,160.462533,10.47,0.69,-0.844,1
2016-03-03 10:11:57.610000+00:00,55.544735,160.32347,15.8,0.31,-100.0,1
2016-03-03 12:30:45.980000+00:00,56.053772,160.60721,32.09,0.98,-0.819,1
2016-03-03 12:41:03.500000+00:00,56.016101,160.878727,15.32,1.26,-0.208,1
2016-03-03 12:50:00.530000+00:00,56.068091,160.632064,3.71,0.65,-0.53,1
2016-03-03 13:06:23.970000+00:00,56.063147,160.600928,16.14,0.86,-100.0,1
2016-03-03 13:10:01.070000+00:00,56.111995,160.532845,10.57,1.08,-0.304,1
2016-03-03 13:16:12.090000+00:00,56.062484,160.628581,15.62,0.61,-100.0,1
2016-03-03 13:17:01.680000+00:00,55.962915,160.888363,14.24,1.57,-0.226,1
2016-03-03 13:17:33.820000+00:00,55.962533,160.888232,14.14,1.79,-0.115,1
2016-03-03 13:18:35.490000+00:00,55.958065,160.852637,14.8,0.84,-100.0,1
2016-03-03 13:23:43.040000+00:00,56.060026,160.620785,16.7,0.84,-0.795,1
2016-03-03 13:35:11.470000+00:00,55.964579,160.852376,15.42,0.63,-100.0,1
2016-03-03 13:39:12.430000+00:00,56.057182,160.602441,32.9,0.85,-100.0,1
2016-03-03 13:41:22.620000+00:00,55.997644,160.747607,19.66,0.49,-100.0,1
2016-03-03 13:45:52.940000+00:00,55.969226,160.956592,8.89,0.65,-100.0,1
2016-03-03 13:47:58.530000+00:00,56.050777,160.628418,17.15,0.7,-100.0,1
2016-03-03 13:57:24.700000+00:00,55.959505,160.858138,14.82,0.75,-100.0,1
2016-03-03 14:29:39.590000+00:00,55.962366,160.889242,13.76,0.83,-0.185,1
2016-03-03 14:30:13.470000+00:00,55.960486,160.85127,15.04,0.52,-100.0,1
2016-03-03 15:07:13.480000+00:00,56.117021,160.458268,-0.32,0.72,-0.665,1
2016-03-03 16:07:25.140000+00:00,55.558911,160.399056,44.76,1.11,-100.0,1
2016-03-03 16:07:29.050000+00:00,55.910409,160.643424,11.91,1.2,-100.0,1
2016-03-03 16:14:55.600000+00:00,55.715885,160.43737,14.88,1.12,-0.224,1
2016-03-03 17:08:32.080000+00:00,55.834802,160.388574,0.25,0.78,-0.606,1
2016-03-03 18:15:56.840000+00:00,56.13044,160.607617,18.73,0.66,-100.0,1
2016-03-03 19:52:17.200000+00:00,56.227336,160.851742,25.3,0.98,-0.245,1
2016-03-03 22:42:05.480000+00:00,55.712223,160.433382,12.84,0.7,-0.251,1
2016-03-03 22:57:59.560000+00:00,56.183936,160.841813,24.43,0.87,-0.264,1
2016-03-03 23:56:02.760000+00:00,55.694779,160.395801,16.05,0.75,-0.247,1
2016-03-04 00:06:00.770000+00:00,56.149284,160.876481,22.71,0.88,-0.363,1
2016-03-04 00:28:58.280000+00:00,55.981116,160.967627,9.62,0.65,-100.0,1
2016-03-04 00:47:58.330000+00:00,55.839034,160.371517,-2.31,0.17,-100.0,1
2016-03-04 00:59:57.120000+00:00,55.836019,160.387044,13.98,0.25,-100.0,1
2016-03-04 03:10:29.690000+00:00,56.092371,160.450472,0.31,0.47,-100.0,1
2016-03-04 04:34:25.450000+00:00,55.698726,160.473372,0.05,0.59,-0.264,1
2016-03-04 04:36:04.180000+00:00,55.615674,160.531836,28.01,1.6,-1.365,1
2016-03-04 05:33:43.370000+00:00,55.843266,160.422933,15.93,0.26,-100.0,1
2016-03-04 06:01:21.860000+00:00,55.794869,160.368115,25.16,0.67,-0.215,1
2016-03-04 06:23:44.810000+00:00,56.122111,160.454346,1.81,0.32,-100.0,1
2016-03-04 07:11:49.450000+00:00,56.057479,160.613053,34.64,1.37,-0.758,1
2016-03-04 07:54:57.020000+00:00,56.059806,160.747624,19.33,0.93,-100.0,1
2016-03-04 08:00:35.540000+00:00,56.06394,160.619889,-0.99,0.58,-0.527,1
2016-03-04 08:05:30.840000+00:00,56.124801,160.456038,-0.82,0.52,-0.679,1
2016-03-04 09:07:46.500000+00:00,56.135246,160.443978,3.83,0.6,-0.707,1
2016-03-04 09:14:30.320000+00:00,56.026245,160.600065,22.62,0.7,-100.0,1
2016-03-04 09:25:09.520000+00:00,56.127026,160.47194,9.05,0.61,-0.473,1
2016-03-04 10:47:37.520000+00:00,56.040295,160.599642,29.59,0.71,-100.0,1
2016-03-04 10:55:47+00:00,55.779248,160.097021,13.28,0.91,-0.106,1
2016-03-04 11:23:14.010000+00:00,55.777625,160.095768,12.37,1.64,-0.268,1
2016-03-04 11:26:10.050000+00:00,56.131925,160.427327,7.96,0.57,-100.0,1
2016-03-04 11:27:17.850000+00:00,56.125374,160.45516,5.22,0.66,-100.0,1
2016-03-04 12:21:19.040000+00:00,56.114567,160.466341,-0.55,0.66,-100.0,1
2016-03-04 13:35:30.610000+00:00,56.12133,160.495003,10.44,0.65,-0.838,1
2016-03-04 13:47:16.230000+00:00,55.666638,160.403109,13.46,1.48,-0.198,1
2016-03-04 15:14:24.490000+00:00,56.07891,160.650716,28.92,1.23,-0.506,1
2016-03-04 15:32:28.850000+00:00,56.061255,160.619238,36.16,1.04,-0.73,1
2016-03-04 15:54:52.490000+00:00,56.053198,160.606283,31.25,1.32,-0.785,1
2016-03-04 17:20:36.360000+00:00,56.053487,160.588883,30.28,0.73,-0.414,1
2016-03-04 18:10:54.100000+00:00,56.058785,160.609782,35.08,1.01,-0.76,1
2016-03-04 19:51:26.440000+00:00,56.054045,160.603499,31.54,0.96,-0.748,1
2016-03-04 20:06:13.020000+00:00,55.740658,160.473633,-0.51,0.27,-100.0,1
2016-03-04 20:30:43.120000+00:00,56.05402,160.593848,31.16,0.98,-0.672,1
2016-03-04 20:31:48.880000+00:00,56.050305,160.597998,29.9,0.74,-0.599,1
2016-03-04 20:32:57.200000+00:00,56.066142,160.610677,37.62,1.17,-0.592,1
2016-03-04 20:59:55.800000+00:00,56.064303,160.62238,35.87,1.19,-0.762,1
2016-03-04 21:06:38.760000+00:00,56.048832,160.602262,29.54,1.21,-0.729,1
2016-03-04 21:15:08.240000+00:00,56.060787,160.610156,34.71,0.83,-100.0,1
2016-03-04 21:17:56.960000+00:00,56.058382,160.610449,32.34,1.62,-0.628,1
2016-03-04 21:33:07.580000+00:00,56.058525,160.603874,34.62,1.06,-0.716,1
2016-03-04 21:41:57.480000+00:00,56.054688,160.605664,31.82,1.04,-0.802,1
2016-03-04 21:48:34.960000+00:00,56.051868,160.598551,30.69,1.2,-0.587,1
2016-03-04 22:03:59.120000+00:00,56.043005,160.591195,33.06,0.76,-100.0,1
2016-03-04 22:15:04.320000+00:00,56.177271,160.393115,12.99,0.92,-0.565,1
2016-03-04 22:47:46.280000+00:00,55.667769,160.400244,13.32,0.47,-100.0,1
2016-03-04 23:31:39.840000+00:00,56.059473,160.613411,34.03,1.41,-0.869,1
2016-03-04 23:47:54.460000+00:00,56.053198,160.593913,29.52,0.71,-100.0,1
2016-03-05 00:18:39.330000+00:00,55.721875,160.445117,0.41,0.62,-0.277,1
2016-03-05 00:27:25.410000+00:00,56.049691,160.597363,29.96,0.87,-0.693,1
2016-03-05 00:59:35.760000+00:00,56.045911,160.620182,17.57,0.72,-100.0,1
2016-03-05 01:00:16.480000+00:00,56.052804,160.61888,16.95,1.04,-100.0,1
2016-03-05 01:19:22.520000+00:00,56.03361,160.624561,14.76,0.89,-0.696,1
2016-03-05 01:29:24.700000+00:00,56.050545,160.608187,30.71,1.22,-0.578,1
2016-03-05 01:34:51.440000+00:00,56.111015,160.442741,12.77,0.23,-100.0,1
2016-03-05 01:35:09.590000+00:00,56.060075,160.614648,36.57,1.04,-100.0,1
2016-03-05 01:51:10.130000+00:00,56.059241,160.609342,35.08,0.89,-100.0,1
2016-03-05 01:53:27.580000+00:00,56.05682,160.621712,35.3,0.93,-100.0,1
2016-03-05 02:07:40.300000+00:00,56.051973,160.603385,30.32,1.56,-0.748,1
2016-03-05 03:35:28.350000+00:00,56.05981,160.617383,35.34,1.14,-0.793,1
2016-03-05 03:52:02.680000+00:00,56.119767,160.460238,0.33,0.91,-0.715,1
2016-03-05 04:23:06.890000+00:00,56.062443,160.624121,-0.67,1.12,-100.0,1
2016-03-05 04:37:21.580000+00:00,56.055196,160.595182,31.33,0.65,-100.0,1
2016-03-05 04:49:53.130000+00:00,56.049715,160.597689,28.95,0.9,-0.598,1
2016-03-05 05:06:30.110000+00:00,56.061658,160.614844,35.93,0.98,-100.0,1
2016-03-05 05:12:27.900000+00:00,56.210612,160.881527,27.0,1.85,-0.194,1
2016-03-05 06:10:08.120000+00:00,56.055062,160.59222,29.67,0.8,-100.0,1
2016-03-05 06:10:42.350000+00:00,56.051554,160.59821,30.09,0.98,-0.626,1
2016-03-05 06:18:50.520000+00:00,56.043164,160.599919,26.94,1.01,-0.714,1
2016-03-05 06:56:25.020000+00:00,56.056059,160.595247,30.92,0.79,-100.0,1
2016-03-05 07:03:56.500000+00:00,56.049312,160.612061,29.64,0.97,-100.0,1
2016-03-05 07:16:01.770000+00:00,55.808708,160.333822,0.72,0.16,-100.0,1
2016-03-05 07:17:28.210000+00:00,56.116077,160.918717,27.18,0.9,-100.0,1
2016-03-05 09:17:46.560000+00:00,56.057719,160.605176,33.98,0.98,-0.67,1
2016-03-05 10:07:29.720000+00:00,56.052405,160.597884,30.21,0.82,-0.638,1
2016-03-05 10:31:18.230000+00:00,56.053906,160.595687,30.06,0.69,-100.0,1
2016-03-05 10:36:57.910000+00:00,56.056291,160.600977,32.58,0.9,-0.735,1
2016-03-05 11:12:55.680000+00:00,56.163293,160.871403,21.48,0.69,-100.0,1
2016-03-05 11:18:14.260000+00:00,56.061865,160.610775,36.01,1.03,-0.663,1
2016-03-05 11:57:33.200000+00:00,55.829126,160.384229,-1.38,0.12,-100.0,1
2016-03-05 12:26:54.480000+00:00,56.054484,160.591927,30.27,0.76,-0.64,1
2016-03-05 12:51:29.460000+00:00,56.043388,160.595638,26.37,1.18,-0.779,1
2016-03-05 12:52:22.780000+00:00,56.053491,160.602832,31.79,0.98,-0.669,1
2016-03-05 13:13:47.950000+00:00,56.115434,160.460579,0.07,0.66,-0.916,1
2016-03-05 13:16:45.820000+00:00,56.048014,160.597314,28.26,0.85,-100.0,1
2016-03-05 13:38:53.180000+00:00,56.044771,160.594678,27.34,0.68,-0.792,1
2016-03-05 13:39:47.020000+00:00,56.054305,160.592301,29.84,0.51,-100.0,1
2016-03-05 14:10:43.160000+00:00,55.697432,160.429867,12.56,1.45,-0.239,1
2016-03-05 14:13:47.140000+00:00,56.105139,160.683512,27.81,0.3,-100.0,1
2016-03-05 14:27:31.690000+00:00,56.047148,160.599056,29.28,0.92,-0.585,1
2016-03-05 15:02:59.180000+00:00,56.108667,160.568099,19.48,0.75,-100.0,1
2016-03-05 15:34:09.740000+00:00,56.052869,160.619906,16.02,0.8,-100.0,1
2016-03-05 15:48:31.980000+00:00,55.955269,160.88999,14.2,1.13,-0.081,1
2016-03-05 16:09:32.100000+00:00,56.052718,160.598763,30.7,1.11,-0.622,1
2016-03-05 16:48:06.790000+00:00,56.054769,160.605745,30.67,0.86,-100.0,1
2016-03-05 16:51:39.350000+00:00,55.726477,160.438232,9.86,0.55,-0.36,1
2016-03-05 17:13:30.680000+00:00,56.052816,160.594092,31.81,1.2,-0.65,1
2016-03-05 17:19:55.320000+00:00,56.052734,160.620622,30.09,0.59,-100.0,1
2016-03-05 17:22:37.360000+00:00,56.206795,160.884863,27.84,0.74,-100.0,1
2016-03-05 17:26:37.760000+00:00,55.817411,160.497363,16.31,0.72,-0.358,1
2016-03-05 17:40:53.440000+00:00,55.602543,160.726481,20.93,0.7,-100.0,1
2016-03-05 17:45:23.680000+00:00,56.15116,160.868506,24.95,1.23,-0.147,1
2016-03-05 17:46:04.840000+00:00,56.149959,160.86639,25.04,0.98,-0.418,1
2016-03-05 17:59:33.300000+00:00,56.049935,160.598242,29.33,0.94,-0.683,1
2016-03-05 18:22:14.800000+00:00,56.056274,160.603711,33.05,1.09,-0.737,1
2016-03-05 18:36:29.400000+00:00,56.051929,160.60332,31.92,1.25,-0.738,1
2016-03-05 19:08:57.920000+00:00,56.054118,160.604248,32.39,1.06,-0.732,1
2016-03-05 19:28:41.920000+00:00,56.050248,160.599007,29.82,1.05,-0.694,1
2016-03-05 19:43:38.880000+00:00,56.051074,160.605387,31.05,1.56,-0.792,1
2016-03-05 19:59:43.980000+00:00,56.001941,160.819824,16.39,1.04,-0.189,1
2016-03-05 20:01:42.480000+00:00,56.051082,160.597559,30.34,0.76,-0.594,1
2016-03-05 20:03:12.840000+00:00,56.09172,160.513363,38.1,0.69,-100.0,1
2016-03-05 20:22:47.480000+00:00,56.052368,160.598242,29.84,0.97,-0.545,1
2016-03-05 20:24:04.580000+00:00,56.067721,160.621143,39.58,0.81,-0.64,1
2016-03-05 20:42:30+00:00,56.053007,160.601546,31.46,1.19,-0.635,1
2016-03-05 20:55:48.160000+00:00,56.049182,160.599463,29.72,0.83,-0.547,1
2016-03-05 21:15:55.720000+00:00,56.052389,160.602425,31.24,1.02,-0.874,1
2016-03-05 21:18:08.740000+00:00,56.0533,160.595752,34.39,1.1,-0.746,1
2016-03-05 21:26:38.980000+00:00,56.057532,160.599707,31.6,0.76,-100.0,1
2016-03-05 21:30:35.720000+00:00,56.045695,160.597705,27.99,0.97,-0.472,1
2016-03-05 21:38:54.080000+00:00,56.051538,160.600228,30.56,1.01,-0.733,1
2016-03-05 21:46:31.700000+00:00,56.056283,160.600374,35.79,0.85,-0.584,1
2016-03-05 21:52:17.900000+00:00,56.048055,160.596566,29.23,0.92,-0.484,1
2016-03-05 22:12:10.480000+00:00,56.05341,160.602637,31.53,1.04,-0.802,1
2016-03-05 22:20:52.040000+00:00,56.053414,160.606315,32.06,0.87,-0.63,1
2016-03-05 22:22:09.880000+00:00,56.046212,160.597754,30.28,0.55,-100.0,1
2016-03-05 22:28:47.200000+00:00,56.055693,160.60179,32.16,1.1,-0.642,1
2016-03-05 22:37:21.480000+00:00,56.0566,160.611979,34.2,1.0,-0.598,1
2016-03-05 22:39:05.960000+00:00,56.053536,160.594271,30.51,0.48,-100.0,1
2016-03-05 22:46:45.680000+00:00,56.047587,160.592008,27.65,0.88,-0.694,1
2016-03-05 22:52:09.660000+00:00,56.047652,160.598665,28.39,0.93,-0.616,1
2016-03-05 23:02:31.160000+00:00,56.040649,160.583545,23.91,0.8,-0.586,1
2016-03-05 23:08:57.240000+00:00,56.054626,160.606592,32.21,1.26,-0.824,1
2016-03-05 23:12:57.060000+00:00,56.052209,160.602865,30.85,1.02,-0.697,1
2016-03-05 23:18:30.120000+00:00,56.05341,160.601823,31.81,0.93,-0.532,1
2016-03-05 23:30:05.960000+00:00,56.054862,160.597656,32.23,0.94,-0.67,1
2016-03-05 23:35:17.180000+00:00,56.056205,160.601497,31.21,0.74,-100.0,1
2016-03-05 23:43:46.400000+00:00,56.050594,160.599577,30.69,0.86,-0.613,1
2016-03-05 23:48:27.060000+00:00,56.05859,160.608968,34.9,0.81,-0.51,1
2016-03-06 00:12:12.060000+00:00,56.053267,160.599251,31.08,0.93,-0.724,1
2016-03-06 00:13:42.140000+00:00,56.049272,160.599772,29.07,0.97,-100.0,1
2016-03-06 00:17:20.900000+00:00,56.056038,160.598535,27.86,0.69,-100.0,1
2016-03-06 00:24:49.710000+00:00,56.050741,160.600326,28.99,0.82,-100.0,1
2016-03-06 00:32:17.630000+00:00,56.054716,160.603092,32.64,0.85,-0.542,1
2016-03-06 00:38:21.420000+00:00,56.104403,160.714551,23.29,0.62,-100.0,1
2016-03-06 00:40:54.640000+00:00,56.057092,160.607601,32.69,0.81,-100.0,1
2016-03-06 00:55:08.360000+00:00,56.057182,160.604606,34.12,0.76,-0.639,1
2016-03-06 00:56:47.380000+00:00,56.049915,160.597266,28.76,0.63,-100.0,1
2016-03-06 01:06:19.050000+00:00,56.161267,160.542448,9.59,1.03,-0.758,1
2016-03-06 01:11:15.800000+00:00,56.051404,160.603141,30.97,0.84,-100.0,1
2016-03-06 01:13:06.250000+00:00,56.089282,160.506771,26.47,1.1,-100.0,1
2016-03-06 01:33:23.610000+00:00,56.051583,160.600911,31.12,0.87,-0.609,1
2016-03-06 01:52:43.550000+00:00,56.056075,160.58654,27.23,0.61,-0.594,1
2016-03-06 01:53:47.630000+00:00,56.052962,160.612402,31.9,0.86,-100.0,1
2016-03-06 02:08:59.670000+00:00,56.050085,160.595557,27.74,0.85,-0.742,1
2016-03-06 02:31:35.930000+00:00,55.718429,160.449821,11.16,0.44,-0.25,1
2016-03-06 02:32:27.780000+00:00,56.001746,160.818115,16.56,0.7,-100.0,1
2016-03-06 02:53:40.500000+00:00,56.055774,160.600635,32.74,0.86,-0.741,1
2016-03-06 03:23:46.420000+00:00,56.063521,160.607536,34.72,1.37,-0.727,1
2016-03-06 03:29:44.800000+00:00,55.68925,160.449593,11.62,0.61,-0.188,1
2016-03-06 04:29:05.560000+00:00,56.046737,160.602751,28.37,1.01,-0.476,1
2016-03-06 05:12:07.340000+00:00,56.051176,160.596924,30.43,0.77,-0.727,1
2016-03-06 05:38:43.560000+00:00,56.054285,160.607894,32.45,1.18,-0.6,1
2016-03-06 05:50:56.070000+00:00,56.009875,160.5882,28.62,0.89,-0.582,1
2016-03-06 05:51:54.620000+00:00,55.93665,160.583984,7.91,0.5,-100.0,1
2016-03-06 05:52:54.730000+00:00,56.125448,160.449398,0.78,0.14,-100.0,1
2016-03-06 07:26:17.300000+00:00,56.060343,160.589974,29.44,0.69,-100.0,1
2016-03-06 07:33:46.640000+00:00,56.059827,160.620736,30.32,0.95,-0.779,1
2016-03-06 07:55:12.890000+00:00,56.186959,160.406738,8.78,0.16,-0.66,1
2016-03-06 08:09:13.220000+00:00,56.078365,160.587777,39.48,0.64,-100.0,1
2016-03-06 08:30:19.500000+00:00,55.834607,160.37168,-1.72,0.38,-0.438,1
2016-03-06 08:57:18.040000+00:00,55.689054,160.396029,11.27,0.25,-100.0,1
2016-03-06 10:03:22.390000+00:00,56.046208,160.5979,29.06,1.6,-0.712,1
2016-03-06 10:28:10.290000+00:00,55.840312,160.402458,16.9,0.68,-0.691,1
2016-03-06 10:28:54.680000+00:00,55.846733,160.402962,16.89,0.52,-0.667,1
2016-03-06 11:06:37.050000+00:00,55.963525,160.862158,15.04,0.75,-100.0,1
2016-03-06 11:27:05.100000+00:00,56.121025,160.878092,28.07,0.94,-100.0,1
2016-03-06 11:32:14.910000+00:00,56.052861,160.7375,4.87,1.05,-100.0,1
2016-03-06 12:59:58.790000+00:00,55.949573,160.856234,14.37,0.74,-100.0,1
2016-03-06 13:25:45.260000+00:00,56.052043,160.603743,29.64,0.97,-100.0,1
2016-03-06 14:45:29.780000+00:00,56.042037,160.592822,25.21,1.08,-100.0,1
2016-03-06 14:49:56.070000+00:00,56.121139,160.461019,0.79,0.55,-100.0,1
2016-03-06 15:52:56.670000+00:00,56.05186,160.613786,31.24,1.0,-0.756,1
2016-03-06 16:31:43.270000+00:00,56.055497,160.604834,32.2,1.08,-0.604,1
2016-03-06 18:04:52.280000+00:00,56.155754,160.79305,21.37,0.29,-100.0,1
2016-03-06 19:04:59.680000+00:00,56.025712,160.275326,3.97,1.28,-0.31,1
2016-03-06 19:09:26.400000+00:00,56.118966,160.457243,0.32,0.41,-100.0,1
2016-03-06 19:12:57.320000+00:00,56.06193,160.623551,-1.34,0.58,-100.0,1
2016-03-06 20:26:44.260000+00:00,55.796627,160.324268,0.11,0.1,-100.0,1
2016-03-06 21:26:20.680000+00:00,56.046484,160.600651,27.91,1.39,-0.858,1
2016-03-06 21:46:33.400000+00:00,55.716895,160.462305,9.68,0.54,-0.183,1
2016-03-06 23:00:52.740000+00:00,56.065682,160.619352,-0.77,0.86,-100.0,1
2016-03-07 00:26:22.970000+00:00,55.679529,160.413298,0.9,1.76,-0.253,1
2016-03-07 04:22:58.460000+00:00,56.191219,160.881299,21.99,0.94,-100.0,1
2016-03-07 05:16:45.610000+00:00,55.682011,160.534912,13.96,0.29,-100.0,1
2016-03-07 05:18:41.890000+00:00,55.69858,160.430615,12.45,0.17,-100.0,1
2016-03-07 05:37:37.390000+00:00,56.063387,160.623682,-1.22,0.84,-100.0,1
2016-03-07 07:20:46.700000+00:00,56.086589,160.617025,27.31,0.86,-0.804,1
2016-03-07 07:34:22.420000+00:00,56.128625,160.450537,4.83,0.93,-100.0,1
2016-03-07 08:27:39.740000+00:00,56.063879,160.622249,-0.81,0.82,-100.0,1
2016-03-07 13:56:09.610000+00:00,56.065568,160.619434,3.68,0.96,-100.0,1
2016-03-07 14:57:49.690000+00:00,56.048515,160.603874,28.89,0.95,-100.0,1
2016-03-07 15:12:18.910000+00:00,56.125407,160.444596,0.85,0.69,-100.0,1
2016-03-07 16:53:40.710000+00:00,56.048092,160.596989,29.07,0.95,-0.421,1
2016-03-07 17:47:54.420000+00:00,56.070504,160.623682,6.1,0.85,-100.0,1
2016-03-07 19:39:57.200000+00:00,55.82679,160.374756,8.68,0.23,-100.0,1
2016-03-07 23:44:21.900000+00:00,56.140487,160.435775,5.82,0.9,-0.727,1
2016-03-08 00:33:53.190000+00:00,56.137614,160.453223,12.72,0.87,-0.64,1
2016-03-08 00:43:56.570000+00:00,55.793083,160.333285,0.87,0.94,-0.98,1
2016-03-08 01:28:05.810000+00:00,55.729179,160.324788,-0.84,0.85,-0.553,1
2016-03-08 02:03:57.090000+00:00,55.908032,160.10682,18.9,1.15,-0.141,1
2016-03-08 02:58:53.380000+00:00,55.521472,160.28776,18.17,0.53,-0.485,1
2016-03-08 03:21:10.750000+00:00,56.182495,160.840413,24.51,0.94,-0.424,1
2016-03-08 04:08:05.370000+00:00,56.118408,160.456494,-0.78,0.24,-100.0,1
2016-03-08 05:47:53.070000+00:00,55.528398,160.677995,28.51,1.13,-100.0,1
2016-03-08 06:08:26.450000+00:00,55.821834,160.346842,1.17,0.52,-100.0,1
2016-03-08 07:39:36.760000+00:00,56.109322,160.464632,-1.2,0.69,-0.555,1
2016-03-08 08:50:25.940000+00:00,55.718323,160.4354,10.27,0.49,-0.457,1
2016-03-08 09:13:11.030000+00:00,56.02568,160.291764,1.2,0.61,-0.366,1
2016-03-08 09:37:26.540000+00:00,56.052393,160.599528,32.32,1.01,-100.0,1
2016-03-08 09:48:35.420000+00:00,56.178849,160.844889,24.25,1.3,-0.22,1
2016-03-08 10:32:17.070000+00:00,56.050952,160.590723,28.38,1.43,-0.511,1
2016-03-08 10:41:17.800000+00:00,56.142651,160.683154,24.83,0.99,-100.0,1
2016-03-08 11:39:14.030000+00:00,56.053377,160.603125,32.28,0.91,-0.673,1
2016-03-08 12:38:34.350000+00:00,56.063623,160.619255,-1.19,0.71,-100.0,1
2016-03-08 13:01:02.670000+00:00,56.049443,160.784652,6.13,1.29,-0.353,1
2016-03-08 13:11:50.990000+00:00,56.111938,160.457682,-0.49,0.62,-100.0,1
2016-03-08 13:47:04.120000+00:00,56.05284,160.604004,32.96,0.93,-0.604,1
2016-03-08 14:13:08.020000+00:00,56.09456,160.680664,27.22,1.11,-0.293,1
2016-03-08 14:45:14.300000+00:00,55.644381,160.469287,6.48,0.16,-100.0,1
2016-03-08 15:07:13.410000+00:00,56.048962,160.59847,29.9,0.9,-0.655,1
2016-03-08 15:08:20.820000+00:00,56.055029,160.588639,29.17,0.8,-100.0,1
2016-03-08 15:17:59.320000+00:00,56.054785,160.602979,33.64,1.27,-0.728,1
2016-03-08 15:30:10.860000+00:00,56.114624,160.482992,9.13,0.81,-0.673,1
2016-03-08 18:03:14.800000+00:00,56.129875,160.453125,0.94,0.97,-0.74,1
2016-03-08 18:12:31.520000+00:00,55.594287,160.314095,22.39,0.95,-0.36,1
2016-03-08 18:27:56.700000+00:00,56.053365,160.605713,31.71,1.21,-0.678,1
2016-03-08 18:45:18.840000+00:00,56.186296,160.841374,28.47,0.56,-100.0,1
2016-03-08 19:17:59.400000+00:00,56.06427,160.624788,-0.83,0.65,-100.0,1
2016-03-08 19:37:19.480000+00:00,55.711812,160.428613,15.83,0.63,-0.277,1
2016-03-08 19:45:09+00:00,55.82762,160.382568,-0.09,0.74,-0.272,1
2016-03-08 20:03:42.600000+00:00,56.04329,160.595329,27.66,0.96,-100.0,1
2016-03-08 20:23:31.160000+00:00,56.057943,160.609668,33.79,1.11,-0.756,1
2016-03-08 20:46:28.160000+00:00,56.049963,160.600391,30.59,0.8,-0.591,1
2016-03-08 23:27:54.480000+00:00,55.711084,160.441032,13.81,0.54,-0.267,1
2016-03-08 23:36:37.140000+00:00,56.053194,160.597428,30.28,0.91,-100.0,1
2016-03-08 23:47:09.680000+00:00,56.047221,160.636654,30.48,0.7,-100.0,1
2016-03-09 01:12:18.080000+00:00,56.055562,160.602653,31.49,0.73,-100.0,1
2016-03-09 01:51:11.130000+00:00,56.138741,160.868262,28.17,0.89,-100.0,1
2016-03-09 02:01:31.160000+00:00,56.037073,160.589746,34.61,1.08,-100.0,1
2016-03-09 02:19:54.210000+00:00,55.92231,160.702116,7.31,0.71,-0.155,1
2016-03-09 02:37:51.530000+00:00,56.172196,160.877181,25.02,1.39,-0.189,1
2016-03-09 02:45:11.900000+00:00,56.144755,160.834277,27.36,1.21,-0.316,1
2016-03-09 02:57:46.200000+00:00,56.053691,160.604134,33.86,0.88,-100.0,1
2016-03-09 02:58:32.340000+00:00,56.132166,160.449609,9.25,0.77,-0.876,1
2016-03-09 04:04:30.710000+00:00,55.648474,160.45223,12.07,0.61,-100.0,1
2016-03-09 04:55:00.230000+00:00,56.065084,160.631999,14.42,1.08,-0.829,1
2016-03-09 05:20:55.790000+00:00,56.118819,160.465283,11.57,0.77,-100.0,1
2016-03-09 06:03:29.690000+00:00,56.049166,160.595752,28.58,0.83,-100.0,1
2016-03-09 06:16:53.450000+00:00,56.023149,160.8104,16.21,0.57,-100.0,1
2016-03-09 06:34:02.870000+00:00,56.080615,160.617839,42.7,0.9,-100.0,1
2016-03-09 06:51:57.340000+00:00,56.048824,160.59821,29.7,0.95,-100.0,1
2016-03-09 07:29:02.350000+00:00,56.050175,160.592936,28.46,0.66,-100.0,1
2016-03-09 07:41:17.270000+00:00,56.047449,160.597217,27.4,0.67,-100.0,1
2016-03-09 08:01:58.420000+00:00,56.188721,160.956917,26.73,0.63,-100.0,1
2016-03-09 08:29:51.460000+00:00,56.048779,160.594613,30.38,1.19,-0.675,1
2016-03-09 08:53:16.830000+00:00,56.052559,160.602799,30.52,1.06,-0.648,1
2016-03-09 08:53:56.320000+00:00,55.556909,160.283008,17.12,1.26,-0.233,1
2016-03-09 09:07:05.470000+00:00,55.558529,160.283822,17.62,0.24,-100.0,1
2016-03-09 09:53:26.540000+00:00,56.063875,160.611393,-0.72,0.75,-100.0,1
2016-03-09 10:02:09.010000+00:00,56.060958,160.616504,-0.94,0.77,-100.0,1
2016-03-09 10:25:20.570000+00:00,56.043636,160.602653,29.45,0.71,-100.0,1
2016-03-09 11:03:21.220000+00:00,56.108809,160.474121,-1.12,0.52,-100.0,1
2016-03-09 12:12:12.910000+00:00,55.558382,160.554492,35.39,0.75,-100.0,1
2016-03-09 12:15:44.070000+00:00,56.053361,160.601107,31.97,0.97,-0.664,1
2016-03-09 12:19:44.050000+00:00,56.05647,160.603841,33.04,1.52,-0.687,1
2016-03-09 12:28:03.790000+00:00,56.050627,160.596631,29.34,0.93,-100.0,1
2016-03-09 13:06:33.920000+00:00,56.052913,160.600651,29.39,1.05,-0.57,1
2016-03-09 13:40:33.380000+00:00,56.077348,160.53387,28.38,0.95,-0.909,1
2016-03-09 14:12:34.510000+00:00,56.052608,160.612646,30.37,0.81,-100.0,1
2016-03-09 14:35:55.160000+00:00,56.052397,160.591097,29.65,0.99,-100.0,1
2016-03-09 14:50:42.690000+00:00,56.053735,160.605094,31.13,1.63,-0.809,1
2016-03-09 14:52:28.870000+00:00,56.053251,160.598291,31.44,0.67,-100.0,1
2016-03-09 15:19:47.650000+00:00,56.099459,160.436995,8.44,0.47,-0.862,1
2016-03-09 15:58:10.750000+00:00,56.0554,160.613851,32.89,1.41,-0.894,1
2016-03-09 16:54:52.890000+00:00,56.048698,160.601237,27.72,0.94,-0.775,1
2016-03-09 16:55:52.500000+00:00,55.707943,160.438265,10.22,1.65,-0.281,1
2016-03-09 17:22:28.360000+00:00,56.051331,160.59611,30.39,0.93,-0.73,1
2016-03-09 17:54:25.260000+00:00,56.154614,160.874626,24.95,1.06,-100.0,1
2016-03-09 18:17:18.840000+00:00,56.057524,160.608903,32.32,0.83,-100.0,1
2016-03-09 18:27:04.520000+00:00,56.031136,160.414274,35.51,1.08,-0.658,1
2016-03-09 19:36:31.720000+00:00,56.060189,160.61901,35.68,1.34,-0.763,1
2016-03-09 19:38:02.440000+00:00,56.053678,160.611979,31.92,0.99,-0.993,1
2016-03-09 19:42:42.540000+00:00,55.85859,160.404248,11.66,0.11,-100.0,1
2016-03-09 19:45:11.560000+00:00,55.715869,160.454134,10.81,0.51,-100.0,1
2016-03-09 20:08:52.480000+00:00,56.060266,160.607796,34.37,0.72,-100.0,1
2016-03-09 20:12:53.400000+00:00,56.05909,160.611995,32.29,1.14,-100.0,1
2016-03-09 20:28:45.360000+00:00,56.056913,160.602897,33.14,0.93,-0.791,1
2016-03-09 20:59:58.560000+00:00,56.058447,160.619661,33.67,0.85,-100.0,1
2016-03-09 21:30:17.160000+00:00,56.072843,160.498307,31.98,0.85,-0.749,1
2016-03-09 21:53:53.720000+00:00,56.048535,160.607585,29.84,0.96,-100.0,1
2016-03-09 22:29:04.920000+00:00,56.056523,160.613395,33.37,1.49,-0.81,1
2016-03-09 22:33:39.340000+00:00,56.122811,160.451676,0.34,1.13,-0.785,1
2016-03-09 22:35:37.400000+00:00,56.062109,160.615186,5.29,0.6,-100.0,1
2016-03-09 23:05:11.080000+00:00,55.566288,160.586393,17.87,1.05,-100.0,1
2016-03-09 23:37:40.280000+00:00,56.05415,160.61377,32.59,1.32,-0.818,1
2016-03-10 00:04:15.060000+00:00,56.049552,160.593913,32.91,0.94,-0.592,1
2016-03-10 00:55:00.160000+00:00,56.052287,160.608887,30.58,1.27,-0.778,1
2016-03-10 00:55:24.190000+00:00,55.813534,160.383398,27.94,0.55,-100.0,1
2016-03-10 01:05:39.850000+00:00,56.134526,160.605713,16.12,0.36,-100.0,1
2016-03-10 01:28:37.420000+00:00,56.050232,160.598633,29.93,0.89,-100.0,1
2016-03-10 01:34:00.210000+00:00,56.10957,160.486654,13.98,0.61,-0.683,1
2016-03-10 01:49:26.200000+00:00,56.057349,160.611263,33.45,1.15,-0.695,1
2016-03-10 02:27:32.300000+00:00,55.66744,160.477507,14.55,1.18,-100.0,1
2016-03-10 02:33:54.420000+00:00,56.058952,160.61014,32.8,1.3,-0.863,1
2016-03-10 02:42:16.940000+00:00,56.050301,160.598763,30.37,0.97,-0.631,1
2016-03-10 02:47:15+00:00,56.054944,160.602441,33.64,0.7,-100.0,1
2016-03-10 03:07:44.100000+00:00,56.114197,160.468571,-1.46,0.57,-100.0,1
2016-03-10 03:46:35.760000+00:00,56.061296,160.603662,33.04,0.7,-100.0,1
2016-03-10 04:10:31.980000+00:00,56.053324,160.593799,30.09,0.5,-100.0,1
2016-03-10 04:15:22+00:00,56.067647,160.621289,38.81,1.22,-0.777,1
2016-03-10 04:18:53.210000+00:00,56.056604,160.601237,32.52,0.77,-0.687,1
2016-03-10 04:28:51.740000+00:00,56.054073,160.607617,30.88,0.63,-100.0,1
2016-03-10 04:32:25.930000+00:00,55.824255,160.382259,0.8,0.58,-0.226,1
2016-03-10 04:56:48.640000+00:00,55.832898,160.375049,2.62,0.08,-0.514,1
2016-03-10 05:06:27.530000+00:00,55.831946,160.384489,4.7,0.22,-100.0,1
2016-03-10 05:07:08.890000+00:00,56.052804,160.605957,31.09,1.39,-0.714,1
2016-03-10 05:38:21.520000+00:00,56.047583,160.588102,27.13,0.67,-100.0,1
2016-03-10 05:41:48.760000+00:00,55.838936,160.384814,13.28,0.37,-100.0,1
2016-03-10 05:46:23.450000+00:00,55.840723,160.362093,14.54,0.19,-100.0,1
2016-03-10 05:59:36.510000+00:00,56.047262,160.600065,32.22,0.5,-100.0,1
2016-03-10 06:03:46.540000+00:00,56.054484,160.605843,31.03,0.66,-100.0,1
2016-03-10 06:09:44.300000+00:00,56.053475,160.611377,32.02,1.11,-0.866,1
2016-03-10 06:26:57.350000+00:00,56.054004,160.602995,28.24,0.83,-0.558,1
2016-03-10 06:40:36.660000+00:00,55.813729,160.260368,23.69,0.46,-0.63,1
2016-03-10 07:14:18.790000+00:00,56.064339,160.620215,-0.95,0.85,-100.0,1
2016-03-10 07:27:42.870000+00:00,56.062805,160.624316,-0.71,0.77,-100.0,1
2016-03-10 08:03:11.890000+00:00,56.048759,160.603971,28.97,0.82,-0.627,1
2016-03-10 09:09:50.220000+00:00,56.050362,160.597119,30.68,1.43,-0.701,1
2016-03-10 09:20:20.650000+00:00,55.72441,160.473258,1.16,0.38,-100.0,1
2016-03-10 09:52:33.180000+00:00,56.059465,160.621403,31.17,0.75,-100.0,1
2016-03-10 10:02:33.820000+00:00,56.10166,160.474805,32.03,0.66,-100.0,1
2016-03-10 10:16:00.780000+00:00,56.052425,160.609733,31.24,1.16,-0.764,1
2016-03-10 10:22:36.680000+00:00,55.700382,160.459017,6.21,0.55,-0.271,1
2016-03-10 11:00:57.710000+00:00,56.04484,160.606673,27.86,0.75,-0.624,1
2016-03-10 12:10:19.480000+00:00,56.057365,160.6125,32.99,1.08,-0.683,1
2016-03-10 12:23:17.140000+00:00,56.056458,160.610417,31.53,0.84,-100.0,1
2016-03-10 12:29:31.730000+00:00,56.054948,160.607227,33.3,1.16,-0.681,1
2016-03-10 13:09:03.050000+00:00,56.057369,160.589095,35.63,0.66,-100.0,1
2016-03-10 13:59:26.120000+00:00,56.056051,160.613232,33.17,1.04,-0.793,1
2016-03-10 15:06:40.100000+00:00,56.06969,160.620231,39.34,1.19,-0.666,1
2016-03-10 15:19:42.430000+00:00,56.222286,160.837891,22.99,2.52,-0.263,1
2016-03-10 15:24:33.440000+00:00,56.22487,160.840462,24.19,1.21,-0.376,1
2016-03-10 15:25:49.900000+00:00,56.155929,160.868343,22.27,1.7,-0.103,1
2016-03-10 15:30:05.660000+00:00,56.227214,160.837256,24.98,0.89,-100.0,1
2016-03-10 16:09:23.530000+00:00,56.056897,160.620817,32.99,1.3,-0.752,1
2016-03-10 16:15:57.420000+00:00,56.049646,160.60599,29.45,0.7,-100.0,1
2016-03-10 16:23:27.460000+00:00,56.052222,160.608968,31.65,0.93,-0.85,1
2016-03-10 16:48:08.330000+00:00,56.053243,160.610807,32.5,0.99,-0.669,1
2016-03-10 17:15:52.440000+00:00,56.135718,160.446794,8.5,0.45,-100.0,1
2016-03-10 17:20:39.800000+00:00,56.053996,160.606038,33.19,0.9,-0.796,1
2016-03-10 17:23:52.360000+00:00,56.064018,160.57627,32.54,0.81,-100.0,1
2016-03-10 18:01:27.840000+00:00,56.140523,160.685742,24.66,0.78,-100.0,1
2016-03-10 19:49:43.560000+00:00,56.070626,160.616748,37.05,0.58,-100.0,1
2016-03-10 20:04:33.080000+00:00,56.074565,160.63151,5.83,0.47,-100.0,1
2016-03-10 20:14:20.120000+00:00,56.053422,160.605697,30.07,1.1,-0.857,1
2016-03-10 21:24:44+00:00,56.057796,160.603825,34.65,0.55,-100.0,1
2016-03-10 21:40:01.780000+00:00,56.080412,160.735156,22.39,1.37,-0.539,1
2016-03-10 21:58:46.280000+00:00,56.064119,160.625326,36.27,0.79,-100.0,1
2016-03-10 22:10:34.920000+00:00,56.057772,160.606527,33.81,1.05,-0.716,1
2016-03-10 22:17:57.520000+00:00,56.12509,160.472542,3.48,0.25,-0.528,1
2016-03-10 23:02:40.920000+00:00,55.824202,160.382161,0.43,0.48,-100.0,1
2016-03-10 23:04:57.960000+00:00,55.825549,160.383805,0.27,0.69,-0.775,1
2016-03-10 23:11:24.920000+00:00,56.0545,160.613363,33.13,1.14,-0.815,1
2016-03-10 23:13:42.440000+00:00,55.823714,160.375146,1.08,0.04,-0.72,1
2016-03-10 23:14:06.600000+00:00,55.825533,160.379183,0.75,0.55,-0.71,1
2016-03-10 23:16:12.640000+00:00,55.822603,160.375667,0.9,0.57,-0.957,1
2016-03-10 23:17:59.520000+00:00,55.820223,160.388639,1.09,0.16,-0.723,1
2016-03-10 23:19:08.240000+00:00,55.827494,160.381868,0.89,0.81,-0.542,1
2016-03-10 23:42:53.320000+00:00,55.835368,160.374577,6.95,0.03,-100.0,1
2016-03-10 23:56:28.300000+00:00,55.835356,160.379932,9.94,0.26,-100.0,1
2016-03-11 00:01:29.140000+00:00,55.835661,160.377995,11.0,0.42,-0.443,1
2016-03-11 00:02:01.290000+00:00,55.835449,160.38291,11.8,0.7,-0.441,1
2016-03-11 00:05:20.400000+00:00,55.837915,160.387028,13.47,0.82,0.161,1
2016-03-11 00:06:02.320000+00:00,55.787024,160.503695,8.63,0.74,-100.0,1
2016-03-11 00:11:06.450000+00:00,56.043945,160.601872,28.78,1.2,-0.834,1
2016-03-11 00:40:43+00:00,56.115519,160.457292,0.28,0.78,-0.786,1
2016-03-11 00:57:35.210000+00:00,56.0559,160.613477,33.63,1.05,-0.766,1
2016-03-11 01:06:17.950000+00:00,56.045536,160.599984,27.65,0.89,-100.0,1
2016-03-11 02:12:56.040000+00:00,56.064498,160.623584,37.82,0.68,-100.0,1
2016-03-11 03:04:07.520000+00:00,56.049455,160.610238,32.91,1.35,-0.589,1
2016-03-11 04:03:34.820000+00:00,56.115287,160.450798,-1.75,1.0,-0.752,1
2016-03-11 04:29:46.010000+00:00,56.052881,160.610075,31.51,1.23,-0.768,1
2016-03-11 04:55:44.170000+00:00,56.062126,160.622868,-1.55,0.8,-100.0,1
2016-03-11 06:52:56.360000+00:00,56.115918,160.459473,0.96,0.79,-0.855,1
2016-03-11 07:09:16.460000+00:00,56.041992,160.605615,35.04,0.51,-100.0,1
2016-03-11 08:00:53.550000+00:00,56.064449,160.61766,-0.72,0.96,-100.0,1
2016-03-11 09:57:28.330000+00:00,56.061353,160.622738,-0.51,0.47,-100.0,1
2016-03-11 11:09:12.670000+00:00,55.602254,160.528874,28.06,1.12,-100.0,1
2016-03-11 11:16:08.730000+00:00,56.120589,160.452067,4.25,1.15,-0.648,1
2016-03-11 11:39:59.110000+00:00,56.135506,160.53335,12.45,0.79,-0.584,1
2016-03-11 11:46:37.330000+00:00,56.126998,160.436605,-0.2,0.66,-0.676,1
2016-03-11 12:08:39.270000+00:00,56.003072,160.813558,14.53,1.28,-0.22,1
2016-03-11 13:01:52.390000+00:00,56.064176,160.621859,-1.02,0.71,-100.0,1
2016-03-11 14:12:34.920000+00:00,56.059347,160.591585,31.36,0.56,-100.0,1
2016-03-11 14:32:27.920000+00:00,55.814803,160.247884,22.03,0.49,-100.0,1
2016-03-11 14:33:03.560000+00:00,55.817033,160.253288,22.83,1.01,-0.876,1
2016-03-11 15:08:16.940000+00:00,56.196436,160.96193,25.28,0.89,-100.0,1
2016-03-11 15:25:44.620000+00:00,55.732617,160.478613,0.33,0.18,-100.0,1
2016-03-11 15:34:38.420000+00:00,56.066264,160.65555,13.09,0.62,-100.0,1
2016-03-11 16:13:32.110000+00:00,55.955001,160.932617,9.13,0.91,-100.0,1
2016-03-11 16:26:57.340000+00:00,56.055977,160.6,31.86,0.91,-0.602,1
2016-03-11 16:33:09.800000+00:00,56.115474,160.462142,-0.74,0.61,-100.0,1
2016-03-11 16:47:24.890000+00:00,56.062447,160.626042,3.46,1.04,-0.683,1
2016-03-11 16:48:05.230000+00:00,56.059753,160.630225,13.46,1.29,-0.626,1
2016-03-11 18:19:02.240000+00:00,56.053389,160.606169,31.44,1.38,-0.781,1
2016-03-11 18:32:57.360000+00:00,56.14836,160.353581,3.49,0.71,-1.047,1
2016-03-11 19:49:21.640000+00:00,56.062687,160.619906,-1.26,0.79,-100.0,1
2016-03-11 20:27:55.780000+00:00,56.063586,160.618685,-1.14,0.65,-100.0,1
2016-03-11 21:59:36.120000+00:00,56.049048,160.599593,30.2,0.74,-0.569,1
2016-03-11 22:06:35.320000+00:00,56.050789,160.605192,31.63,0.92,-0.694,1
2016-03-11 22:33:35.480000+00:00,56.045292,160.599674,28.74,1.4,-0.844,1
2016-03-11 22:48:35.840000+00:00,56.049056,160.602555,30.27,1.17,-0.813,1
2016-03-11 23:11:07.660000+00:00,56.050151,160.602507,31.29,1.41,-0.794,1
2016-03-11 23:13:22.660000+00:00,56.127283,160.447347,6.36,1.04,-100.0,1
2016-03-11 23:22:38.540000+00:00,56.050338,160.599609,30.05,1.1,-0.585,1
2016-03-11 23:24:00.960000+00:00,56.193608,160.97194,25.87,0.97,-0.067,1
2016-03-11 23:41:26.360000+00:00,56.043799,160.600049,28.29,1.06,-0.592,1
2016-03-12 00:11:02.090000+00:00,56.045313,160.597998,29.13,0.91,-0.759,1
2016-03-12 00:23:57.510000+00:00,56.050102,160.594678,35.98,0.83,-0.621,1
2016-03-12 00:40:21.310000+00:00,56.141305,160.928158,26.0,0.99,-0.175,1
2016-03-12 00:52:04+00:00,56.124353,160.877718,25.15,1.1,-100.0,1
2016-03-12 00:55:35.710000+00:00,56.046602,160.59764,28.18,1.55,-0.738,1
2016-03-12 01:38:03.840000+00:00,56.054085,160.597428,31.15,0.89,-0.685,1
2016-03-12 02:04:31.220000+00:00,56.062272,160.618197,-1.2,0.72,-100.0,1
2016-03-12 02:08:27.050000+00:00,56.046102,160.594466,28.12,1.24,-0.664,1
2016-03-12 02:22:35.560000+00:00,56.116728,160.457015,-0.15,1.07,-0.928,1
2016-03-12 02:55:18.230000+00:00,56.051937,160.596077,35.25,0.71,-0.616,1
2016-03-12 03:26:59.730000+00:00,56.161747,160.860677,25.05,1.03,-0.172,1
2016-03-12 04:35:05.820000+00:00,56.064925,160.623291,17.26,1.0,-0.673,1
2016-03-12 05:06:43.980000+00:00,56.064445,160.620915,-0.97,0.82,-100.0,1
2016-03-12 06:30:53.690000+00:00,56.049264,160.593734,27.52,0.57,-100.0,1
2016-03-12 06:33:14.190000+00:00,56.054993,160.611084,31.38,1.11,-0.817,1
2016-03-12 06:33:50.080000+00:00,56.056901,160.606315,31.98,1.04,-0.541,1
2016-03-12 06:37:03.890000+00:00,56.056559,160.619678,32.21,1.16,-0.67,1
2016-03-12 06:53:18.290000+00:00,56.038269,160.591829,17.34,0.72,-0.611,1
2016-03-12 07:22:27.040000+00:00,56.059216,160.607715,32.73,0.86,-0.575,1
2016-03-12 07:40:01.460000+00:00,56.045247,160.613086,29.09,0.94,-0.727,1
2016-03-12 08:04:38.870000+00:00,56.155868,160.877067,25.28,1.11,-0.16,1
2016-03-12 08:09:49.270000+00:00,56.051949,160.605599,31.11,1.25,-0.714,1
2016-03-12 08:12:55.510000+00:00,56.067196,160.62762,4.63,0.73,-100.0,1
2016-03-12 09:12:23.150000+00:00,55.824467,160.383708,1.58,0.55,-0.69,1
2016-03-12 09:15:02.640000+00:00,55.828625,160.381217,1.86,0.36,-0.668,1
2016-03-12 09:17:53.320000+00:00,55.83077,160.386654,3.89,0.38,-1.161,1
2016-03-12 09:26:00.610000+00:00,55.836715,160.390902,6.42,0.57,-0.981,1
2016-03-12 09:30:00.530000+00:00,55.804366,160.363265,9.75,0.58,-100.0,1
2016-03-12 09:38:24.470000+00:00,55.838131,160.377783,9.86,0.27,-100.0,1
2016-03-12 09:39:49.330000+00:00,55.839274,160.383675,10.48,0.2,-100.0,1
2016-03-12 09:44:41.990000+00:00,55.837968,160.392236,11.15,0.52,-0.326,1
2016-03-12 09:45:26.520000+00:00,56.066085,160.618815,-0.91,0.9,-0.892,1
2016-03-12 09:51:38.630000+00:00,55.837891,160.392578,13.57,0.17,-100.0,1
2016-03-12 10:04:23.110000+00:00,55.83776,160.392692,14.56,0.33,-100.0,1
2016-03-12 10:17:10.950000+00:00,55.842126,160.404704,16.42,0.3,-0.919,1
2016-03-12 10:31:12.760000+00:00,56.056042,160.608773,32.27,1.28,-0.726,1
2016-03-12 12:18:02.430000+00:00,56.055575,160.611865,33.19,1.04,-0.732,1
2016-03-12 12:24:50.340000+00:00,56.146549,160.701286,25.43,0.6,-100.0,1
2016-03-12 12:27:08.710000+00:00,56.05885,160.626123,-1.94,0.19,-100.0,1
2016-03-12 12:44:58.360000+00:00,56.104236,160.321631,11.11,0.2,-100.0,1
2016-03-12 13:27:13.120000+00:00,55.800537,160.885531,43.09,1.8,-0.821,1
2016-03-12 14:28:37.770000+00:00,56.058073,160.609749,32.8,0.89,-0.531,1
2016-03-12 15:19:41.600000+00:00,56.142867,160.618034,17.22,0.98,-100.0,1
2016-03-12 15:27:26.870000+00:00,55.800639,160.267008,23.82,0.15,-100.0,1
2016-03-12 15:28:00.880000+00:00,55.803564,160.275326,23.92,0.23,-0.505,1
2016-03-12 15:30:39.600000+00:00,56.134534,160.448535,1.03,0.03,-100.0,1
2016-03-12 16:10:11.120000+00:00,56.058203,160.617643,35.81,1.06,-0.689,1
2016-03-12 16:15:13.610000+00:00,56.065739,160.622673,5.1,0.73,-100.0,1
2016-03-12 17:01:18.080000+00:00,56.107483,160.528792,10.23,0.46,-100.0,1
2016-03-12 17:45:40.680000+00:00,56.116813,160.883252,25.9,1.28,-0.228,1
2016-03-12 18:43:51.100000+00:00,55.663704,160.413053,12.75,0.56,-0.359,1
2016-03-12 18:52:47.320000+00:00,56.086584,160.631901,6.62,0.49,-100.0,1
2016-03-12 19:11:20.960000+00:00,56.065894,160.628353,4.57,0.81,-100.0,1
2016-03-12 19:30:38.840000+00:00,55.717769,160.423047,8.44,0.4,-0.2,1
2016-03-12 19:58:49.840000+00:00,56.065597,160.651074,-1.69,1.14,-100.0,1
2016-03-12 21:13:59.440000+00:00,55.665068,160.416439,12.4,1.01,-0.137,1
2016-03-12 21:51:57.720000+00:00,55.642757,160.809945,39.78,0.25,-100.0,1
2016-03-12 22:43:03.400000+00:00,55.68276,160.415706,11.05,0.09,-100.0,1
2016-03-12 23:25:42.400000+00:00,55.984285,160.614518,23.39,0.61,-0.488,1
2016-03-13 00:08:46.430000+00:00,55.923901,160.819775,17.02,0.9,-100.0,1
2016-03-13 01:37:21.430000+00:00,56.12238,160.698568,23.59,0.9,-100.0,1
2016-03-13 02:11:36.730000+00:00,55.584786,160.467025,13.71,0.71,-100.0,1
2016-03-13 02:14:08.440000+00:00,56.071029,160.623991,5.4,0.73,-100.0,1
2016-03-13 02:50:30.100000+00:00,55.712004,160.438135,7.23,0.53,-0.295,1
2016-03-13 03:58:56.060000+00:00,55.669674,160.668457,4.8,0.3,-100.0,1
2016-03-13 05:54:16.310000+00:00,55.663607,160.417497,11.91,0.68,-0.25,1
2016-03-13 05:54:40.370000+00:00,55.5047,160.309408,18.33,1.33,-0.184,1
2016-03-13 05:57:08.820000+00:00,55.692851,160.400049,14.45,0.63,-0.264,1
2016-03-13 05:57:47.190000+00:00,55.692155,160.453548,0.53,0.45,-100.0,1
2016-03-13 05:59:24.490000+00:00,55.659607,160.408301,13.55,0.67,-100.0,1
2016-03-13 06:10:27.910000+00:00,56.045398,160.59707,27.79,1.17,-0.775,1
2016-03-13 06:29:22.730000+00:00,55.664258,160.414746,12.43,0.6,-0.238,1
2016-03-13 07:04:44.380000+00:00,56.150509,160.694385,26.82,0.95,-100.0,1
2016-03-13 07:20:02.230000+00:00,56.073397,160.639518,6.43,0.58,-100.0,1
2016-03-13 07:25:50.110000+00:00,56.090792,160.688379,27.91,0.36,-100.0,1
2016-03-13 08:24:32.310000+00:00,56.060063,160.60127,34.06,0.87,-0.63,1
2016-03-13 09:01:21.550000+00:00,56.050065,160.624837,21.14,0.75,-100.0,1
2016-03-13 09:12:37.050000+00:00,56.151424,160.693424,26.41,0.84,-100.0,1
2016-03-13 09:32:44.710000+00:00,56.111145,160.490251,-0.17,0.24,-100.0,1
2016-03-13 10:09:25.500000+00:00,56.084058,160.62889,42.11,1.15,-0.687,1
2016-03-13 10:21:44.500000+00:00,55.827458,160.35013,11.73,0.48,-100.0,1
2016-03-13 10:42:18.900000+00:00,56.046916,160.596403,38.11,1.02,-0.675,1
2016-03-13 11:26:50.370000+00:00,56.065263,160.622298,-0.4,0.82,-100.0,1
2016-03-13 11:43:23.090000+00:00,56.131319,160.439551,7.05,0.98,-0.772,1
2016-03-13 12:00:19.610000+00:00,55.730664,160.471859,11.7,1.44,-0.267,1
2016-03-13 13:35:33.760000+00:00,56.125549,160.460612,0.93,0.81,-0.844,1
2016-03-13 13:53:29.010000+00:00,56.121122,160.455371,0.37,0.9,-0.602,1
2016-03-13 13:59:20.640000+00:00,56.059001,160.611816,33.79,1.27,-0.765,1
2016-03-13 14:09:44.300000+00:00,56.128292,160.945752,30.01,1.03,-0.309,1
2016-03-13 14:13:10.500000+00:00,56.064193,160.624658,-1.8,0.84,-100.0,1
2016-03-13 15:30:23.190000+00:00,55.578947,160.225098,34.86,1.0,-100.0,1
2016-03-13 15:38:01.140000+00:00,56.060811,160.620768,34.92,1.44,-0.745,1
2016-03-13 15:46:09+00:00,56.058004,160.608138,31.7,0.93,-100.0,1
2016-03-13 16:35:17.020000+00:00,56.063375,160.620264,-0.8,1.22,-100.0,1
2016-03-13 16:47:59.790000+00:00,56.062854,160.623437,-1.34,0.97,-100.0,1
2016-03-13 19:15:56.680000+00:00,56.086654,160.624089,44.58,1.29,-0.814,1
2016-03-13 20:27:03.420000+00:00,56.112785,160.483919,9.44,0.98,-0.749,1
2016-03-13 20:28:06.560000+00:00,56.167094,160.892236,21.38,1.02,-0.166,1
2016-03-13 20:41:44.780000+00:00,55.663281,160.417839,12.1,0.2,-0.137,1
2016-03-13 21:11:40+00:00,56.067501,160.596924,-2.32,0.59,-100.0,1
2016-03-13 22:27:59.960000+00:00,56.11453,160.465267,-0.87,0.49,-0.64,1
2016-03-13 22:31:42.820000+00:00,56.108952,160.66001,0.2,0.75,-100.0,1
2016-03-13 22:55:35.360000+00:00,56.068815,160.632699,-0.4,0.9,-100.0,1
2016-03-13 23:14:31.640000+00:00,56.044865,160.5986,27.57,1.23,-0.885,1
2016-03-14 01:02:07.160000+00:00,56.062598,160.62002,-1.03,0.62,-100.0,1
2016-03-14 01:34:21.930000+00:00,56.065507,160.61473,38.09,0.87,-0.725,1
2016-03-14 02:03:54.190000+00:00,56.10203,160.622949,8.78,0.65,-100.0,1
2016-03-14 02:16:52.970000+00:00,55.699715,160.301693,13.67,0.11,-100.0,1
2016-03-14 03:06:43.850000+00:00,55.694242,160.424121,12.05,0.39,-0.231,1
2016-03-14 03:29:17.990000+00:00,56.148568,160.693978,25.78,0.83,-0.805,1
2016-03-14 03:31:26.430000+00:00,56.144495,160.686589,24.88,0.96,-100.0,1
2016-03-14 03:43:13.030000+00:00,56.060706,160.616325,27.92,0.87,-100.0,1
2016-03-14 04:23:40.930000+00:00,56.061991,160.609359,-2.05,0.59,-100.0,1
2016-03-14 04:48:04.440000+00:00,56.063774,160.621908,-0.41,0.93,-100.0,1
2016-03-14 06:35:59.140000+00:00,55.873938,160.189583,18.23,0.95,-0.016,1
2016-03-14 06:43:15.200000+00:00,56.13693,160.913281,25.09,1.64,-0.174,1
2016-03-14 07:09:32.670000+00:00,55.610132,160.196859,20.93,1.18,-0.833,1
2016-03-14 07:15:21.460000+00:00,56.063729,160.618555,-0.79,0.85,-100.0,1
2016-03-14 07:38:20.110000+00:00,55.698242,160.475749,-0.49,1.31,-0.257,1
2016-03-14 08:18:56.710000+00:00,56.060067,160.627376,-0.94,0.6,-100.0,1
2016-03-14 08:53:29.980000+00:00,56.070614,160.629622,4.8,0.72,-100.0,1
2016-03-14 09:26:40.450000+00:00,56.062683,160.621729,-0.84,0.85,-100.0,1
2016-03-14 10:28:47.690000+00:00,56.139103,160.91613,26.29,1.05,-0.164,1
2016-03-14 11:32:35.710000+00:00,56.075525,160.629557,5.41,0.81,-100.0,1
2016-03-14 11:59:43.060000+00:00,56.118099,160.457308,-0.06,0.96,-0.576,1
2016-03-14 12:57:14.190000+00:00,55.722062,160.462402,12.78,0.43,-0.151,1
2016-03-14 13:12:55.010000+00:00,55.980176,160.887223,21.4,0.77,-100.0,1
2016-03-14 14:34:19.570000+00:00,56.065544,160.629329,-0.86,0.81,-100.0,1
2016-03-14 14:51:54.570000+00:00,55.720516,160.433317,10.2,1.03,-0.162,1
2016-03-14 14:58:57.950000+00:00,55.829065,160.377913,0.95,0.33,-100.0,1
2016-03-14 15:25:20.460000+00:00,55.831734,160.382048,5.51,0.3,-100.0,1
2016-03-14 15:30:23.730000+00:00,56.11862,160.465397,0.33,0.49,-100.0,1
2016-03-14 15:37:19.770000+00:00,55.717737,160.469271,17.05,0.2,-100.0,1
2016-03-14 15:47:31.630000+00:00,56.093856,160.606722,42.42,0.91,-100.0,1
2016-03-14 15:55:54.300000+00:00,55.844519,160.40791,11.76,0.42,-0.448,1
2016-03-14 16:17:35.580000+00:00,55.862048,160.410449,13.63,0.31,-100.0,1
2016-03-14 16:18:46.680000+00:00,55.83315,160.370426,14.09,0.27,-100.0,1
2016-03-14 16:27:03.590000+00:00,55.840645,160.401742,15.18,0.3,-0.717,1
2016-03-14 17:04:59.840000+00:00,56.064335,160.620752,-0.54,0.73,-0.85,1
2016-03-14 17:15:22.680000+00:00,56.192501,160.822331,-2.55,0.88,-100.0,1
2016-03-14 17:45:46.980000+00:00,56.063123,160.618392,-1.28,0.69,-100.0,1
2016-03-14 19:27:31.960000+00:00,56.060982,160.634261,17.68,0.43,-100.0,1
2016-03-14 19:45:58.840000+00:00,56.068152,160.623405,2.16,0.62,-100.0,1
2016-03-14 20:14:09.520000+00:00,56.065206,160.626839,-0.98,0.9,-100.0,1
2016-03-14 21:09:06.820000+00:00,55.708679,160.429411,15.93,0.16,-100.0,1
2016-03-14 21:13:34.640000+00:00,56.107556,160.668001,31.29,0.57,-100.0,1
2016-03-14 21:17:53.540000+00:00,55.727035,160.479118,-0.85,0.7,-0.185,1
2016-03-14 21:26:01+00:00,55.709985,160.445231,10.8,0.54,-0.235,1
2016-03-14 21:57:52.880000+00:00,55.732731,160.462158,11.11,0.73,-0.18,1
2016-03-14 22:07:16.760000+00:00,55.828345,160.501839,4.34,0.72,-0.243,1
2016-03-14 22:24:19.560000+00:00,55.655298,160.416195,10.55,1.64,-0.275,1
2016-03-14 22:58:16.460000+00:00,55.654936,160.416455,8.36,0.04,-100.0,1
2016-03-14 23:02:07.600000+00:00,55.659969,160.414974,11.1,0.24,-0.214,1
2016-03-14 23:06:29.220000+00:00,56.069576,160.63846,4.49,0.83,-100.0,1
2016-03-15 00:09:48.880000+00:00,56.063692,160.618408,-0.98,0.94,-100.0,1
2016-03-15 00:39:56.980000+00:00,56.083398,160.683968,4.02,0.67,-0.904,1
2016-03-15 01:04:30.300000+00:00,55.814473,160.344303,6.12,0.17,-0.809,1
2016-03-15 02:19:35.930000+00:00,55.709607,160.43387,11.47,0.54,-0.172,1
2016-03-15 02:54:02.790000+00:00,56.17004,160.879801,26.61,1.2,-100.0,1
2016-03-15 04:44:26.380000+00:00,55.701986,160.476009,14.86,0.22,-0.177,1
2016-03-15 04:47:37.650000+00:00,55.671265,160.407503,9.49,0.15,-100.0,1
2016-03-15 05:08:05.410000+00:00,56.084115,160.588493,7.05,0.82,-100.0,1
2016-03-15 05:21:51.480000+00:00,55.660343,160.436475,8.58,0.17,-100.0,1
2016-03-15 05:31:57.890000+00:00,56.10531,160.527816,6.6,1.25,-100.0,1
2016-03-15 07:23:34.630000+00:00,55.71318,160.454688,9.21,0.67,-0.194,1
2016-03-15 07:35:42.540000+00:00,56.065857,160.629687,-0.77,0.44,-100.0,1
2016-03-15 07:41:25.210000+00:00,56.066634,160.636947,15.98,1.02,-100.0,1
2016-03-15 08:11:30.450000+00:00,56.070805,160.64209,5.57,0.82,-100.0,1
2016-03-15 08:17:22.170000+00:00,56.073633,160.630566,6.84,0.87,-100.0,1
2016-03-15 08:32:49.160000+00:00,56.060347,160.627018,-1.31,1.19,-100.0,1
2016-03-15 08:51:30.880000+00:00,56.064591,160.623763,-0.6,0.84,-100.0,1
2016-03-15 09:52:22.250000+00:00,56.074666,160.623649,6.56,0.59,-100.0,1
2016-03-15 10:12:35.530000+00:00,56.158374,160.691618,26.76,0.89,-100.0,1
2016-03-15 10:17:46.710000+00:00,56.066671,160.631071,0.34,0.58,-100.0,1
2016-03-15 11:05:32.140000+00:00,56.205444,160.506722,22.56,0.84,-100.0,1
2016-03-15 11:53:05.150000+00:00,56.154065,160.712012,30.18,0.84,-100.0,1
2016-03-15 12:16:24.680000+00:00,56.121916,160.448519,4.67,0.77,-100.0,1
2016-03-15 12:34:44.540000+00:00,55.565389,160.536296,25.55,0.75,-0.604,1
2016-03-15 12:56:51.890000+00:00,56.06947,160.6271,5.54,0.84,-100.0,1
2016-03-15 13:18:24.370000+00:00,56.068945,160.630713,5.17,0.85,-100.0,1
2016-03-15 13:34:17.040000+00:00,56.06969,160.625537,4.86,0.75,-100.0,1
2016-03-15 14:30:25.390000+00:00,56.069918,160.629313,5.06,0.65,-100.0,1
2016-03-15 22:21:39.460000+00:00,56.063452,160.614795,-1.39,1.59,-100.0,1
2016-03-16 07:21:41.710000+00:00,55.667375,160.421761,12.27,1.56,-0.314,1
2016-03-16 14:35:41.060000+00:00,55.82644,160.374382,1.48,1.12,-100.0,1
2016-03-16 14:46:04.790000+00:00,55.833366,160.382894,0.93,0.9,-100.0,1
2016-03-16 14:52:44.350000+00:00,55.832931,160.400049,6.01,1.3,-0.723,1
2016-03-16 15:44:39.010000+00:00,55.84139,160.393815,0.61,0.8,-100.0,1
2016-03-16 16:32:11.750000+00:00,55.824556,160.159847,23.11,1.51,-100.0,1
2016-03-16 23:44:28.640000+00:00,56.067509,160.637598,4.52,1.03,-100.0,1
2016-03-17 03:55:45.940000+00:00,56.062622,160.619629,-1.21,1.44,-100.0,2
2016-03-17 06:07:48.930000+00:00,56.138957,160.867806,22.26,2.06,-0.127,2
2016-03-17 06:21:56.650000+00:00,56.065393,160.620394,-0.47,1.54,-0.747,2
2016-03-17 06:46:52.930000+00:00,55.712008,160.455778,10.18,1.0,-0.247,2
2016-03-17 07:40:24.020000+00:00,55.742493,160.483219,1.06,0.6,-100.0,2
2016-03-17 08:20:49.650000+00:00,55.69799,160.476855,-0.61,0.77,-100.0,2
2016-03-17 10:52:00.710000+00:00,55.723975,160.514079,10.3,1.31,-0.124,2
2016-03-17 17:22:26.560000+00:00,55.779594,160.096305,12.98,0.93,-100.0,2
2016-03-17 18:50:40.020000+00:00,56.1493,160.31333,45.83,1.2,-100.0,2
2016-03-17 20:07:32.140000+00:00,56.061401,160.623665,4.1,1.25,-100.0,2
2016-03-17 20:24:30.640000+00:00,56.076444,160.654525,8.54,1.38,-100.0,2
2016-03-17 23:53:22.840000+00:00,56.123161,160.522103,36.61,1.6,-100.0,2
2016-03-18 04:36:21.350000+00:00,56.078658,160.66167,15.77,1.32,-100.0,2
2016-03-18 13:57:41.080000+00:00,55.697624,160.412598,14.24,0.84,-100.0,2
2016-03-18 14:07:05.370000+00:00,56.071875,160.64305,5.28,1.21,-100.0,2
2016-03-18 14:23:19.470000+00:00,55.708911,160.416064,15.67,0.36,-100.0,2
2016-03-18 16:32:17.300000+00:00,55.749947,160.95236,20.66,0.84,-100.0,2
2016-03-18 17:09:27.400000+00:00,56.053263,160.605876,-0.72,1.53,-100.0,2
2016-03-18 22:03:37.620000+00:00,56.105461,160.86958,24.63,1.74,-100.0,2
2016-03-19 00:03:20.220000+00:00,56.061361,160.620882,-1.26,1.22,-100.0,2
2016-03-19 00:42:24.780000+00:00,56.081006,160.649202,3.47,1.03,-100.0,2
2016-03-19 00:56:03.150000+00:00,56.062638,160.624967,-0.96,1.43,-0.95,2
2016-03-19 01:15:01.230000+00:00,55.511865,160.281429,14.34,0.47,-100.0,2
2016-03-19 04:42:56.840000+00:00,56.068339,160.625,-0.65,0.95,-1.109,2
2016-03-19 05:15:01.090000+00:00,55.504553,160.309505,18.32,2.23,-0.313,2
2016-03-19 06:45:42.520000+00:00,55.509859,160.283301,15.01,0.17,-100.0,2
2016-03-19 06:50:29.080000+00:00,56.046818,160.599235,29.28,1.23,-0.702,2
2016-03-19 07:14:46.030000+00:00,56.049463,160.59738,30.27,0.83,-0.414,2
2016-03-19 07:37:04.940000+00:00,56.050073,160.596875,30.97,1.1,-0.561,2
2016-03-19 07:43:56.270000+00:00,56.051481,160.595329,29.98,1.26,-0.516,2
2016-03-19 08:33:59.350000+00:00,56.046737,160.608203,28.19,0.82,-0.627,2
2016-03-19 09:01:35.340000+00:00,55.585657,160.283854,31.4,1.3,-100.0,2
2016-03-19 09:06:20.320000+00:00,56.046521,160.601107,29.74,0.72,-100.0,2
2016-03-19 09:17:59.300000+00:00,55.686206,160.35612,10.02,0.08,-100.0,2
2016-03-19 09:55:59.410000+00:00,56.052136,160.603971,30.43,1.37,-0.682,2
2016-03-19 10:52:40.060000+00:00,56.02511,160.663118,0.99,0.85,-100.0,2
2016-03-19 12:08:56+00:00,56.054797,160.596549,32.43,1.13,-0.72,2
2016-03-19 12:15:26.700000+00:00,56.067224,160.626774,-0.63,0.89,-0.751,2
2016-03-19 12:47:12.220000+00:00,56.06567,160.623356,-0.9,0.97,-100.0,2
2016-03-19 13:19:24.660000+00:00,56.117814,160.459147,0.03,0.91,-0.586,2
2016-03-19 13:44:41.910000+00:00,56.053483,160.597575,31.27,0.9,-0.56,2
2016-03-19 14:01:28.290000+00:00,56.062394,160.624626,-0.7,0.92,-0.87,2
2016-03-19 14:34:33.620000+00:00,56.054195,160.608691,31.78,0.82,-100.0,2
2016-03-19 15:12:55.810000+00:00,56.047583,160.602214,28.01,1.0,-0.639,2
2016-03-19 15:42:30.390000+00:00,56.072384,160.63335,5.22,1.12,-100.0,2
2016-03-19 16:22:58.870000+00:00,56.062488,160.627588,-0.85,0.75,-100.0,2
2016-03-19 16:36:15.210000+00:00,56.073458,160.611865,-0.2,0.87,-100.0,2
2016-03-19 16:50:58.960000+00:00,56.068156,160.619613,-1.23,0.65,-0.666,2
2016-03-19 17:15:47.560000+00:00,56.06711,160.628743,4.21,1.04,-100.0,2
2016-03-19 17:16:59.520000+00:00,56.069173,160.629704,4.81,0.94,-100.0,2
2016-03-19 17:32:30.560000+00:00,56.066142,160.631982,13.59,0.87,-100.0,2
2016-03-19 17:39:26.680000+00:00,56.052718,160.60402,29.39,0.89,-0.649,2
2016-03-19 17:47:48.400000+00:00,56.150606,160.716667,27.22,0.83,-100.0,2
2016-03-19 17:50:37.040000+00:00,56.067419,160.627783,-0.98,0.56,-100.0,2
2016-03-19 18:05:44.920000+00:00,56.066907,160.648991,13.95,0.8,-100.0,2
2016-03-19 18:26:36.320000+00:00,56.064433,160.624235,-0.66,0.74,-100.0,2
2016-03-19 19:11:15.440000+00:00,56.064775,160.621973,-0.93,0.78,-100.0,2
2016-03-19 19:14:05.600000+00:00,56.065462,160.624219,-0.53,0.84,-100.0,2
2016-03-19 19:24:19.460000+00:00,56.202478,160.764974,33.95,0.91,-100.0,2
2016-03-19 19:29:20.920000+00:00,56.072217,160.634066,0.17,0.95,-100.0,2
2016-03-19 19:42:30.860000+00:00,56.056181,160.595036,32.44,0.96,-0.557,2
2016-03-19 19:58:52.980000+00:00,56.066899,160.625863,-0.71,0.98,-0.79,2
2016-03-19 20:17:45.920000+00:00,56.109347,160.584261,12.42,0.78,-100.0,2
2016-03-19 20:59:40.040000+00:00,56.064665,160.625423,-0.83,0.87,-100.0,2
2016-03-19 21:41:05.580000+00:00,56.058765,160.60599,33.63,1.19,-0.889,2
2016-03-19 21:44:37.800000+00:00,56.052596,160.598014,31.01,1.32,-0.591,2
2016-03-19 22:03:59.720000+00:00,56.06274,160.626156,-0.3,1.03,-0.335,2
2016-03-19 22:54:30.780000+00:00,56.067517,160.644971,-2.08,0.92,-100.0,2
2016-03-19 23:13:16.360000+00:00,56.052319,160.605208,30.38,1.02,-100.0,2
2016-03-19 23:35:31.480000+00:00,56.06156,160.643294,0.26,0.5,-100.0,2
2016-03-20 00:55:01.460000+00:00,56.067989,160.623079,-0.39,1.04,-100.0,2
2016-03-20 02:34:57.450000+00:00,55.713481,160.441325,7.63,0.16,-100.0,2
2016-03-20 03:39:04.900000+00:00,56.06523,160.627702,-0.76,1.12,-100.0,2
2016-03-20 08:35:36.020000+00:00,56.081502,160.616195,5.61,1.09,-100.0,2
2016-03-20 12:02:12.400000+00:00,56.067505,160.6271,-0.4,1.13,-100.0,2
2016-03-20 12:21:26.220000+00:00,55.652319,160.456234,10.04,1.93,-0.278,2
2016-03-20 15:02:08.190000+00:00,56.062878,160.623617,-0.73,1.06,-100.0,2
2016-03-20 15:17:30.620000+00:00,55.731799,160.470833,6.56,0.74,-100.0,2
2016-03-20 19:20:44.780000+00:00,56.06639,160.629281,-0.64,0.75,-100.0,2
2016-03-20 20:21:18.360000+00:00,56.063118,160.62876,-1.21,0.66,-100.0,2
2016-03-20 22:10:17.760000+00:00,56.063118,160.62251,-0.88,1.08,-100.0,2
2016-03-20 22:38:28.200000+00:00,55.652507,160.456234,10.14,0.56,-100.0,2
2016-03-20 22:46:06.360000+00:00,56.063228,160.617301,-0.94,1.02,-100.0,2
2016-03-20 23:27:08.660000+00:00,55.829557,160.378434,2.21,0.43,-100.0,2
2016-03-20 23:44:59.640000+00:00,55.771993,160.375195,2.26,0.1,-100.0,2
2016-03-20 23:53:29.120000+00:00,55.832674,160.381478,8.04,0.41,-100.0,2
2016-03-21 00:20:57.120000+00:00,55.645638,160.46263,12.11,0.83,-0.323,1
2016-03-21 01:47:33.900000+00:00,55.807743,160.24987,22.89,0.74,-0.531,1
2016-03-21 01:48:37.810000+00:00,55.809444,160.282943,25.31,1.24,-0.546,1
2016-03-21 02:19:24.380000+00:00,56.064323,160.62762,-1.22,1.15,-100.0,1
2016-03-21 02:22:59.880000+00:00,56.063424,160.626937,-0.79,1.0,-100.0,1
2016-03-21 02:31:34.570000+00:00,55.689355,160.413086,14.42,1.07,-0.276,1
2016-03-21 03:31:54.640000+00:00,56.06488,160.567415,37.12,0.94,-100.0,1
2016-03-21 03:40:51.170000+00:00,56.078304,160.591488,9.6,0.76,-100.0,1
2016-03-21 05:52:17.740000+00:00,56.063346,160.619173,-1.25,0.78,-100.0,1
2016-03-21 06:38:13.480000+00:00,55.822013,160.381755,0.66,0.05,-0.434,1
2016-03-21 06:55:18.030000+00:00,55.828316,160.379557,2.73,0.33,-100.0,1
2016-03-21 07:03:26.890000+00:00,56.066903,160.622054,-0.81,0.87,-100.0,1
2016-03-21 07:05:49.050000+00:00,55.832768,160.386361,1.26,0.2,-100.0,1
2016-03-21 07:11:56.750000+00:00,55.702612,160.4229,12.52,1.11,-0.303,1
2016-03-21 08:11:32.290000+00:00,55.719141,160.430241,15.73,1.34,-0.205,1
2016-03-21 09:08:00.290000+00:00,55.707385,160.428532,14.46,0.82,-0.23,1
2016-03-21 09:48:03.400000+00:00,55.824353,160.379753,0.33,1.07,-0.78,1
2016-03-21 09:56:25.080000+00:00,55.830241,160.378174,0.85,0.5,-0.795,1
2016-03-21 09:58:45.170000+00:00,55.831478,160.384717,0.47,1.3,-0.978,1
2016-03-21 09:59:44.410000+00:00,55.824365,160.38125,1.07,0.7,-0.92,1
2016-03-21 10:00:28.010000+00:00,55.823641,160.374544,0.91,0.77,-0.882,1
2016-03-21 10:19:23.610000+00:00,55.830412,160.390674,4.75,0.96,-1.002,1
2016-03-21 10:20:38.120000+00:00,55.832288,160.380208,3.72,0.48,-100.0,1
2016-03-21 10:21:48.560000+00:00,55.833797,160.379785,4.54,0.47,-0.766,1
2016-03-21 10:22:58.720000+00:00,55.830855,160.388818,5.01,0.47,-100.0,1
2016-03-21 10:24:22.900000+00:00,55.833842,160.387044,4.93,0.84,-0.992,1
2016-03-21 10:28:04.310000+00:00,55.833024,160.386849,5.92,0.62,-0.715,1
2016-03-21 10:29:35.690000+00:00,55.840377,160.39401,7.1,0.4,-0.743,1
2016-03-21 10:32:55.470000+00:00,55.834631,160.383366,7.13,0.57,-0.538,1
2016-03-21 10:46:30.070000+00:00,55.843498,160.391423,0.03,0.8,-0.649,1
2016-03-21 10:47:30.740000+00:00,55.842509,160.371842,10.64,0.46,-100.0,1
2016-03-21 10:50:22.010000+00:00,55.845451,160.35734,6.68,0.31,-100.0,1
2016-03-21 10:52:22.660000+00:00,55.836751,160.376888,12.3,0.6,-100.0,1
2016-03-21 10:55:48.800000+00:00,55.842501,160.384993,13.17,0.6,-0.099,1
2016-03-21 10:58:11.520000+00:00,55.835999,160.384619,14.0,0.4,-100.0,1
2016-03-21 11:03:33.880000+00:00,55.840043,160.386133,15.16,1.66,-0.623,1
2016-03-21 11:56:17.940000+00:00,55.811202,160.238411,23.31,0.91,-0.437,1
2016-03-21 13:30:33.880000+00:00,55.711861,160.434326,13.84,0.79,-100.0,1
2016-03-21 13:41:58.610000+00:00,56.128585,160.465072,10.79,0.9,-0.704,1
2016-03-21 14:13:08.890000+00:00,56.110718,160.487174,9.38,1.07,-0.895,1
2016-03-21 14:13:56.170000+00:00,56.063839,160.626432,-1.2,1.1,-100.0,1
2016-03-21 14:27:48.360000+00:00,56.061377,160.622005,-1.23,1.04,-100.0,1
2016-03-21 14:43:56.550000+00:00,56.065365,160.629883,-1.19,1.17,-100.0,1
2016-03-21 16:31:18.660000+00:00,56.03422,160.363574,7.63,1.72,-0.128,1
2016-03-21 16:59:27.170000+00:00,56.042163,160.678092,22.18,1.62,-0.583,1
2016-03-21 16:59:45.240000+00:00,56.040845,160.607552,20.78,1.95,-0.552,1
2016-03-21 17:37:54.400000+00:00,55.701306,160.456266,6.26,1.2,-0.303,1
2016-03-21 17:41:00.980000+00:00,55.810128,160.261849,22.59,0.68,-100.0,1
2016-03-21 17:46:43.520000+00:00,56.045467,160.546631,17.75,0.54,-100.0,1
2016-03-21 19:28:29.220000+00:00,56.064693,160.701921,15.9,1.02,-100.0,1
2016-03-21 22:18:52.820000+00:00,56.049512,160.613118,20.43,0.98,-0.26,1
2016-03-21 22:28:20.460000+00:00,56.057503,160.613118,24.36,1.14,-0.301,1
2016-03-21 22:51:59.280000+00:00,55.967859,160.840283,18.26,0.92,-100.0,1
2016-03-21 23:38:42.160000+00:00,56.110848,160.544482,12.06,0.41,-100.0,1
2016-03-22 01:23:46.290000+00:00,56.141064,160.431494,7.29,0.64,-100.0,1
2016-03-22 01:28:51.080000+00:00,56.134257,160.689958,22.45,0.91,-0.649,1
2016-03-22 01:39:53.950000+00:00,56.066056,160.620166,-1.06,0.87,-100.0,1
2016-03-22 01:51:59.210000+00:00,55.707182,160.431771,13.2,1.39,-0.225,1
2016-03-22 01:55:11.460000+00:00,56.065788,160.62583,-0.77,0.66,-100.0,1
2016-03-22 05:36:00.580000+00:00,56.064644,160.617952,-2.4,0.67,-0.576,1
2016-03-22 06:19:35.750000+00:00,56.049377,160.614469,17.59,0.93,-0.642,1
2016-03-22 06:20:10.100000+00:00,56.062541,160.624137,20.22,0.54,-0.659,1
2016-03-22 07:10:23.480000+00:00,56.062911,160.625798,-1.17,1.17,-100.0,1
2016-03-22 07:33:57.740000+00:00,55.728634,160.461523,8.88,0.91,-0.279,1
2016-03-22 07:34:54.920000+00:00,55.726465,160.463802,11.03,0.59,-0.136,1
2016-03-22 08:50:54.950000+00:00,55.730831,160.400537,1.9,0.37,-100.0,1
2016-03-22 08:54:33.220000+00:00,55.696102,160.405176,7.46,0.69,-0.263,1
2016-03-22 09:42:12.410000+00:00,56.068608,160.572135,16.97,0.63,-0.551,1
2016-03-22 10:01:55.840000+00:00,55.704944,160.426497,10.62,0.99,-0.326,1
2016-03-22 11:42:39.290000+00:00,55.672884,160.271615,13.19,0.8,-0.3,1
2016-03-22 11:52:15.880000+00:00,56.142786,160.700358,24.3,0.73,-100.0,1
2016-03-22 11:54:00.220000+00:00,56.064559,160.619613,-0.81,0.88,-100.0,1
2016-03-22 12:13:09.800000+00:00,56.063993,160.616699,-0.96,0.92,-100.0,1
2016-03-22 12:26:31.530000+00:00,55.688196,160.384977,15.4,1.09,-0.232,1
2016-03-22 13:41:49.380000+00:00,55.707621,160.419141,14.41,0.8,-0.23,1
2016-03-22 13:57:53.070000+00:00,56.165312,160.355176,11.02,0.64,-100.0,1
2016-03-22 15:24:38.450000+00:00,56.051062,160.621403,-0.85,1.16,-0.894,1
2016-03-22 16:20:44.930000+00:00,55.672416,160.267741,13.6,0.76,-0.265,1
2016-03-22 16:45:05.630000+00:00,55.678984,160.789453,6.89,1.0,-0.169,1
2016-03-22 17:33:33.240000+00:00,55.835624,160.381234,11.85,0.98,-1.186,1
2016-03-22 17:47:34.580000+00:00,55.869698,160.413558,15.49,0.78,-1.015,1
2016-03-22 18:22:29.480000+00:00,55.848112,160.388428,14.98,0.22,-100.0,1
2016-03-22 19:15:14.080000+00:00,56.066618,160.632243,-0.29,0.66,-100.0,1
2016-03-22 22:53:53.200000+00:00,55.70706,160.419027,11.14,0.43,0.063,1
2016-03-23 00:11:05.660000+00:00,55.754545,160.692253,19.55,0.45,-100.0,1
2016-03-23 00:15:03.870000+00:00,55.720431,160.430273,15.2,0.76,-0.112,1
2016-03-23 01:30:47.660000+00:00,56.060819,160.617041,-1.64,0.73,-100.0,1
2016-03-23 01:47:29.370000+00:00,56.065308,160.628109,-0.66,0.86,-100.0,1
2016-03-23 01:50:19.630000+00:00,56.065352,160.626286,-1.07,0.86,-100.0,1
2016-03-23 02:16:31.460000+00:00,56.175378,160.811995,0.05,1.3,-0.168,1
2016-03-23 02:22:48.840000+00:00,56.061584,160.623649,-1.37,0.79,-100.0,1
2016-03-23 02:40:56.700000+00:00,55.836214,160.40568,7.42,0.67,-0.922,1
2016-03-23 03:50:01.420000+00:00,56.063924,160.623258,-1.29,0.38,-100.0,1
2016-03-23 04:01:38.750000+00:00,55.760246,160.440381,19.17,0.44,-100.0,1
2016-03-23 04:07:21.860000+00:00,56.068184,160.631055,-0.56,1.32,-100.0,1
2016-03-23 06:32:03.130000+00:00,55.70981,160.441211,14.96,0.18,-100.0,1
2016-03-23 06:57:56.260000+00:00,56.032743,160.625732,36.06,0.57,-100.0,1
2016-03-23 07:01:52.930000+00:00,56.056384,160.603825,32.13,0.94,-0.73,1
2016-03-23 07:13:29.090000+00:00,55.822782,160.379118,0.33,0.3,-100.0,1
2016-03-23 07:44:52.280000+00:00,55.705688,160.398454,15.15,0.71,-0.353,1
2016-03-23 08:19:46.730000+00:00,56.064876,160.623063,-0.52,0.75,-100.0,1
2016-03-23 08:54:34.320000+00:00,55.80166,160.224756,19.49,0.28,-100.0,1
2016-03-23 08:54:57.300000+00:00,55.814982,160.262077,23.63,0.57,-0.611,1
2016-03-23 08:56:17.350000+00:00,55.774056,160.336393,25.03,1.01,-0.584,1
2016-03-23 09:55:36.810000+00:00,55.683179,160.402035,13.86,0.74,-0.258,1
2016-03-23 10:38:55.660000+00:00,56.067,160.62666,-0.77,1.25,-0.981,1
2016-03-23 11:05:04.370000+00:00,56.12334,160.523014,28.74,1.03,-100.0,1
2016-03-23 11:08:58.920000+00:00,56.063786,160.628516,-0.71,1.06,-100.0,1
2016-03-23 11:34:58.730000+00:00,56.060938,160.617627,12.08,0.7,-0.933,1
2016-03-23 11:46:51.620000+00:00,55.729041,160.409814,9.75,0.7,-0.275,1
2016-03-23 11:59:04.400000+00:00,56.137939,160.524056,10.51,0.61,-100.0,1
2016-03-23 12:24:29.390000+00:00,55.690397,160.412712,9.72,0.3,-100.0,1
2016-03-23 14:25:36.740000+00:00,55.824064,160.382845,0.03,0.41,-0.309,1
2016-03-23 14:31:07.770000+00:00,56.161564,160.85568,26.27,1.38,-0.228,1
2016-03-23 15:52:11.340000+00:00,56.137724,160.429102,6.37,0.94,-0.667,1
2016-03-23 17:52:20.500000+00:00,56.063802,160.62806,-1.36,0.42,-100.0,1
2016-03-23 18:26:35.520000+00:00,55.837935,160.363802,12.82,0.3,-100.0,1
2016-03-23 18:27:44.780000+00:00,55.860221,160.38291,-1.54,1.14,-100.0,1
2016-03-23 23:39:24.420000+00:00,56.167183,160.888379,21.46,0.94,-0.218,1
2016-03-24 00:10:46.470000+00:00,55.696204,160.462061,12.24,0.58,-0.143,2
2016-03-24 00:11:57.410000+00:00,55.677592,160.442008,5.68,0.89,-0.276,2
2016-03-24 02:00:00.730000+00:00,56.06558,160.619906,-0.8,0.54,-100.0,2
2016-03-24 02:31:36.540000+00:00,55.700195,160.418359,13.32,0.9,-0.268,2
2016-03-24 04:38:37.190000+00:00,56.145329,160.443555,8.28,0.29,-100.0,2
2016-03-24 06:24:18.990000+00:00,55.714978,160.444743,12.94,0.36,-100.0,2
2016-03-24 06:39:11.320000+00:00,56.063033,160.616081,-1.07,0.64,-100.0,2
2016-03-24 06:59:06.810000+00:00,55.826754,160.381592,-0.01,1.04,-0.37,2
2016-03-24 07:01:06.340000+00:00,55.718079,160.511637,25.43,0.84,-1.139,2
2016-03-24 07:13:29.180000+00:00,56.13855,160.444531,11.17,0.52,-100.0,2
2016-03-24 07:45:19.770000+00:00,56.067155,160.629557,-0.46,0.96,-100.0,2
2016-03-24 08:28:23.730000+00:00,55.652604,160.45695,10.09,2.46,-0.325,2
2016-03-24 08:46:00.520000+00:00,55.548824,160.681543,20.26,0.16,-100.0,2
2016-03-24 08:51:56.980000+00:00,55.652905,160.452572,10.59,0.45,-100.0,2
2016-03-24 08:53:05.720000+00:00,55.652543,160.456673,10.07,1.11,-0.134,2
2016-03-24 08:56:11+00:00,56.12242,160.451644,0.85,0.25,-0.826,2
2016-03-24 09:01:51.420000+00:00,56.066341,160.63125,-0.77,0.81,-100.0,2
2016-03-24 09:45:29.460000+00:00,55.609546,160.505306,17.35,0.17,-100.0,2
2016-03-24 10:03:03.280000+00:00,56.114628,160.476514,0.24,1.43,-1.047,2
2016-03-24 10:40:58.560000+00:00,56.067932,160.607243,0.8,0.73,-100.0,2
2016-03-24 10:58:59.410000+00:00,55.809546,160.511198,-1.71,0.56,-0.278,2
2016-03-24 11:17:04.560000+00:00,56.135465,160.701172,31.35,0.78,-100.0,2
2016-03-24 11:49:23.320000+00:00,56.140849,160.65944,19.63,0.7,-100.0,2
2016-03-24 12:07:54.140000+00:00,56.063639,160.624902,-0.98,0.72,-100.0,2
2016-03-24 12:26:10.590000+00:00,55.832987,160.352507,6.33,0.03,-100.0,2
2016-03-24 12:41:53.390000+00:00,56.061108,160.625146,-1.08,0.99,-100.0,2
2016-03-24 13:01:31.180000+00:00,55.648983,160.473958,11.17,0.2,-100.0,2
2016-03-24 13:09:19.380000+00:00,56.132694,160.446875,9.79,0.45,-100.0,2
2016-03-24 13:33:00.190000+00:00,55.652706,160.456576,10.12,0.86,-0.02,2
2016-03-24 14:44:18.520000+00:00,55.708516,160.431087,12.01,0.7,-0.132,2
2016-03-24 15:22:25.500000+00:00,55.669031,160.423633,12.19,0.48,0.046,2
2016-03-24 15:24:44.120000+00:00,56.056323,160.59917,31.73,0.64,-100.0,2
2016-03-24 15:31:18.350000+00:00,55.820443,160.47251,-1.06,0.76,-0.24,2
2016-03-24 15:37:26.510000+00:00,56.118302,160.461768,0.18,0.66,-0.804,2
2016-03-24 15:39:31.270000+00:00,56.073018,160.647738,6.98,0.65,-100.0,2
2016-03-24 15:39:41.820000+00:00,55.716443,160.439339,15.28,0.25,-100.0,2
2016-03-24 15:58:32.510000+00:00,56.065845,160.601562,0.54,1.21,-1.121,2
2016-03-24 16:26:03.370000+00:00,56.105135,160.627897,10.53,0.6,-100.0,2
2016-03-24 17:20:23.760000+00:00,56.064547,160.616829,-1.5,0.7,-100.0,2
2016-03-24 17:35:16.080000+00:00,56.060942,160.629069,-0.6,0.68,-100.0,2
2016-03-24 17:36:39.200000+00:00,56.064758,160.522347,44.48,0.96,-100.0,2
2016-03-24 18:51:24.180000+00:00,56.463757,160.993132,28.03,1.35,-100.0,2
2016-03-24 18:52:37.520000+00:00,55.703052,160.479313,-0.09,0.35,-100.0,2
2016-03-24 20:30:32.560000+00:00,56.288383,160.783382,0.87,1.09,-0.189,2
2016-03-24 20:48:33.360000+00:00,56.071118,160.613916,28.29,0.46,-100.0,2
2016-03-24 21:30:41.080000+00:00,56.064905,160.62513,-0.88,0.9,-0.556,2
2016-03-24 23:38:59.560000+00:00,56.062915,160.621712,-0.79,0.78,-100.0,2
2016-03-25 00:23:25+00:00,55.707397,160.428434,11.61,0.29,-100.0,2
2016-03-25 01:19:16.980000+00:00,55.650814,160.455192,10.46,0.85,0.011,2
2016-03-25 01:25:55.660000+00:00,56.078988,160.59637,16.3,1.34,-0.11,2
2016-03-25 03:27:24.170000+00:00,56.205965,160.618864,26.73,0.83,-100.0,2
2016-03-25 03:29:58.270000+00:00,56.064164,160.625,-0.65,1.08,-1.392,2
2016-03-25 03:34:14.650000+00:00,55.639368,160.45638,7.43,0.92,-0.073,2
2016-03-25 03:36:31.410000+00:00,55.708785,160.409847,10.11,0.6,-0.178,2
2016-03-25 03:45:35.080000+00:00,56.063098,160.618148,-1.14,0.76,-100.0,2
2016-03-25 04:34:43.360000+00:00,56.245561,160.796859,33.02,1.09,-0.976,2
2016-03-25 04:37:38.570000+00:00,56.082975,160.672396,5.76,0.78,-100.0,2
2016-03-25 05:29:39.670000+00:00,56.049015,160.592187,27.88,0.81,-0.54,2
2016-03-25 05:34:06.390000+00:00,56.064722,160.623519,-0.7,0.55,-100.0,2
2016-03-25 06:24:16.170000+00:00,56.045056,160.603467,27.83,0.94,-100.0,2
2016-03-25 06:35:30.420000+00:00,55.538843,160.300293,13.92,2.25,-0.247,2
2016-03-25 06:41:38.620000+00:00,56.059953,160.614811,-2.21,0.88,-100.0,2
2016-03-25 07:31:02.850000+00:00,56.066532,160.621191,34.92,0.82,-100.0,2
2016-03-25 07:51:29.510000+00:00,56.050195,160.602881,30.41,0.74,-100.0,2
2016-03-25 07:52:19.240000+00:00,56.066996,160.639014,-0.51,1.07,-100.0,2
2016-03-25 07:54:28.720000+00:00,56.08363,160.583187,14.36,0.46,-0.33,2
2016-03-25 09:00:40.210000+00:00,56.113888,160.481299,8.34,0.69,-0.88,2
2016-03-25 09:45:40.480000+00:00,56.070284,160.62889,4.89,0.75,-100.0,2
2016-03-25 10:34:20.590000+00:00,56.053475,160.533333,23.27,0.82,-100.0,2
2016-03-25 10:36:45.360000+00:00,56.081722,160.6014,19.46,0.95,-1.083,2
2016-03-25 10:48:38.320000+00:00,56.065222,160.626367,-0.95,1.06,-0.822,2
2016-03-25 11:44:16.560000+00:00,56.068555,160.614762,-1.62,0.71,-100.0,2
2016-03-25 12:22:15.030000+00:00,55.556718,160.540934,36.92,0.22,-100.0,2
2016-03-25 12:57:07.200000+00:00,56.049618,160.603304,28.81,1.02,-0.724,2
2016-03-25 15:53:37.720000+00:00,56.063094,160.618457,-1.26,0.72,-100.0,2
2016-03-25 15:57:35.680000+00:00,56.063676,160.617546,-0.88,0.85,-100.0,2
2016-03-25 16:14:12.880000+00:00,56.064156,160.621989,-0.75,0.76,-100.0,2
2016-03-25 18:22:17.480000+00:00,55.572156,160.650781,17.87,0.18,-100.0,2
2016-03-25 18:46:03.960000+00:00,55.535213,160.33265,16.01,0.64,-0.24,2
2016-03-25 19:20:52.120000+00:00,56.052848,160.595964,31.3,0.81,-0.363,2
2016-03-25 19:54:49.840000+00:00,55.653324,160.457373,9.96,1.54,-0.211,2
2016-03-25 20:16:59+00:00,56.167578,160.866634,25.2,0.72,-100.0,2
2016-03-25 20:28:24.840000+00:00,56.067065,160.624251,-0.88,0.84,-100.0,2
2016-03-25 22:16:55.540000+00:00,55.807446,160.497493,-1.42,0.5,-0.274,2
2016-03-25 23:00:25.140000+00:00,55.698254,160.477441,-0.41,0.48,-100.0,2
2016-03-25 23:41:02.560000+00:00,56.068327,160.628955,-0.58,0.81,-0.703,2
2016-03-26 01:53:06.780000+00:00,56.064547,160.628564,-1.46,1.08,-100.0,2
2016-03-26 03:06:13.260000+00:00,56.066675,160.61512,-0.69,0.75,-100.0,2
2016-03-26 04:04:05.050000+00:00,55.698828,160.476676,1.08,0.37,-100.0,2
2016-03-26 05:38:14.530000+00:00,56.06084,160.606055,-1.72,0.35,-100.0,2
2016-03-26 06:13:00.700000+00:00,56.101762,160.604525,7.04,0.59,-100.0,2
2016-03-26 09:38:16.050000+00:00,55.68186,160.442562,6.56,1.44,-0.251,2
2016-03-26 10:13:43.810000+00:00,55.824353,160.376611,-0.13,0.36,-100.0,2
2016-03-26 10:48:57.320000+00:00,55.704875,160.440804,10.46,0.81,-0.232,2
2016-03-26 12:45:06.560000+00:00,56.066215,160.622168,-0.73,0.57,-100.0,2
2016-03-26 14:37:55.130000+00:00,56.061418,160.610612,-1.38,0.33,-100.0,2
2016-03-26 15:40:55.140000+00:00,55.849504,160.494352,19.31,0.1,-100.0,2
2016-03-26 15:57:48.380000+00:00,56.054883,160.584847,5.67,0.9,-0.847,2
2016-03-26 17:45:47.720000+00:00,56.065112,160.626904,-0.99,0.72,-100.0,2
2016-03-26 19:09:43.440000+00:00,56.113123,160.449333,-1.64,0.31,-100.0,2
2016-03-26 20:20:23.960000+00:00,55.938192,160.618473,11.39,0.45,-100.0,2
2016-03-26 21:01:48.680000+00:00,56.059167,160.613346,32.48,1.07,-0.73,2
2016-03-26 21:44:43.480000+00:00,56.062984,160.622038,-1.46,1.09,-0.711,2
2016-03-26 22:09:19.080000+00:00,56.151086,160.68903,26.13,1.12,-100.0,2
2016-03-26 22:41:26.160000+00:00,56.05273,160.359326,-2.46,0.52,-100.0,2
2016-03-26 22:46:44.720000+00:00,56.070247,160.60752,-1.3,0.39,-100.0,2
2016-03-26 23:10:24.400000+00:00,56.070414,160.628923,5.15,0.93,-100.0,2
2016-03-26 23:14:43.880000+00:00,56.068953,160.633024,-0.51,1.13,-100.0,2
2016-03-27 00:01:40.350000+00:00,56.236129,160.333203,-0.03,0.94,-100.0,1
2016-03-27 00:06:16.400000+00:00,56.057117,160.387826,4.84,0.4,-100.0,1
2016-03-27 00:11:18.880000+00:00,56.05614,160.355208,-0.92,0.32,-100.0,1
2016-03-27 00:36:37.930000+00:00,56.062659,160.61818,-1.35,0.98,-100.0,1
2016-03-27 00:45:23.240000+00:00,56.068119,160.628158,-0.53,0.96,-100.0,1
2016-03-27 00:50:53.170000+00:00,56.066813,160.629395,-0.35,0.56,-100.0,1
2016-03-27 01:11:22.150000+00:00,55.833354,160.496403,4.29,0.72,-0.241,1
2016-03-27 01:50:25.730000+00:00,56.063428,160.617041,-0.75,1.15,-100.0,1
2016-03-27 03:06:39.590000+00:00,56.06543,160.623519,-0.88,0.97,-100.0,1
2016-03-27 03:10:54.950000+00:00,56.058866,160.610775,-0.86,0.71,-100.0,1
2016-03-27 03:33:01.400000+00:00,55.834668,160.389242,11.36,0.36,-100.0,1
2016-03-27 03:39:02.740000+00:00,55.807931,160.311393,16.96,0.5,-0.903,1
2016-03-27 04:04:44.400000+00:00,55.988595,160.222201,5.17,0.59,-0.44,1
2016-03-27 04:40:29.400000+00:00,55.584127,160.330973,14.25,2.07,-0.274,1
2016-03-27 05:24:03.550000+00:00,56.065043,160.624984,-0.78,0.74,-0.687,1
2016-03-27 06:33:38.560000+00:00,56.125008,160.459277,0.98,0.86,-0.592,1
2016-03-27 06:54:16.660000+00:00,56.060457,160.610091,-2.36,0.74,-100.0,1
2016-03-27 07:46:05.150000+00:00,55.810738,160.385824,1.33,0.66,-1.116,1
2016-03-27 07:52:53.690000+00:00,55.825203,160.379443,0.55,0.54,-100.0,1
2016-03-27 08:08:49.570000+00:00,55.82771,160.377116,2.58,0.24,-0.626,1
2016-03-27 08:10:25.870000+00:00,55.82887,160.383952,2.72,0.59,-0.641,1
2016-03-27 08:11:53.710000+00:00,55.831116,160.377474,4.11,0.43,-0.401,1
2016-03-27 08:31:29.990000+00:00,55.826156,160.370654,9.07,0.36,-100.0,1
2016-03-27 08:43:22.390000+00:00,55.838342,160.379329,10.72,0.65,-0.532,1
2016-03-27 08:44:35.550000+00:00,55.840824,160.393945,11.85,0.41,-100.0,1
2016-03-27 08:54:39.330000+00:00,55.825309,160.125065,10.94,0.52,-100.0,1
2016-03-27 10:15:24.410000+00:00,55.665043,160.401009,12.34,1.04,-0.362,1
2016-03-27 10:20:04.300000+00:00,56.068599,160.620557,-1.11,0.96,-100.0,1
2016-03-27 10:56:53.480000+00:00,55.806372,160.505729,13.66,0.34,-100.0,1
2016-03-27 12:52:11.550000+00:00,56.071033,160.62526,3.89,1.07,-100.0,1
2016-03-27 13:19:00.250000+00:00,55.72113,160.43488,11.33,0.52,-100.0,1
2016-03-27 14:41:09.740000+00:00,56.063896,160.603076,-1.68,1.17,-100.0,1
2016-03-27 15:00:04.190000+00:00,56.063656,160.514958,7.59,0.75,-100.0,1
2016-03-27 15:01:54.940000+00:00,55.808708,160.580273,18.92,0.28,-100.0,1
2016-03-27 15:29:01.050000+00:00,55.552153,160.288363,16.05,0.51,-100.0,1
2016-03-27 16:01:04.810000+00:00,55.987919,160.856673,26.01,0.95,-0.742,1
2016-03-27 16:31:47.340000+00:00,56.064498,160.625798,-1.23,0.74,-100.0,1
2016-03-27 16:57:04.260000+00:00,56.064648,160.627816,-0.97,0.94,-100.0,1
2016-03-27 17:03:17.360000+00:00,56.065104,160.626497,-1.01,1.12,-100.0,1
2016-03-27 17:06:24.880000+00:00,56.07146,160.629118,-0.61,1.06,-100.0,1
2016-03-27 18:27:09.680000+00:00,56.159403,160.891504,23.32,1.11,-0.293,1
2016-03-27 19:01:07.900000+00:00,56.122937,160.452588,0.5,0.59,-100.0,1
2016-03-27 22:03:16.800000+00:00,56.056836,160.602799,0.11,0.96,-100.0,1
2016-03-27 22:21:10.840000+00:00,56.061914,160.621387,-1.35,1.25,-100.0,1
2016-03-28 00:39:26.660000+00:00,56.064889,160.627458,-1.14,1.02,-100.0,1
2016-03-28 01:44:13.590000+00:00,56.006335,160.889095,54.89,1.32,-0.104,1
2016-03-28 02:48:04.720000+00:00,56.108769,160.52627,9.62,1.07,-100.0,1
2016-03-28 03:18:37.610000+00:00,55.553174,160.189795,27.05,1.27,-0.347,1
2016-03-28 05:54:20.020000+00:00,56.065226,160.6396,-0.78,0.84,-100.0,1
2016-03-28 07:35:52.690000+00:00,56.065837,160.629264,-0.45,0.85,-100.0,1
2016-03-28 08:07:01.280000+00:00,56.104232,160.703271,20.95,1.31,-100.0,1
2016-03-28 08:26:09.360000+00:00,56.070699,160.632812,3.47,0.92,-0.864,1
2016-03-28 08:38:41.660000+00:00,56.068648,160.632731,5.17,0.96,-0.976,1
2016-03-28 08:58:59.060000+00:00,56.065466,160.621012,-0.8,1.18,-100.0,1
2016-03-28 09:41:12.180000+00:00,56.077751,160.571273,2.92,1.0,-100.0,1
2016-03-28 09:58:04.960000+00:00,56.063558,160.629655,-1.25,1.01,-100.0,1
2016-03-28 12:08:44.190000+00:00,55.828902,160.232227,14.37,0.79,-100.0,1
2016-03-28 12:42:17.950000+00:00,56.073116,160.622282,-0.71,1.3,-100.0,1
2016-03-28 13:13:35.850000+00:00,56.065804,160.635433,0.26,1.08,-100.0,1
2016-03-28 15:19:51.460000+00:00,56.068347,160.627165,14.48,1.03,-0.742,1
2016-03-28 15:34:26.590000+00:00,56.154679,160.881543,25.92,1.2,-100.0,1
2016-03-28 16:11:52.370000+00:00,56.123779,160.642546,17.92,1.35,-100.0,1
2016-03-28 17:09:58.880000+00:00,56.067,160.611523,3.95,1.32,-100.0,1
2016-03-28 17:50:19.600000+00:00,56.066557,160.631771,4.67,1.02,-0.46,1
2016-03-28 18:39:32.560000+00:00,56.222237,160.830176,23.02,1.33,-100.0,1
2016-03-28 18:44:49.760000+00:00,56.057007,160.618424,34.06,1.12,-100.0,1
2016-03-28 18:49:07.600000+00:00,56.222489,160.832992,22.93,1.22,-0.212,1
2016-03-28 19:03:32.600000+00:00,56.060946,160.617855,-1.27,1.24,-100.0,1
2016-03-28 19:37:38.720000+00:00,55.618762,160.42723,3.2,0.42,-0.354,1
2016-03-28 21:42:08.780000+00:00,56.067509,160.625081,4.14,1.21,-1.103,1
2016-03-28 23:31:12.720000+00:00,55.691939,160.423877,13.49,0.17,-100.0,1
2016-03-29 01:40:16.630000+00:00,56.069714,160.618197,5.61,1.42,-100.0,1
2016-03-29 03:37:19.920000+00:00,56.079822,160.655273,0.98,1.37,-100.0,1
2016-03-29 07:47:10.550000+00:00,55.697713,160.438184,10.26,0.71,-100.0,1
2016-03-29 09:28:03.450000+00:00,55.5953,160.232438,24.24,1.59,-100.0,1
2016-03-29 10:09:15.260000+00:00,55.564689,160.651351,22.57,1.38,-0.282,1
2016-03-29 10:28:09.580000+00:00,56.241744,160.937891,18.18,1.56,-0.308,1
2016-03-29 11:15:25.720000+00:00,55.630851,160.295329,47.19,1.19,-100.0,1
2016-03-29 15:18:25.030000+00:00,56.063232,160.622428,-1.31,1.49,-100.0,1
2016-03-29 15:54:41.890000+00:00,55.824866,160.546012,8.37,0.42,-100.0,1
2016-03-29 19:26:42.200000+00:00,55.705188,160.470475,10.82,0.24,-100.0,1
2016-03-29 21:33:06.460000+00:00,56.069149,160.632878,-0.38,1.39,-100.0,1
2016-03-30 00:01:20.680000+00:00,55.689201,160.413493,10.26,0.45,-100.0,1
2016-03-30 03:39:03.470000+00:00,56.009855,160.8604,15.83,1.27,-100.0,1
2016-03-30 06:58:38.270000+00:00,55.835645,160.378792,0.26,0.62,-100.0,1
2016-03-30 07:47:45.610000+00:00,56.215812,160.840723,20.57,1.14,-100.0,1
2016-03-30 09:08:59.720000+00:00,55.545374,160.326416,13.88,0.25,-100.0,1
2016-03-30 12:39:34.420000+00:00,55.931409,160.614372,8.54,1.18,-100.0,1
2016-03-30 15:14:43.270000+00:00,55.689917,160.607471,7.8,0.73,-100.0,1
2016-03-30 19:38:15.160000+00:00,56.138839,160.684587,23.61,1.29,-1.08,1
2016-03-30 20:10:08.040000+00:00,56.066451,160.632129,-1.0,1.37,-1.019,1
2016-03-30 20:12:45.300000+00:00,56.056775,160.612419,27.03,1.0,-100.0,1
2016-03-30 20:15:04.020000+00:00,56.060445,160.612826,-0.59,1.58,-100.0,1
2016-03-30 20:21:55.600000+00:00,55.717244,160.435547,14.15,0.3,-100.0,1
2016-03-30 20:58:39.140000+00:00,55.689738,160.442969,11.86,0.49,-100.0,1
2016-03-30 21:35:44.800000+00:00,56.050134,160.655941,36.09,1.54,-100.0,1
2016-03-30 21:53:49.360000+00:00,55.67172,160.401839,13.98,0.53,-100.0,1
2016-03-31 03:13:04.930000+00:00,56.081205,160.68929,18.14,1.61,-100.0,1
2016-03-31 03:23:30.280000+00:00,55.695947,160.423617,11.09,1.02,-0.168,1
2016-03-31 22:11:27.380000+00:00,55.68127,160.878955,13.79,0.67,-100.0,1
2016-04-01 17:58:49.820000+00:00,55.732007,160.478385,0.09,0.78,-100.0,2
2016-04-01 21:09:01.080000+00:00,55.538619,160.300586,14.66,1.38,-0.141,2
2016-04-01 23:16:11.520000+00:00,55.717289,160.429183,10.9,1.94,-0.191,2
2016-04-02 08:44:26.640000+00:00,56.14172,160.832194,22.26,1.53,-100.0,2
2016-04-02 09:16:15.400000+00:00,55.700741,160.434375,9.96,0.98,-100.0,2
2016-04-02 21:39:55.940000+00:00,55.719173,160.436751,15.77,0.69,-100.0,2
2016-04-02 23:58:21.640000+00:00,55.543026,160.288656,15.33,2.11,-0.179,2
2016-04-03 00:12:15.790000+00:00,55.790702,160.286637,24.06,0.88,-0.695,2
2016-04-03 09:24:09.560000+00:00,55.542908,160.288835,15.21,1.8,-0.239,2
2016-04-03 10:08:19.950000+00:00,55.54259,160.287435,15.29,1.59,-0.172,2
2016-04-03 12:27:16.740000+00:00,55.513936,160.280436,14.98,0.79,-100.0,2
2016-04-03 12:35:02.830000+00:00,55.706856,160.435352,12.68,0.94,-0.19,2
2016-04-03 16:43:57.500000+00:00,56.074646,160.646533,3.93,1.55,-100.0,2
2016-04-03 22:17:13.820000+00:00,55.714465,160.448324,12.03,0.4,-100.0,2
2016-04-04 02:18:38.290000+00:00,55.596806,160.551562,30.22,1.09,-100.0,2
2016-04-04 13:08:36.390000+00:00,55.926908,160.617627,10.92,0.95,-0.361,2
2016-04-04 14:18:47.300000+00:00,55.792,160.86901,45.87,0.76,-100.0,2
2016-04-04 15:00:37.100000+00:00,56.065637,160.626432,4.47,1.62,-100.0,2
2016-04-04 15:09:18.100000+00:00,56.105652,160.749561,20.24,1.57,-100.0,2
2016-04-04 18:11:46.780000+00:00,55.821167,160.344189,12.97,0.94,-100.0,2
2016-04-04 20:37:50.240000+00:00,55.756287,160.38348,14.8,0.65,-100.0,2
2016-04-05 02:00:57.740000+00:00,55.690759,160.459993,8.2,0.83,-100.0,2
2016-04-05 13:08:55.640000+00:00,55.81484,160.537972,12.82,0.95,-100.0,2
2016-04-05 15:35:42.970000+00:00,55.660999,160.407015,11.68,1.61,-0.376,2
2016-04-06 03:54:37.620000+00:00,55.539091,160.322998,14.04,2.11,-0.113,3
2016-04-06 04:00:51.960000+00:00,55.538236,160.322754,14.13,1.58,-0.156,3
2016-04-06 04:26:14.950000+00:00,55.538904,160.322428,13.81,1.33,-100.0,3
2016-04-06 05:31:48.830000+00:00,56.002885,160.71346,3.15,2.14,-0.399,3
2016-04-06 06:04:35.610000+00:00,55.538448,160.323324,13.95,1.61,-0.159,3
2016-04-06 08:17:19.810000+00:00,55.709737,160.428695,13.34,1.39,-0.254,3
2016-04-06 08:41:37.940000+00:00,55.788306,160.343555,0.7,1.1,-100.0,3
2016-04-06 08:44:39.640000+00:00,55.813928,160.386637,4.61,0.98,-100.0,3
2016-04-06 08:58:09.890000+00:00,55.822408,160.392448,4.34,1.1,-100.0,3
2016-04-06 09:11:14.700000+00:00,55.536283,160.323258,15.24,0.68,-100.0,3
2016-04-06 09:49:33.040000+00:00,55.538509,160.325244,13.27,0.99,-100.0,3
2016-04-06 10:41:34.740000+00:00,55.538391,160.323714,14.02,0.98,-100.0,3
2016-04-06 11:35:51.320000+00:00,55.526811,160.315234,16.24,0.51,-100.0,3
2016-04-06 11:54:38.740000+00:00,55.538863,160.32207,14.15,1.57,-0.2,3
2016-04-06 12:28:51.210000+00:00,55.541187,160.320312,14.49,0.91,-100.0,3
2016-04-06 13:02:26.690000+00:00,55.539124,160.321794,13.12,0.52,-100.0,3
2016-04-06 13:27:15.830000+00:00,55.671342,160.427067,11.28,1.04,-100.0,3
2016-04-06 14:02:31.640000+00:00,55.53809,160.300488,14.57,1.89,-0.123,3
2016-04-06 14:41:51.860000+00:00,55.538269,160.323063,13.93,1.84,-0.21,3
2016-04-06 14:47:44.210000+00:00,55.538066,160.323649,13.87,1.41,-0.219,3
2016-04-06 15:21:47.360000+00:00,55.543392,160.319613,14.98,0.84,-100.0,3
2016-04-06 15:34:14.310000+00:00,55.53774,160.324528,14.32,0.89,-100.0,3
2016-04-06 16:47:32.190000+00:00,55.697965,160.429932,11.23,1.05,-100.0,3
2016-04-06 17:12:18.200000+00:00,55.535807,160.318587,14.65,0.75,-100.0,3
2016-04-06 20:46:10.400000+00:00,55.537504,160.317415,15.1,1.02,-100.0,3
2016-04-07 00:43:03.930000+00:00,55.539575,160.322021,15.39,1.04,-100.0,2
2016-04-07 03:43:51.800000+00:00,55.540409,160.405957,28.51,1.94,-100.0,2
2016-04-07 04:20:00.760000+00:00,55.957829,160.905485,15.54,2.06,-0.239,2
2016-04-07 08:04:25.630000+00:00,55.537598,160.32557,13.42,1.17,-100.0,2
2016-04-07 14:39:52.710000+00:00,55.699715,160.411686,15.17,1.06,-100.0,2
2016-04-07 18:30:36+00:00,55.728654,160.433203,16.0,0.99,-100.0,2
2016-04-08 07:50:50.640000+00:00,55.728687,160.474577,0.02,1.06,-100.0,3
2016-04-08 10:48:04.020000+00:00,55.515967,160.935254,13.71,0.56,-100.0,3
2016-04-08 13:20:00.050000+00:00,55.700175,160.462972,5.67,1.18,-100.0,3
2016-04-08 13:42:08.900000+00:00,55.520882,160.28623,14.13,0.66,-100.0,3
2016-04-08 14:44:06.590000+00:00,55.714185,160.440234,16.81,1.04,-100.0,3
2016-04-08 19:31:26.800000+00:00,55.70282,160.453109,12.24,1.05,-100.0,3
2016-04-08 20:34:07.440000+00:00,55.704293,160.415723,16.07,1.88,-0.17,3
2016-04-08 21:26:58.720000+00:00,55.695549,160.424707,12.87,0.95,-100.0,3
2016-04-09 02:16:51.160000+00:00,55.725952,160.468115,0.71,1.11,-0.326,3
2016-04-09 03:55:06.870000+00:00,55.724329,160.422054,12.17,1.23,-0.252,3
2016-04-09 07:36:54.350000+00:00,56.008358,160.859619,16.18,1.95,-100.0,3
2016-04-09 13:13:29.150000+00:00,55.698299,160.409619,12.43,1.28,-0.182,3
2016-04-09 18:25:20.140000+00:00,56.029456,160.291113,4.64,1.61,-100.0,3
2016-04-09 21:45:36.040000+00:00,55.714567,160.440462,6.67,1.0,-100.0,3
2016-04-09 23:16:10.440000+00:00,56.056462,160.632894,-0.15,1.63,-100.0,3
2016-04-10 13:41:52.090000+00:00,55.551119,160.454134,11.23,0.91,-100.0,3
2016-04-10 18:14:44.900000+00:00,55.680965,160.430111,5.85,0.94,-100.0,3
2016-04-10 20:48:15.020000+00:00,56.152218,160.829801,24.48,1.63,-100.0,3
2016-04-11 02:51:21.530000+00:00,56.094185,160.677165,30.48,2.07,-100.0,2
2016-04-11 04:40:12.590000+00:00,55.840153,160.488005,-0.06,1.7,-0.037,2
2016-04-11 06:25:30.660000+00:00,55.692257,160.42391,13.72,0.88,-100.0,2
2016-04-11 12:13:58.530000+00:00,55.731071,160.472884,0.78,0.96,-100.0,2
2016-04-11 18:01:28.720000+00:00,55.689189,160.389681,15.18,0.82,-100.0,2
2016-04-11 18:04:12.980000+00:00,55.679374,160.113688,20.81,1.65,-0.152,2
2016-04-11 20:12:57.320000+00:00,55.614054,160.49987,30.85,2.17,-1.076,2
2016-04-12 01:53:28.550000+00:00,55.697839,160.442839,13.16,0.91,-100.0,2
2016-04-12 02:56:02.530000+00:00,55.70352,160.456787,12.18,0.99,-100.0,2
2016-04-12 10:25:53.360000+00:00,55.695044,160.429801,12.2,1.13,-0.082,2
2016-04-12 15:49:07.950000+00:00,55.713013,160.437842,10.79,1.0,-100.0,2
2016-04-12 19:19:38.840000+00:00,55.721065,160.489567,7.38,0.81,-100.0,2
2016-04-13 00:21:02.500000+00:00,55.829728,160.388851,5.87,1.58,-1.085,2
2016-04-13 00:22:24.510000+00:00,55.833936,160.386979,7.74,1.56,-0.914,2
2016-04-13 00:35:28.820000+00:00,55.836194,160.381071,9.67,1.26,-100.0,2
2016-04-13 00:38:37.850000+00:00,55.841134,160.397526,13.19,1.12,-0.667,2
2016-04-13 00:41:21.360000+00:00,55.839339,160.390951,14.63,1.21,-100.0,2
2016-04-13 00:48:52.610000+00:00,55.839917,160.393506,15.48,1.48,-1.091,2
2016-04-13 04:43:50.210000+00:00,56.103027,160.852653,23.73,1.66,-100.0,2
2016-04-13 07:45:20.770000+00:00,55.72019,160.458757,10.56,1.25,-0.175,2
2016-04-13 11:08:13.410000+00:00,55.990161,160.803125,17.28,1.78,-0.144,2
2016-04-13 20:58:15.700000+00:00,55.704976,160.453646,11.61,0.71,-100.0,2
2016-04-13 22:52:00.680000+00:00,55.708769,160.420622,14.08,1.01,-100.0,2
2016-04-14 08:14:40.890000+00:00,55.654688,160.793034,3.5,1.9,-0.161,2
2016-04-14 20:26:03.320000+00:00,56.044722,160.62863,19.82,1.26,-100.0,2
2016-04-14 20:28:58.660000+00:00,56.081787,160.612581,20.72,1.39,-100.0,2
2016-04-14 21:06:47+00:00,56.06416,160.612581,-1.55,1.25,-100.0,2
2016-04-14 21:16:36+00:00,56.072949,160.655583,6.11,1.47,-100.0,2
2016-04-14 21:30:20.280000+00:00,56.083606,160.573307,16.57,1.46,-100.0,2
2016-04-14 21:50:25.680000+00:00,56.058643,160.633203,-1.67,0.98,-100.0,2
2016-04-14 22:20:14+00:00,56.063631,160.627295,-1.26,1.11,-0.537,2
2016-04-14 22:27:43.880000+00:00,56.104488,160.542611,9.89,1.39,-100.0,2
2016-04-14 22:31:14.420000+00:00,56.068188,160.627441,15.15,1.38,-0.879,2
2016-04-15 06:48:46.050000+00:00,56.068119,160.628174,3.99,1.23,-1.031,3
2016-04-15 06:51:36.440000+00:00,56.064319,160.633984,14.9,1.44,-100.0,3
2016-04-15 06:52:59.580000+00:00,56.063517,160.63151,17.11,1.29,-100.0,3
2016-04-15 06:58:49.760000+00:00,55.943921,160.948698,9.17,1.46,-100.0,3
2016-04-15 06:59:03.860000+00:00,56.104036,160.726058,42.59,1.55,-1.102,3
2016-04-15 07:04:29.640000+00:00,56.001864,160.911019,30.39,1.51,-100.0,3
2016-04-15 07:14:41.310000+00:00,56.078097,160.688818,-0.03,1.32,-100.0,3
2016-04-15 07:19:01.920000+00:00,56.052592,160.66429,14.6,1.4,-100.0,3
2016-04-15 07:25:03.900000+00:00,56.060254,160.616878,-1.35,1.47,-100.0,3
2016-04-15 07:42:04.090000+00:00,56.069963,160.631673,5.49,0.95,-100.0,3
2016-04-15 08:05:17.970000+00:00,56.066003,160.629248,5.61,0.96,-0.935,3
2016-04-15 08:06:39.140000+00:00,56.062488,160.614404,-1.89,0.72,-100.0,3
2016-04-15 08:08:05.350000+00:00,55.939262,160.911768,28.28,1.4,-100.0,3
2016-04-15 08:24:19.320000+00:00,56.065678,160.628076,4.66,1.29,-1.009,3
2016-04-15 08:29:25.750000+00:00,56.068481,160.62526,4.85,1.25,-100.0,3
2016-04-15 08:37:57.470000+00:00,56.112386,160.532666,9.98,1.25,-1.077,3
2016-04-15 08:40:14.670000+00:00,56.066125,160.625146,4.85,1.21,-100.0,3
2016-04-15 13:40:13.120000+00:00,56.051664,160.614551,31.48,1.57,-100.0,3
2016-04-15 13:50:39.110000+00:00,56.063493,160.606136,-0.12,1.39,-100.0,3
2016-04-15 13:57:32.500000+00:00,56.064168,160.630583,15.05,1.27,-1.09,3
2016-04-15 14:19:36+00:00,56.064604,160.634684,15.45,1.39,-100.0,3
2016-04-15 14:26:21.500000+00:00,56.062817,160.616634,4.8,1.45,-100.0,3
2016-04-15 14:46:27.420000+00:00,56.062203,160.644987,14.21,0.81,-100.0,3
2016-04-15 14:51:07.920000+00:00,56.072888,160.601611,3.71,1.2,-100.0,3
2016-04-15 15:03:34.980000+00:00,56.072587,160.629199,14.45,1.48,-0.896,3
2016-04-15 15:17:24.990000+00:00,56.206242,160.754948,34.97,1.33,-100.0,3
2016-04-15 15:25:59.800000+00:00,56.066903,160.62946,-0.88,1.17,-100.0,3
2016-04-15 15:37:10.820000+00:00,56.066626,160.631266,-0.85,1.06,-0.518,3
2016-04-15 15:38:13.900000+00:00,56.069132,160.633594,0.65,1.32,-0.878,3
2016-04-15 16:09:38.010000+00:00,56.145426,160.843213,23.04,2.21,-100.0,3
2016-04-15 16:10:12.780000+00:00,56.064893,160.630648,4.99,1.64,-100.0,3
2016-04-15 18:10:10.840000+00:00,56.047323,160.593669,30.69,1.92,-100.0,3
2016-04-16 06:23:10.030000+00:00,56.114315,160.541943,11.65,2.22,-0.252,3
2016-04-16 23:36:28.060000+00:00,56.196057,160.838607,20.17,1.77,-100.0,3
2016-04-17 03:58:48.730000+00:00,55.654919,160.795508,3.02,1.49,0.051,2
2016-04-17 06:27:30.270000+00:00,55.70332,160.379655,14.35,1.05,-100.0,2
2016-04-17 18:35:30.260000+00:00,55.846228,160.433382,12.21,1.33,-100.0,2
2016-04-18 03:25:45.250000+00:00,56.331759,160.940251,1.17,1.88,-0.35,2
2016-04-18 04:30:20.710000+00:00,55.71731,160.428467,10.68,0.96,-0.253,2
2016-04-18 04:59:36.500000+00:00,56.10776,160.711475,26.4,1.21,-0.607,2
2016-04-18 07:04:30.580000+00:00,55.788928,160.443555,20.71,0.48,-100.0,2
2016-04-18 07:17:04.880000+00:00,56.11486,160.55861,15.55,0.91,-100.0,2
2016-04-18 07:28:10.400000+00:00,55.82865,160.369124,0.61,0.37,-100.0,2
2016-04-18 12:10:35.640000+00:00,55.719698,160.476839,10.83,1.33,-0.201,2
2016-04-18 13:17:37.500000+00:00,55.589819,160.511914,27.85,2.19,-100.0,2
2016-04-18 18:20:24.140000+00:00,55.719991,160.443962,14.32,0.74,-100.0,2
2016-04-18 20:04:39.120000+00:00,56.132617,160.882406,23.51,1.48,-100.0,2
2016-04-18 22:38:09.620000+00:00,55.694967,160.408171,13.18,0.9,-0.244,2
2016-04-19 04:23:18.580000+00:00,55.699463,160.42474,10.21,0.52,-100.0,2
2016-04-19 15:18:02.260000+00:00,56.118608,160.47002,-0.61,1.17,-100.0,2
2016-04-19 22:34:11.160000+00:00,55.716069,160.454883,10.45,0.47,-100.0,2
2016-04-20 00:30:22.140000+00:00,55.549048,160.55153,29.55,0.89,-100.0,2
2016-04-20 06:50:26.330000+00:00,56.18326,160.797233,12.36,1.54,-0.372,2
2016-04-20 08:07:24.880000+00:00,55.821826,160.38457,1.02,1.11,-0.91,2
2016-04-20 08:09:43.500000+00:00,55.824451,160.383122,0.64,1.13,-1.266,2
2016-04-20 08:10:23.340000+00:00,55.829,160.381104,0.67,0.95,-0.936,2
2016-04-20 08:14:03.600000+00:00,55.828837,160.396729,0.5,1.02,-0.715,2
2016-04-20 08:15:36.960000+00:00,55.829032,160.382113,0.31,1.34,-1.139,2
2016-04-20 08:22:31.750000+00:00,55.830257,160.383903,2.09,1.05,-0.856,2
2016-04-20 08:23:03.640000+00:00,55.822872,160.369906,3.67,0.92,-100.0,2
2016-04-20 08:24:14.230000+00:00,55.826029,160.378223,5.07,0.96,-0.802,2
2016-04-20 08:29:35.670000+00:00,55.835828,160.391195,6.94,0.89,-100.0,2
2016-04-20 08:31:01.870000+00:00,56.116447,160.468587,-1.33,0.95,-100.0,2
2016-04-20 08:38:08.170000+00:00,55.831795,160.37985,9.01,0.89,-100.0,2
2016-04-20 08:39:41.070000+00:00,55.837427,160.37985,9.19,0.89,-100.0,2
2016-04-20 08:42:19.770000+00:00,55.832377,160.385107,10.49,0.88,-100.0,2
2016-04-20 08:43:50.520000+00:00,55.835067,160.390039,10.94,0.52,-100.0,2
2016-04-20 08:44:53.130000+00:00,55.839518,160.373291,9.63,0.98,-100.0,2
2016-04-20 09:39:29.880000+00:00,55.823853,160.381722,-0.24,1.04,-100.0,2
2016-04-20 14:45:05.780000+00:00,56.15273,160.849137,24.24,1.68,-100.0,2
2016-04-20 21:04:05.380000+00:00,56.119845,160.455892,0.5,1.22,-100.0,2
2016-04-21 12:17:02.430000+00:00,55.736882,160.538216,13.43,0.8,-100.0,2
2016-04-21 15:24:05.710000+00:00,55.723201,160.457552,10.31,0.91,-0.279,2
2016-04-21 19:08:29.640000+00:00,55.71027,160.472412,8.16,0.52,-100.0,2
2016-04-21 19:39:23.100000+00:00,56.159778,160.891357,22.73,2.25,-0.254,2
2016-04-21 21:44:58.040000+00:00,56.070866,160.642204,5.41,1.21,-100.0,2
2016-04-22 06:02:17+00:00,55.65553,160.391602,12.5,0.98,-0.354,2
2016-04-22 19:20:03.040000+00:00,55.692281,160.431413,9.78,0.7,-0.418,2
2016-04-22 20:21:56.040000+00:00,56.170626,160.305941,50.91,1.38,-100.0,2
2016-04-22 21:28:11.260000+00:00,55.724504,160.391032,-2.15,1.58,-0.417,2
2016-04-22 23:12:16.440000+00:00,55.715186,160.460189,9.51,0.7,-100.0,2
2016-04-23 03:33:56.250000+00:00,56.069718,160.629232,4.72,1.45,-100.0,3
2016-04-23 03:48:42.100000+00:00,56.065674,160.626579,5.44,2.54,-1.092,3
2016-04-23 04:36:34.320000+00:00,56.074573,160.613346,16.89,1.72,-0.994,3
2016-04-23 04:45:01.540000+00:00,56.045699,160.624626,17.82,1.38,-100.0,3
2016-04-23 04:46:38.530000+00:00,56.067236,160.62832,14.14,2.17,-0.956,3
2016-04-23 05:13:09.990000+00:00,56.066394,160.627979,5.07,1.6,-0.788,3
2016-04-23 05:36:56.290000+00:00,56.060783,160.619059,-1.77,2.57,-1.073,3
2016-04-23 06:32:51.040000+00:00,56.066593,160.624772,7.94,1.34,-100.0,3
2016-04-23 06:51:58.290000+00:00,56.062781,160.630046,15.9,1.63,-0.925,3
2016-04-23 13:05:35.730000+00:00,55.803113,160.237679,21.85,1.26,-0.591,3
2016-04-23 13:07:04.810000+00:00,55.86733,160.026986,21.17,1.16,-100.0,3
2016-04-23 17:30:57.560000+00:00,55.715141,160.442448,14.37,0.76,-100.0,3
2016-04-23 23:08:27.520000+00:00,56.162354,160.836003,20.25,1.56,-0.262,3
2016-04-23 23:12:22.820000+00:00,55.729533,160.490039,0.36,0.71,-100.0,3
2016-04-24 05:43:40.030000+00:00,55.685645,160.431169,9.99,1.38,-0.207,3
2016-04-24 09:27:13.290000+00:00,55.709534,160.441683,11.13,0.72,-100.0,3
2016-04-24 13:11:51.930000+00:00,55.776957,160.517415,-1.99,2.47,-0.639,3
2016-04-24 18:01:03.120000+00:00,56.074955,160.618783,21.8,1.36,-100.0,3
2016-04-24 19:12:48.080000+00:00,56.1922,160.97653,24.15,1.49,-100.0,3
2016-04-25 01:28:01.710000+00:00,55.688477,160.437061,11.14,1.36,-0.25,3
2016-04-25 04:36:18.570000+00:00,55.697921,160.439762,10.31,0.66,-100.0,3
2016-04-25 05:11:02.130000+00:00,56.073226,160.632633,2.94,1.25,-100.0,3
2016-04-25 15:18:50.990000+00:00,56.0335,160.681787,30.49,1.56,-100.0,3
2016-04-25 21:18:13.920000+00:00,55.695496,160.379525,15.6,0.8,-100.0,3
2016-04-25 22:54:00.640000+00:00,55.763798,160.517269,0.84,0.91,-100.0,3
2016-04-26 12:27:39.280000+00:00,55.789762,160.869108,13.5,1.34,-100.0,3
2016-04-26 14:22:09.310000+00:00,55.697205,160.454053,12.63,0.84,-100.0,3
2016-04-26 15:27:17.240000+00:00,56.043746,160.625033,20.19,1.65,-100.0,3
2016-04-26 18:15:17.320000+00:00,55.721476,160.42832,15.8,1.83,-0.181,3
2016-04-26 18:29:11.200000+00:00,55.722152,160.467464,0.91,1.01,-100.0,3
2016-04-26 21:09:56.040000+00:00,55.70164,160.445996,12.49,0.63,-100.0,3
2016-04-27 04:09:25.440000+00:00,56.026453,160.821745,18.03,1.58,-100.0,3
2016-04-27 08:13:37.120000+00:00,56.16075,160.83208,19.64,1.75,-0.113,3
2016-04-27 22:51:49.960000+00:00,55.716093,160.445638,11.89,0.78,-100.0,3
2016-04-28 01:27:08.770000+00:00,55.538078,160.314925,30.8,1.68,-100.0,2
2016-04-28 03:23:28.820000+00:00,55.680884,160.376725,14.5,1.07,-0.287,2
2016-04-28 05:52:07.240000+00:00,55.696798,160.467139,11.67,0.6,-100.0,2
2016-04-28 07:15:10.130000+00:00,56.201807,160.953109,34.89,1.75,-100.0,2
2016-04-28 10:56:46.980000+00:00,56.068164,160.621582,5.05,1.47,-100.0,2
2016-04-28 12:52:57.260000+00:00,56.070036,160.635042,5.46,1.54,-100.0,2
2016-04-28 15:09:28.120000+00:00,55.828276,160.406478,4.79,0.62,-100.0,2
2016-04-28 19:01:32.640000+00:00,56.070801,160.635352,4.94,1.28,-100.0,2
2016-04-28 20:37:57.180000+00:00,56.079643,160.636003,5.41,1.29,-100.0,2
2016-04-28 21:23:52.640000+00:00,55.832536,160.496501,5.95,0.65,-100.0,2
2016-04-29 05:39:09.130000+00:00,55.540393,160.324414,14.38,0.79,-100.0,3
2016-04-29 14:25:19.230000+00:00,55.693099,160.42889,11.35,0.56,-0.328,3
2016-04-29 15:25:45.890000+00:00,55.853316,160.346403,10.68,0.74,-100.0,3
2016-04-29 15:26:46+00:00,56.071838,160.649023,27.06,1.18,-100.0,3
2016-04-29 15:40:24.940000+00:00,55.844535,160.39432,12.2,0.8,-100.0,3
2016-04-29 18:41:12.360000+00:00,56.22286,160.836719,22.83,1.94,-0.187,3
2016-04-30 03:59:04.780000+00:00,55.936007,160.880648,12.59,1.4,-100.0,3
2016-04-30 08:23:16.920000+00:00,56.075228,160.672266,15.33,1.09,-100.0,3
2016-04-30 12:32:45.630000+00:00,56.21193,160.804899,-0.85,1.88,-0.172,3
2016-04-30 12:34:06.660000+00:00,56.220532,160.842253,25.87,1.79,-100.0,3
2016-04-30 15:12:24.280000+00:00,55.850203,160.60612,29.19,1.12,-100.0,3
2016-04-30 16:43:58.570000+00:00,56.20942,160.827197,-1.99,2.65,-0.164,3
2016-04-30 17:04:31.560000+00:00,55.724276,160.464697,9.95,0.71,-100.0,3
2016-04-30 17:52:29.720000+00:00,55.810156,160.254606,22.78,1.06,-100.0,3
2016-04-30 19:07:02.640000+00:00,55.829492,160.379704,9.28,0.72,-100.0,3
2016-05-01 20:06:16.920000+00:00,55.540202,160.318132,15.62,0.51,-100.0,2
2016-05-02 18:31:43.520000+00:00,55.719063,160.452246,9.4,0.4,-100.0,3
2016-05-02 18:53:05.140000+00:00,55.707503,160.433236,6.38,0.71,-0.168,3
2016-05-03 04:19:59.090000+00:00,55.709741,160.376449,14.58,0.68,-100.0,3
2016-05-03 07:19:12.930000+00:00,56.198226,160.878743,17.91,1.12,-100.0,3
2016-05-03 10:36:11.030000+00:00,56.055505,160.671289,27.48,1.36,-0.423,3
2016-05-03 12:10:29.160000+00:00,55.689766,160.436849,9.02,1.4,-0.185,3
2016-05-03 13:32:51.700000+00:00,55.67314,160.393083,13.44,0.61,-100.0,3
2016-05-03 15:11:08.320000+00:00,55.775179,160.58846,27.36,1.18,-100.0,3
2016-05-03 15:28:55.800000+00:00,55.712077,160.46735,10.16,1.08,-0.128,3
2016-05-03 18:09:43.080000+00:00,55.925614,160.69126,9.11,1.28,-100.0,3
2016-05-03 23:49:13.800000+00:00,56.191777,160.87972,20.78,1.47,-100.0,3
2016-05-04 00:16:20.750000+00:00,56.17841,160.842187,23.55,1.73,-100.0,3
2016-05-04 11:00:27.630000+00:00,55.808614,160.502474,2.88,1.5,-0.249,3
2016-05-04 11:08:54.700000+00:00,55.803194,160.499674,-0.75,1.08,-0.29,3
2016-05-04 12:55:21.320000+00:00,55.805737,160.341064,1.82,1.17,-0.956,3
2016-05-05 02:21:13.290000+00:00,56.119027,160.892041,21.6,1.82,-100.0,3
2016-05-05 03:43:55.410000+00:00,55.80872,160.252116,22.34,1.45,-0.667,3
2016-05-05 12:53:48.740000+00:00,56.065959,160.622201,-0.4,1.46,-100.0,3
2016-05-05 18:41:40.120000+00:00,55.832747,160.38335,12.06,1.5,-0.621,3
2016-05-05 18:54:01.180000+00:00,55.844234,160.409033,15.39,1.01,-100.0,3
2016-05-05 20:25:19.060000+00:00,55.514014,160.31805,18.05,1.68,-0.157,3
2016-05-05 21:22:10.600000+00:00,55.677909,160.67959,1.37,0.93,-100.0,3
2016-05-05 22:28:48.980000+00:00,55.808948,160.500928,3.05,0.88,-100.0,3
2016-05-06 11:19:00.330000+00:00,56.222205,160.839274,22.85,1.86,-0.314,2
2016-05-06 14:37:20.400000+00:00,56.14895,160.895622,23.43,1.44,-100.0,2
2016-05-06 15:29:42.970000+00:00,55.720219,160.432113,14.71,0.64,-100.0,2
2016-05-07 16:15:34.460000+00:00,55.751339,160.376937,37.29,1.6,-0.283,3
2016-05-08 10:16:34.940000+00:00,55.612317,160.527246,10.74,0.72,-100.0,3
2016-05-08 21:45:21.520000+00:00,55.979557,160.626855,22.12,1.17,-100.0,3
2016-05-08 23:49:28.480000+00:00,55.716614,160.44598,13.99,1.0,-0.116,3
2016-05-09 02:50:19.970000+00:00,55.69788,160.468359,8.83,0.86,-0.229,3
2016-05-09 03:10:58.170000+00:00,55.826107,160.381917,0.07,1.47,-0.233,3
2016-05-09 08:43:05.800000+00:00,55.709395,160.435677,13.74,0.96,-100.0,3
2016-05-09 17:01:28.320000+00:00,55.676367,160.155811,18.74,0.76,-100.0,3
2016-05-09 17:43:24.840000+00:00,55.823409,160.379199,0.26,1.22,-0.412,3
2016-05-09 19:24:01.240000+00:00,55.715804,160.482715,9.32,0.89,-100.0,3
2016-05-09 20:27:57.480000+00:00,56.030212,160.297103,5.37,1.47,-0.341,3
2016-05-09 20:33:12.480000+00:00,56.071375,160.632422,5.42,1.46,-100.0,3
2016-05-09 20:46:10.460000+00:00,56.029032,160.293457,5.32,1.43,-0.195,3
2016-05-10 06:46:47.230000+00:00,55.714604,160.452197,10.78,0.69,-100.0,3
2016-05-10 17:35:39.640000+00:00,55.724386,160.464063,7.92,0.73,-0.424,3
2016-05-10 21:07:44.820000+00:00,55.715885,160.506885,10.3,0.77,-0.341,3
2016-05-11 01:49:32.040000+00:00,55.708289,160.932324,24.58,0.99,-100.0,3
2016-05-11 16:00:27.300000+00:00,55.830221,160.379476,2.96,2.28,-0.768,3
2016-05-11 16:01:17.610000+00:00,55.829924,160.37557,4.95,2.38,-0.602,3
2016-05-11 16:02:26.140000+00:00,55.833594,160.423226,2.17,1.96,-100.0,3
2016-05-11 16:06:22.810000+00:00,55.838538,160.390283,14.29,2.05,-0.691,3
2016-05-11 16:11:06.670000+00:00,55.837813,160.411768,16.47,1.88,-100.0,3
2016-05-11 16:11:31.870000+00:00,55.836296,160.410531,18.3,2.02,-1.072,3
2016-05-11 16:12:46.190000+00:00,55.842468,160.395589,18.0,1.82,-0.56,3
2016-05-11 16:19:30.380000+00:00,55.828467,160.37972,11.63,1.17,-100.0,3
2016-05-11 16:22:32.340000+00:00,55.837769,160.397184,15.03,1.83,-1.031,3
2016-05-11 16:25:41.380000+00:00,55.83584,160.380078,15.19,1.3,-100.0,3
2016-05-11 16:27:17.270000+00:00,55.843127,160.41748,15.65,1.31,-1.204,3
2016-05-11 16:29:30.680000+00:00,55.836336,160.392806,14.39,1.22,-1.101,3
2016-05-11 16:31:37.750000+00:00,55.839677,160.388574,15.12,1.03,-0.404,3
2016-05-11 18:01:56.280000+00:00,55.699125,160.428597,11.58,1.06,-0.201,3
2016-05-11 18:03:41.380000+00:00,55.699434,160.415381,10.12,0.32,-100.0,3
2016-05-11 18:34:51.480000+00:00,55.822782,160.41359,7.76,0.8,-100.0,3
2016-05-11 18:35:41.480000+00:00,55.79471,160.326253,0.38,0.61,-100.0,3
2016-05-12 00:07:28.020000+00:00,56.167692,160.816748,15.61,1.78,-0.125,3
2016-05-12 00:45:25.340000+00:00,56.175586,160.79388,-1.02,2.01,-0.106,3
2016-05-12 00:47:55.180000+00:00,56.161556,160.847461,21.52,1.4,-100.0,3
2016-05-12 00:48:09.730000+00:00,56.291748,160.907064,38.19,1.66,-100.0,3
2016-05-12 00:56:59.860000+00:00,56.171415,160.828711,23.02,1.59,-100.0,3
2016-05-12 08:19:55.060000+00:00,55.718327,160.351676,16.03,0.63,-0.363,3
2016-05-12 09:44:11.690000+00:00,55.663932,160.606348,6.57,1.21,-0.099,3
2016-05-12 18:01:14.020000+00:00,55.811092,160.290658,8.05,0.45,-100.0,3
2016-05-12 18:07:19.920000+00:00,55.824967,160.378727,-1.25,0.81,-100.0,3
2016-05-12 18:09:24.760000+00:00,55.832222,160.380127,3.21,1.16,-1.266,3
2016-05-12 18:10:06.380000+00:00,55.836161,160.380778,-0.04,1.1,-100.0,3
2016-05-12 18:11:13.420000+00:00,55.829667,160.383577,3.77,1.37,-1.036,3
2016-05-12 18:13:35.160000+00:00,55.845109,160.381217,7.69,1.22,-1.218,3
2016-05-12 18:14:52.820000+00:00,55.829395,160.378776,4.86,1.26,-1.029,3
2016-05-12 18:15:47.560000+00:00,55.829508,160.388021,4.96,1.16,-1.17,3
2016-05-12 18:22:27.700000+00:00,55.831059,160.351693,5.96,0.86,-0.935,3
2016-05-12 18:24:01.760000+00:00,55.836776,160.37085,7.44,1.29,-0.826,3
2016-05-12 18:25:31.300000+00:00,55.836466,160.384863,8.76,1.41,-0.311,3
2016-05-12 18:26:53.160000+00:00,55.897424,160.332992,12.31,1.03,-0.573,3
2016-05-12 18:31:07.140000+00:00,55.834993,160.405257,13.55,0.96,-100.0,3
2016-05-12 18:31:52.040000+00:00,55.837903,160.381396,12.58,1.32,-0.913,3
2016-05-12 18:33:02.540000+00:00,55.836584,160.388753,12.8,1.33,-100.0,3
2016-05-12 18:33:44.360000+00:00,55.840645,160.387581,13.72,1.08,-100.0,3
2016-05-12 18:35:10+00:00,55.837122,160.378223,13.13,1.06,-0.691,3
2016-05-12 18:37:24.500000+00:00,55.832532,160.369385,17.35,1.13,-0.684,3
2016-05-12 18:39:58.320000+00:00,55.855908,160.365918,14.41,0.82,-100.0,3
2016-05-12 18:41:37.560000+00:00,55.832251,160.372738,15.99,1.1,-0.844,3
2016-05-13 06:15:00.670000+00:00,55.706934,160.50223,13.65,0.66,-100.0,3
2016-05-14 18:14:34.120000+00:00,55.617594,160.457422,3.89,0.76,-100.0,3
2016-05-14 19:21:27.900000+00:00,55.714762,160.917301,24.07,1.1,-100.0,3
2016-05-14 23:32:54.540000+00:00,55.692399,160.439518,12.33,0.8,-100.0,3
2016-05-15 05:56:04.660000+00:00,56.037223,160.537191,33.46,1.78,-100.0,3
2016-05-15 11:57:53.310000+00:00,55.732808,160.48431,0.65,0.71,-100.0,3
2016-05-15 12:53:12.670000+00:00,55.636861,160.414795,5.59,0.34,-100.0,3
2016-05-15 14:05:53.720000+00:00,55.678825,160.406934,14.19,0.62,-100.0,3
2016-05-15 19:16:27.420000+00:00,55.693966,160.547591,16.74,0.84,-100.0,3
2016-05-15 21:20:13.240000+00:00,55.690059,160.416846,12.49,0.63,-100.0,3
2016-05-16 02:17:57.540000+00:00,55.703056,160.437467,10.2,1.38,-0.172,3
2016-05-16 03:22:42.090000+00:00,55.720032,160.452035,10.49,0.75,-100.0,3
2016-05-16 03:30:24.230000+00:00,55.683162,160.485661,13.43,0.73,-100.0,3
2016-05-16 20:33:07.700000+00:00,55.685376,160.401335,15.4,0.76,-100.0,3
2016-05-16 23:48:29.840000+00:00,55.826676,160.378792,-0.02,1.09,-100.0,3
2016-05-17 06:46:43.850000+00:00,56.055603,160.586198,31.68,1.62,-0.867,3
2016-05-17 11:13:04.770000+00:00,55.709611,160.446549,9.38,0.52,-100.0,3
2016-05-17 13:45:06.690000+00:00,56.151591,160.882666,26.42,1.97,-100.0,3
2016-05-17 17:47:24.040000+00:00,55.717696,160.392773,13.23,0.64,-100.0,3
2016-05-17 18:16:55.280000+00:00,55.691337,160.525423,7.57,2.62,-0.325,3
2016-05-17 18:19:46.520000+00:00,55.691276,160.524609,7.54,0.91,-100.0,3
2016-05-17 18:20:28.560000+00:00,55.684688,160.524414,7.48,2.63,-0.301,3
2016-05-17 18:53:51.680000+00:00,55.692749,160.525049,7.28,0.88,-100.0,3
2016-05-17 19:11:34.300000+00:00,55.691321,160.524137,7.83,1.4,-0.128,3
2016-05-17 19:33:56.260000+00:00,55.693306,160.527881,1.44,0.67,-100.0,3
2016-05-17 21:55:05.580000+00:00,55.656519,160.505827,5.72,1.03,-0.064,3
2016-05-17 23:25:55.760000+00:00,56.221029,160.829801,23.21,1.41,-100.0,3
2016-05-17 23:59:45.700000+00:00,56.237219,160.854834,24.15,1.71,-100.0,3
2016-05-18 05:47:54.430000+00:00,55.710514,160.447119,8.48,1.52,-0.202,2
2016-05-18 07:21:10.840000+00:00,55.711772,160.450553,7.41,0.91,-0.35,2
2016-05-18 12:32:01.350000+00:00,55.665255,160.544678,8.05,0.69,-100.0,2
2016-05-18 21:10:44.980000+00:00,55.709351,160.402995,15.58,0.82,-100.0,2
2016-05-19 01:22:43.210000+00:00,55.645593,160.745768,4.1,2.53,-0.318,2
2016-05-19 06:06:56.010000+00:00,55.791378,160.329264,1.27,1.32,-100.0,2
2016-05-19 06:21:38.490000+00:00,55.708195,160.450618,11.8,0.9,-0.339,2
2016-05-19 09:48:06.620000+00:00,55.696334,160.395833,13.5,1.44,-0.276,2
2016-05-19 11:50:00.080000+00:00,56.095353,160.68208,26.99,1.64,-0.276,2
2016-05-19 19:51:37.420000+00:00,55.942851,160.98859,19.12,2.0,-0.38,2
2016-05-19 23:12:52.060000+00:00,55.693034,160.435384,7.32,1.56,-0.18,2
2016-05-20 00:34:45.110000+00:00,55.962244,160.883496,14.45,1.35,0.03,3
2016-05-20 02:35:55.590000+00:00,55.715234,160.436361,11.21,0.81,-100.0,3
2016-05-20 03:00:03.140000+00:00,55.707898,160.453516,6.46,1.3,-0.085,3
2016-05-20 04:48:38.910000+00:00,55.699048,160.458529,-0.32,0.85,-100.0,3
2016-05-20 08:34:19.030000+00:00,55.961808,160.88488,14.16,1.95,-0.236,3
2016-05-20 09:19:02.790000+00:00,55.95922,160.849691,15.29,1.11,-100.0,3
2016-05-20 13:30:38.380000+00:00,55.882202,160.174805,17.62,1.89,-0.055,3
2016-05-20 16:04:01.090000+00:00,55.691606,160.450911,11.38,1.6,-0.649,3
2016-05-20 21:19:58.320000+00:00,56.080839,160.684961,28.08,1.17,-100.0,3
2016-05-21 06:43:15.400000+00:00,55.727531,160.426872,11.83,1.04,-0.242,3
2016-05-21 11:28:09.440000+00:00,55.957361,160.852913,15.46,1.15,-100.0,3
2016-05-21 11:40:28.360000+00:00,56.052714,160.6021,30.86,1.83,-0.863,3
2016-05-21 14:54:18.160000+00:00,55.955278,160.834977,15.11,1.33,-100.0,3
2016-05-21 20:42:09.640000+00:00,55.70835,160.439469,10.06,2.58,-0.22,3
2016-05-22 00:38:12.740000+00:00,55.718713,160.425651,9.41,1.65,-0.169,3
2016-05-22 07:35:44.740000+00:00,55.7071,160.438639,10.68,1.51,-0.229,3
2016-05-22 09:03:22.740000+00:00,55.72821,160.470573,-0.33,0.78,-100.0,3
2016-05-22 13:30:06.390000+00:00,55.790059,160.482292,18.97,0.95,-100.0,3
2016-05-22 16:06:12.190000+00:00,55.854724,160.575993,16.05,1.01,-100.0,3
2016-05-23 00:23:23.920000+00:00,55.818241,160.566927,13.95,0.49,-100.0,3
2016-05-23 06:19:47.570000+00:00,55.833789,160.383138,2.94,0.7,-0.841,3
2016-05-23 06:21:47.700000+00:00,55.83149,160.38903,3.41,0.52,-100.0,3
2016-05-23 06:22:20.120000+00:00,55.828564,160.384798,4.4,0.72,-0.63,3
2016-05-23 06:22:46.370000+00:00,55.825041,160.385173,4.06,0.85,-0.621,3
2016-05-23 06:28:07.200000+00:00,55.827311,160.378646,5.17,0.72,-0.622,3
2016-05-23 06:40:57.190000+00:00,55.840438,160.371143,8.96,0.21,-100.0,3
2016-05-23 06:45:12.980000+00:00,55.828019,160.397445,11.5,0.54,-100.0,3
2016-05-23 06:45:49.250000+00:00,55.774504,160.401156,3.71,0.31,-100.0,3
2016-05-23 06:46:42.390000+00:00,55.833793,160.379736,11.43,0.39,-100.0,3
2016-05-23 06:49:07.750000+00:00,55.834208,160.385384,9.69,0.78,-100.0,3
2016-05-23 06:50:01.660000+00:00,55.838127,160.39668,11.1,0.83,-100.0,3
2016-05-23 06:51:39.350000+00:00,55.838017,160.376367,11.39,0.44,-100.0,3
2016-05-23 06:53:18.410000+00:00,55.841642,160.397266,11.29,0.93,-0.541,3
2016-05-23 07:05:56.470000+00:00,55.867989,160.384668,15.02,0.47,-100.0,3
2016-05-23 08:54:47.990000+00:00,56.073356,160.6104,16.92,1.93,-0.077,3
2016-05-23 10:20:09.270000+00:00,55.827783,160.377555,2.6,0.34,-0.838,3
2016-05-23 10:20:48.970000+00:00,55.829045,160.387923,3.39,0.27,-100.0,3
2016-05-23 10:30:46.460000+00:00,55.833211,160.379264,6.16,0.47,-0.701,3
2016-05-23 10:59:21.710000+00:00,55.841199,160.378971,16.3,0.54,-100.0,3
2016-05-23 13:11:12.790000+00:00,55.806612,160.327083,1.08,0.1,-100.0,3
2016-05-23 13:11:31.980000+00:00,55.800126,160.331006,0.78,0.26,-100.0,3
2016-05-23 13:34:00.970000+00:00,55.863639,160.346615,9.36,0.03,-100.0,3
2016-05-23 15:00:46.170000+00:00,55.71674,160.462419,-0.49,0.61,-100.0,3
2016-05-23 16:12:21.440000+00:00,56.053971,160.607552,31.44,1.17,-0.839,3
2016-05-23 16:37:46.230000+00:00,55.542916,160.290625,15.26,1.24,-0.006,3
2016-05-23 17:46:12.920000+00:00,55.719145,160.448031,10.97,0.68,-100.0,3
2016-05-23 17:51:35.400000+00:00,55.720479,160.448633,11.27,1.23,-0.192,3
2016-05-23 20:00:43.020000+00:00,56.155603,160.872998,28.62,1.29,-100.0,3
2016-05-23 20:21:51.040000+00:00,56.208191,160.881803,27.71,1.54,-100.0,3
2016-05-24 02:55:28.980000+00:00,55.732227,160.569596,9.98,0.41,-100.0,3
2016-05-24 03:14:33.430000+00:00,55.84283,160.372038,10.88,0.76,-0.053,3
2016-05-24 04:45:59.210000+00:00,56.060795,160.613542,-1.54,0.94,-100.0,3
2016-05-24 05:55:33.120000+00:00,56.06838,160.623747,38.55,1.58,-0.926,3
2016-05-24 06:54:27.610000+00:00,55.827531,160.368392,0.99,0.53,-100.0,3
2016-05-24 07:54:39.020000+00:00,55.834741,160.378711,11.05,0.59,-100.0,3
2016-05-24 12:38:07.400000+00:00,55.676998,160.398128,13.15,0.49,-100.0,3
2016-05-24 16:48:03.250000+00:00,55.797302,160.324072,0.55,0.26,-100.0,3
2016-05-24 17:07:43.380000+00:00,56.122282,160.455518,0.23,0.98,-100.0,3
2016-05-24 19:13:58.640000+00:00,55.701444,160.450716,8.07,0.95,-0.429,3
2016-05-24 19:39:26.120000+00:00,55.835868,160.549495,18.21,0.5,-100.0,3
2016-05-25 09:46:25.070000+00:00,56.133744,160.29126,47.39,1.52,-100.0,3
2016-05-25 14:58:50.630000+00:00,56.06637,160.500895,31.21,1.49,-0.826,3
2016-05-25 16:51:55+00:00,55.826778,160.38055,-1.03,0.41,-100.0,3
2016-05-25 17:15:27.420000+00:00,55.841154,160.379248,12.13,0.57,-0.284,3
2016-05-25 18:24:16.220000+00:00,56.068644,160.591195,20.7,1.18,-100.0,3
2016-05-26 07:28:18.670000+00:00,56.194324,160.855745,-2.18,0.81,-100.0,3
2016-05-26 10:25:13.280000+00:00,56.068498,160.629069,5.9,1.3,-100.0,3
2016-05-26 16:23:04.700000+00:00,55.718876,160.439046,15.56,1.47,-0.042,3
2016-05-26 17:54:57.680000+00:00,55.67666,160.466715,7.27,0.71,-100.0,3
2016-05-26 20:15:58.360000+00:00,56.06217,160.647184,6.16,1.01,-0.783,3
2016-05-26 20:22:41.080000+00:00,55.829114,160.31709,1.71,0.55,-100.0,3
2016-05-26 22:27:17.320000+00:00,55.827275,160.37627,0.76,0.97,-1.171,3
2016-05-26 22:41:21.480000+00:00,55.828923,160.384961,3.03,0.65,-0.587,3
2016-05-26 22:44:51.920000+00:00,55.839124,160.372038,3.82,0.47,-100.0,3
2016-05-26 22:53:22.760000+00:00,55.836108,160.376514,9.32,0.29,-100.0,3
2016-05-26 23:03:04.920000+00:00,55.838257,160.389388,13.54,0.79,-100.0,3
2016-05-27 01:34:24.300000+00:00,56.071456,160.637174,8.07,1.34,-100.0,3
2016-05-27 02:58:37.110000+00:00,56.072738,160.640674,6.52,1.26,-100.0,3
2016-05-27 03:59:13.170000+00:00,56.062118,160.640951,-0.12,1.03,-0.446,3
2016-05-27 05:40:42.840000+00:00,56.04978,160.605664,29.42,1.59,-0.656,3
2016-05-27 08:12:52.620000+00:00,56.089372,160.651807,11.25,0.92,-100.0,3
2016-05-27 12:28:42.380000+00:00,55.844108,160.422559,10.79,0.4,-100.0,3
2016-05-27 12:30:37.640000+00:00,55.843502,160.403174,12.5,0.72,-100.0,3
2016-05-27 22:15:09.340000+00:00,56.030221,160.603825,31.99,1.42,-0.808,3
2016-05-27 22:24:31.300000+00:00,56.060173,160.612451,36.1,1.24,-0.772,3
2016-05-28 07:37:57.630000+00:00,55.95601,160.871338,15.68,1.7,0.308,3
2016-05-28 07:48:17.750000+00:00,56.062598,160.619873,-1.31,1.26,-100.0,3
2016-05-28 08:51:53.840000+00:00,55.691711,160.408561,15.42,1.39,-0.092,3
2016-05-28 09:23:16.410000+00:00,56.154435,160.689925,22.71,1.98,-100.0,3
2016-05-28 09:37:45.350000+00:00,56.059298,160.615234,32.67,1.5,-0.76,3
2016-05-28 11:43:59.580000+00:00,55.957788,160.885775,13.41,1.15,-100.0,3
2016-05-28 14:21:43.300000+00:00,55.713253,160.451888,5.67,1.25,-0.204,3
2016-05-28 16:54:31.830000+00:00,55.836161,160.369515,10.01,0.55,-100.0,3
2016-05-29 01:38:52.110000+00:00,55.723055,160.458561,10.69,1.19,-0.147,3
2016-05-29 02:59:02.140000+00:00,56.110258,160.699072,20.34,1.42,-100.0,3
2016-05-29 09:23:24.550000+00:00,56.246289,160.835938,29.59,1.71,0.042,3
2016-05-29 12:07:12.610000+00:00,55.724805,160.597119,6.45,0.36,-100.0,3
2016-05-29 13:54:21.190000+00:00,56.063733,160.618929,-1.3,1.49,-100.0,3
2016-05-29 15:32:18.170000+00:00,56.03835,160.616064,34.02,1.52,-0.776,3
2016-05-29 15:56:56.930000+00:00,56.064551,160.616667,-1.5,1.63,-0.705,3
2016-05-29 17:09:51.520000+00:00,55.712602,160.451058,16.47,0.88,-100.0,3
2016-05-29 17:54:03.520000+00:00,56.14303,160.313867,45.2,1.62,-100.0,3
2016-05-30 07:22:49.510000+00:00,55.704419,160.438542,10.13,1.25,-0.269,2
2016-05-30 09:11:00.420000+00:00,55.75601,160.458984,7.71,0.86,-100.0,2
2016-05-30 09:12:42.460000+00:00,55.694283,160.417448,14.59,0.99,-100.0,2
2016-05-30 12:12:12.760000+00:00,55.67854,160.429801,14.23,0.75,-100.0,2
2016-05-30 13:53:18.910000+00:00,55.730998,160.483968,7.32,0.76,-100.0,2
2016-05-30 14:22:53.180000+00:00,56.064994,160.630257,-0.77,1.54,-100.0,2
2016-05-30 16:51:16.280000+00:00,56.05931,160.613672,31.89,1.62,-0.789,2
2016-05-30 21:58:03.680000+00:00,55.666093,160.393604,14.21,0.69,-100.0,2
2016-05-31 08:21:46.910000+00:00,55.703288,160.44266,10.52,2.58,-0.199,2
2016-05-31 15:39:53.330000+00:00,55.835417,160.501237,5.69,1.16,-0.278,2
2016-05-31 19:12:39.960000+00:00,55.804574,160.606413,28.65,1.18,-100.0,2
2016-05-31 23:40:51.160000+00:00,55.697896,160.167432,10.41,1.52,0.122,2
2016-06-01 01:09:53.050000+00:00,55.661292,160.137695,25.05,1.18,-100.0,2
2016-06-01 02:19:04.320000+00:00,55.627909,160.441846,6.98,0.7,-0.18,2
2016-06-01 11:10:09.150000+00:00,55.712988,160.457048,10.57,1.28,-0.045,2
2016-06-01 11:39:53.600000+00:00,56.057149,160.608643,30.62,1.58,-1.057,2
2016-06-01 12:49:30.530000+00:00,55.789181,160.348161,0.68,0.73,-100.0,2
2016-06-01 12:58:49.300000+00:00,55.828923,160.382682,4.82,0.76,-100.0,2
2016-06-01 13:09:57.470000+00:00,55.842476,160.37679,7.65,0.81,-100.0,2
2016-06-01 13:22:24.390000+00:00,55.823905,160.390202,11.35,0.62,-100.0,2
2016-06-01 13:31:19.530000+00:00,55.829671,160.361751,15.27,0.53,-100.0,2
2016-06-01 16:59:07.520000+00:00,56.054329,160.571322,4.47,0.84,-100.0,2
2016-06-01 21:18:12.220000+00:00,55.696155,160.359619,15.18,0.71,-100.0,2
2016-06-01 23:05:27.280000+00:00,56.062093,160.627132,-1.23,1.68,-100.0,2
2016-06-01 23:07:32.320000+00:00,55.713875,160.534196,12.22,1.96,-100.0,2
2016-06-02 01:11:13.740000+00:00,55.684302,160.604346,4.72,1.11,-0.119,3
2016-06-02 05:14:19.100000+00:00,55.708891,160.481283,-0.51,1.0,-100.0,3
2016-06-02 09:49:59.160000+00:00,55.857048,160.260465,30.14,1.54,-0.266,3
2016-06-02 13:17:59.390000+00:00,55.705245,160.466878,8.69,0.64,-100.0,3
2016-06-02 13:28:49.710000+00:00,55.720492,160.508708,6.4,0.83,-100.0,3
2016-06-02 14:52:05.780000+00:00,55.644816,160.444906,9.66,1.21,-0.031,3
2016-06-03 00:44:47.530000+00:00,55.990914,160.796794,14.7,1.46,-100.0,2
2016-06-04 11:29:50.750000+00:00,55.704858,160.434082,12.16,1.15,-0.168,2
2016-06-04 12:50:58.300000+00:00,55.7099,160.437305,11.56,1.12,-0.18,2
2016-06-04 16:11:41.490000+00:00,56.063208,160.61779,-1.68,1.21,-100.0,2
2016-06-05 02:07:13.840000+00:00,55.679667,160.468766,11.55,1.02,-100.0,3
2016-06-05 08:54:41.790000+00:00,55.613155,160.439063,7.48,2.83,-0.349,3
2016-06-05 09:29:10.760000+00:00,55.828328,160.378532,0.11,1.41,-0.247,3
2016-06-05 16:35:33.970000+00:00,55.787956,160.511898,16.83,2.15,-1.359,3
2016-06-05 18:34:12.840000+00:00,56.064889,160.637288,-0.34,0.99,-100.0,3
2016-06-06 04:01:42.170000+00:00,56.067407,160.627718,5.79,1.13,-100.0,3
2016-06-06 11:51:16.980000+00:00,55.62109,160.42762,9.81,1.38,-0.26,3
2016-06-06 16:42:18.490000+00:00,56.076575,160.627832,6.03,1.17,-100.0,3
2016-06-06 17:27:37.160000+00:00,55.711947,160.435335,9.19,1.4,-0.176,3
2016-06-06 18:19:21.340000+00:00,56.057576,160.61901,35.04,1.09,-100.0,3
2016-06-06 22:13:46.360000+00:00,55.622896,160.519255,28.4,0.7,-100.0,3
2016-06-07 05:45:03.550000+00:00,55.821464,160.380908,1.05,0.9,-1.114,2
2016-06-07 07:14:02.930000+00:00,55.627258,160.543311,25.4,1.39,-100.0,2
2016-06-07 13:23:47.160000+00:00,55.839872,160.383317,1.98,0.88,-0.828,2
2016-06-07 13:35:54.460000+00:00,55.821,160.389958,6.19,0.67,-100.0,2
2016-06-07 13:37:56.370000+00:00,55.827572,160.38776,5.82,0.66,-100.0,2
2016-06-07 13:59:25.600000+00:00,55.810461,160.386784,9.54,0.42,-100.0,2
2016-06-07 14:00:04.650000+00:00,55.838236,160.39043,11.72,0.69,-0.79,2
2016-06-07 14:04:22.010000+00:00,55.846407,160.409961,13.3,0.45,-0.574,2
2016-06-08 10:56:41.720000+00:00,56.160502,160.903499,22.55,1.66,0.053,3
2016-06-08 18:50:19.840000+00:00,56.090601,160.631885,5.37,1.42,-100.0,3
2016-06-08 20:20:56.960000+00:00,55.715983,160.43348,14.78,0.84,-100.0,3
2016-06-09 03:23:32.760000+00:00,55.708028,160.452035,8.97,3.07,-0.257,3
2016-06-09 03:57:40.420000+00:00,55.822119,160.374821,0.78,1.15,-100.0,3
2016-06-09 05:28:33.290000+00:00,55.823881,160.368327,0.46,0.5,-100.0,3
2016-06-09 08:37:24.310000+00:00,55.691785,160.472835,9.25,0.83,-0.209,3
2016-06-09 08:56:39.600000+00:00,55.715796,160.449756,11.79,0.92,-0.101,3
2016-06-09 09:25:15.860000+00:00,56.093209,160.654362,31.14,1.67,-100.0,3
2016-06-09 09:55:37.520000+00:00,55.702897,160.455485,9.88,0.57,-100.0,3
2016-06-09 15:31:53.430000+00:00,56.055701,160.615234,33.31,1.59,-0.983,3
2016-06-09 17:08:02.760000+00:00,55.783199,160.307747,1.25,0.19,-100.0,3
2016-06-09 17:18:03.600000+00:00,55.718966,160.436979,15.82,0.99,-100.0,3
2016-06-09 17:40:10.920000+00:00,55.715039,160.435579,14.09,1.14,-0.115,3
2016-06-09 19:04:21.600000+00:00,55.709993,160.438883,8.16,0.6,-100.0,3
2016-06-09 20:43:12.140000+00:00,55.814884,160.324056,12.7,0.82,-100.0,3
2016-06-09 23:46:09+00:00,55.712231,160.435205,14.16,0.86,-0.118,3
2016-06-10 02:11:40.870000+00:00,55.709989,160.447201,9.52,0.87,-100.0,3
2016-06-10 09:00:14.440000+00:00,56.291121,160.890446,36.88,2.07,-100.0,3
2016-06-10 09:47:39.270000+00:00,55.719214,160.432178,9.97,0.82,-100.0,3
2016-06-10 10:23:42.350000+00:00,56.069596,160.62583,-1.1,1.88,-100.0,3
2016-06-10 13:05:57.470000+00:00,55.705241,160.403011,15.3,0.83,-100.0,3
2016-06-10 15:46:23.020000+00:00,55.685685,160.434961,12.0,1.22,-0.144,3
2016-06-11 14:22:26.580000+00:00,55.71947,160.442057,10.11,1.43,-0.123,3
2016-06-11 15:33:00.470000+00:00,55.690413,160.393896,14.93,0.9,-100.0,3
2016-06-11 18:17:12.400000+00:00,56.031071,160.876221,19.49,1.65,-100.0,3
2016-06-12 09:06:01.010000+00:00,56.116414,160.755924,23.73,2.15,-0.062,3
2016-06-12 09:07:50.650000+00:00,56.070089,160.645199,1.84,1.62,-100.0,3
2016-06-12 13:44:26.220000+00:00,56.003389,160.9111,56.36,1.72,-0.019,3
2016-06-12 15:45:55.330000+00:00,56.064201,160.625179,-0.03,1.07,-0.974,3
2016-06-12 22:11:38.880000+00:00,56.058508,160.624463,-0.1,1.43,-100.0,3
2016-06-13 16:03:48.420000+00:00,55.811715,160.239941,23.71,1.06,-0.23,3
2016-06-13 19:21:25.960000+00:00,55.661869,160.954622,16.82,1.83,-100.0,3
2016-06-13 20:51:54.920000+00:00,55.696745,160.452734,6.55,1.37,-0.124,3
2016-06-13 22:05:27.300000+00:00,55.697595,160.449398,10.56,0.94,-0.141,3
2016-06-13 22:08:21.240000+00:00,56.066528,160.625309,-0.12,1.24,-100.0,3
2016-06-14 03:01:55.020000+00:00,55.812854,160.506217,4.57,1.5,-0.26,3
2016-06-14 07:36:08.170000+00:00,55.83818,160.388395,0.63,0.61,-100.0,3
2016-06-14 12:27:33.050000+00:00,55.828687,160.352393,0.54,0.11,-100.0,3
2016-06-14 12:45:48.700000+00:00,56.072693,160.63387,-0.19,1.29,-100.0,3
2016-06-15 02:05:10.950000+00:00,56.064958,160.623747,4.28,1.36,-100.0,3
2016-06-15 13:35:37.720000+00:00,55.613184,160.440202,7.3,2.11,-0.293,3
2016-06-15 20:07:35.820000+00:00,56.064697,160.660807,-0.31,1.41,-0.768,3
2016-06-16 13:48:19.330000+00:00,55.707255,160.456641,6.43,1.1,-0.053,3
2016-06-16 17:42:30.880000+00:00,55.544234,160.32028,16.68,0.77,-100.0,3
2016-06-16 22:23:59.720000+00:00,55.786568,160.261833,13.61,0.96,-100.0,3
2016-06-16 22:37:17.520000+00:00,55.822017,160.371484,0.44,0.87,-100.0,3
2016-06-16 22:45:43.100000+00:00,55.821647,160.409082,4.76,0.83,-100.0,3
2016-06-17 05:22:00.210000+00:00,56.17238,160.903662,23.58,2.23,0.07,3
2016-06-17 06:18:51.650000+00:00,55.720654,160.126302,14.75,1.45,-0.145,3
2016-06-17 17:51:09.880000+00:00,55.719568,160.113363,12.88,1.26,-0.07,3
2016-06-17 18:10:10.740000+00:00,55.843909,160.333008,10.54,0.97,-100.0,3
2016-06-17 19:59:13.700000+00:00,55.7639,160.249512,1.57,1.21,-0.933,3
2016-06-18 00:48:27.890000+00:00,56.123572,160.716732,25.3,1.57,-100.0,3
2016-06-18 00:53:52.180000+00:00,55.705827,160.442611,12.9,0.71,-100.0,3
2016-06-18 23:31:11.600000+00:00,55.673389,160.445312,11.54,1.38,-0.173,3
2016-06-19 00:35:13.680000+00:00,56.060767,160.637728,0.05,1.84,-100.0,3
2016-06-19 03:53:25.700000+00:00,56.060742,160.605339,16.5,1.73,-100.0,3
2016-06-19 19:48:03.900000+00:00,56.05459,160.585905,-1.92,1.8,-100.0,3
2016-06-20 00:22:19.840000+00:00,56.061023,160.631445,-0.26,1.37,-100.0,3
2016-06-20 03:38:31.670000+00:00,56.07218,160.628255,5.22,1.42,-100.0,3
2016-06-20 09:55:18.210000+00:00,56.065731,160.618587,-0.79,1.32,-100.0,3
2016-06-20 15:01:42.210000+00:00,55.80223,160.367008,6.64,0.82,-100.0,3
2016-06-20 15:08:14.780000+00:00,55.82819,160.382731,7.11,0.92,-0.684,3
2016-06-21 01:23:17.390000+00:00,55.831991,160.377702,1.05,1.36,-100.0,3
2016-06-21 01:26:49.930000+00:00,55.800321,160.332894,1.31,0.9,-0.654,3
2016-06-21 01:28:57.310000+00:00,55.827165,160.37627,2.06,1.18,-100.0,3
2016-06-21 01:36:35.530000+00:00,55.808663,160.3104,0.5,2.08,-0.685,3
2016-06-21 01:57:37.790000+00:00,55.827535,160.425798,13.04,1.52,-100.0,3
2016-06-21 03:40:03.820000+00:00,55.859993,160.458073,39.74,1.05,-100.0,3
2016-06-21 04:04:50.110000+00:00,55.81486,160.380273,3.46,0.91,-0.569,3
2016-06-21 04:07:08.750000+00:00,55.834794,160.384001,1.25,0.84,-0.805,3
2016-06-21 04:08:34.080000+00:00,55.830347,160.380322,-0.05,1.05,-0.97,3
2016-06-21 04:09:39.480000+00:00,55.827498,160.383285,2.87,1.18,-0.992,3
2016-06-21 04:11:16.180000+00:00,55.836239,160.39235,2.17,0.98,-0.566,3
2016-06-21 04:26:08.050000+00:00,55.808826,160.371794,5.1,1.26,-100.0,3
2016-06-21 04:43:21.530000+00:00,55.813346,160.332894,1.07,0.77,-0.509,3
2016-06-21 05:46:29.870000+00:00,55.83007,160.376546,0.98,0.64,-100.0,3
2016-06-21 08:09:09.280000+00:00,56.070406,160.63125,-0.21,1.63,-100.0,3
2016-06-21 10:57:28+00:00,55.695923,160.424023,12.8,1.39,-0.156,3
2016-06-21 10:58:14.580000+00:00,55.687305,160.380632,10.59,1.04,-100.0,3
2016-06-21 11:07:56.500000+00:00,55.711271,160.399707,11.36,1.12,-100.0,3
2016-06-21 11:07:57.800000+00:00,55.696326,160.415885,10.34,1.09,-100.0,3
2016-06-21 13:35:02.150000+00:00,56.224605,160.837207,23.04,2.12,-0.035,3
2016-06-21 15:21:25.020000+00:00,55.95201,160.881787,16.3,1.65,-100.0,3
2016-06-21 16:27:39.920000+00:00,55.828345,160.342969,0.41,0.34,-100.0,3
2016-06-21 16:44:16.550000+00:00,55.70531,160.418652,11.43,1.24,-100.0,3
2016-06-22 08:05:47.850000+00:00,55.74987,160.661035,25.51,1.75,-0.164,3
2016-06-22 15:21:26.690000+00:00,55.830005,160.384749,5.28,1.14,-0.714,3
2016-06-22 15:27:25.820000+00:00,55.832625,160.389893,6.02,0.71,-0.359,3
2016-06-22 17:05:42.720000+00:00,55.602584,160.325195,12.78,1.61,-0.201,3
2016-06-23 06:21:04.730000+00:00,56.060669,160.628353,-1.53,1.56,-100.0,3
2016-06-23 08:03:47.090000+00:00,55.709969,160.403792,13.91,1.3,0.127,3
2016-06-23 20:23:09.960000+00:00,56.172152,160.818164,-0.84,1.83,0.077,3
2016-06-24 13:26:35.260000+00:00,55.834155,160.356217,1.24,0.16,-100.0,3
2016-06-24 14:31:09.420000+00:00,56.192896,160.779004,25.96,2.65,-0.059,3
2016-06-24 21:18:42.660000+00:00,55.817126,160.498714,4.4,1.32,-0.09,3
2016-06-25 16:09:10.600000+00:00,55.706177,160.433447,13.05,1.76,-0.104,3
2016-06-25 16:39:48.750000+00:00,56.113139,160.697119,29.01,1.91,-100.0,3
2016-06-26 19:50:06.440000+00:00,55.695467,160.428239,12.59,1.54,-0.089,2
2016-06-28 16:18:33.100000+00:00,56.057772,160.621305,-0.99,1.34,-100.0,3
2016-06-28 22:40:50.960000+00:00,55.919238,160.687663,9.22,1.3,-100.0,3
2016-06-29 17:58:28.620000+00:00,56.072078,160.629557,4.73,1.42,-100.0,3
2016-06-29 21:08:32.440000+00:00,55.813477,160.236328,23.92,1.41,-0.571,3
2016-06-29 21:09:48.460000+00:00,55.816553,160.256624,25.24,1.76,-1.057,3
2016-07-01 01:52:30.950000+00:00,55.831763,160.383675,0.58,0.9,-100.0,2
2016-07-01 01:56:34.480000+00:00,55.828544,160.38265,0.96,1.25,-1.009,2
2016-07-01 01:57:44.980000+00:00,55.825854,160.369222,1.09,1.15,-0.618,2
2016-07-01 02:00:21.220000+00:00,55.798283,160.345654,0.98,0.98,-0.814,2
2016-07-01 02:04:43.440000+00:00,55.835608,160.388151,3.51,1.14,-0.833,2
2016-07-01 02:05:22.590000+00:00,55.831152,160.381852,3.81,1.28,-1.034,2
2016-07-01 02:09:43.660000+00:00,55.79989,160.346663,0.6,1.23,-0.719,2
2016-07-01 02:11:16.530000+00:00,55.847355,160.390902,5.55,1.45,-100.0,2
2016-07-01 02:12:05.030000+00:00,55.825525,160.391911,5.93,0.99,-100.0,2
2016-07-01 02:15:06.230000+00:00,55.813021,160.33042,0.96,1.13,-100.0,2
2016-07-01 02:25:06.480000+00:00,55.802254,160.354378,0.48,0.69,-100.0,2
2016-07-01 02:28:03.660000+00:00,55.835608,160.395394,11.42,1.07,-100.0,2
2016-07-01 02:31:15.300000+00:00,55.835331,160.377734,12.41,1.07,-100.0,2
2016-07-01 06:15:55.400000+00:00,55.73514,160.441895,11.54,1.08,-100.0,2
2016-07-01 23:29:10.320000+00:00,55.713444,160.442578,14.28,1.35,-0.128,2
2016-07-02 19:33:46.180000+00:00,56.062081,160.6264,-0.68,1.32,-100.0,2
2016-07-02 19:42:43.360000+00:00,56.151485,160.903223,24.44,2.1,-100.0,2
2016-07-02 21:42:44.400000+00:00,55.665922,160.478743,5.94,1.07,-100.0,2
2016-07-02 23:17:54+00:00,55.692147,160.418294,13.86,0.99,-100.0,2
2016-07-03 14:53:03.250000+00:00,56.1613,160.838363,20.95,2.05,-100.0,3
2016-07-04 01:56:54.560000+00:00,55.732446,160.453304,-0.46,1.13,-100.0,3
2016-07-04 18:42:28.960000+00:00,55.674841,160.668441,23.17,2.67,-0.788,3
2016-07-04 21:46:56.760000+00:00,55.693648,160.434033,13.82,2.26,-0.17,3
